{"id-73540":{"title":"Adham Hoffman &#8211; UI\/X Designer","id":73540,"publish-date":1681832261,"featured-image-url":"https:\/\/websitedemos.net\/wp-content\/uploads\/2023\/04\/adham-hoffman-designer.jpg","thumbnail-image-url":"https:\/\/websitedemos.net\/wp-content\/uploads\/2023\/04\/adham-hoffman-designer-600x900.jpg","fullpage-thumbnail-image-url":"https:\/\/websitedemos.net\/wp-content\/uploads\/2023\/04\/adham-hoffman-designer-400x600.jpg","astra-site-url":"\/\/websitedemos.net\/adham-hoffman-designer-bio-02","astra-site-parent-id":3188,"astra-sites-tag":{"2924":"bio","2150":"cv","670":"designer","2297":"designer-portfolio","3173":"link-in-bio","3185":"linkin","3187":"links","3186":"linktree","3124":"personal-portfolio","444":"portfolio","2153":"resume","2212":"social-media","2163":"social-media-influencer","3012":"socialmedia","3014":"uiux","3045":"uiuxcreative","3044":"uiuxdesign"},"astra-sites-type":"free","astra-site-category":{"39":"free"},"astra-sites-template-category":{"3171":"link-in-bio","2770":"personal","2768":"portfolio"},"astra-site-page-builder":"elementor","categories":{"3427":"default","3428":"free","3191":"link-in-bio","3433":"modern","2927":"one-page","2488":"portfolio"},"required-plugins":[{"slug":"elementor","init":"elementor\/elementor.php","name":"Elementor"}],"post-status":"publish","post-content":"<!-- wp:paragraph -->\n<p>The Designer Link in Bio template is a landing page with all your essential links front and center. It\u2019s ideal for designers and developers who want to place everything in front of the visitor all at once.<\/p>\n<!-- \/wp:paragraph -->\n\n<!-- wp:paragraph -->\n<p>The design is dark, modern, and engaging and can be fully customized to fit any niche. It\u2019s easy to personalize and provides a center section for links that you can add, remove or change as you see fit. It works on any screen size too!<\/p>\n<!-- \/wp:paragraph -->\n\n<!-- wp:heading -->\n<h2>Key features of the Designer Link in Bio Template<\/h2>\n<!-- \/wp:heading -->\n\n<!-- wp:list -->\n<ul><!-- wp:list-item -->\n<li>Attractive dark link in bio template<\/li>\n<!-- \/wp:list-item -->\n\n<!-- wp:list-item -->\n<li>Can be fully customized<\/li>\n<!-- \/wp:list-item -->\n\n<!-- wp:list-item -->\n<li>Includes everything a link in bio page requires<\/li>\n<!-- \/wp:list-item -->\n\n<!-- wp:list-item -->\n<li>Fast, fully responsive, and loads quickly<\/li>\n<!-- \/wp:list-item -->\n\n<!-- wp:list-item -->\n<li>Full compatibility with leading page builders<\/li>\n<!-- \/wp:list-item --><\/ul>\n<!-- \/wp:list -->","post-excerpt":"Dark Designer Link in Bio template ideal for promoting yourself and your work","pages":{"id-73541":{"title":"Home","featured-image-url":"https:\/\/websitedemos.net\/wp-content\/uploads\/2023\/04\/adham-hoffman-designer-bio-02.jpg","thumbnail-image-url":"https:\/\/websitedemos.net\/wp-content\/uploads\/2023\/04\/adham-hoffman-designer-bio-02-600x347.jpg","astra-page-api-url":"https:\/\/websitedemos.net\/adham-hoffman-designer-bio-02\/wp-json\/wp\/v2\/pages\/7","dynamic-page":"no","astra-page-url":"\/\/websitedemos.net\/adham-hoffman-designer-bio-02\/","astra-sites-tag":{"423":"home"},"site-pages-type":"free","site-pages-page-builder":"elementor","site-pages-category":[],"site-pages-parent-category":{"61":"free"},"required-plugins":[{"slug":"elementor","init":"elementor\/elementor.php","name":"Elementor"}]}},"related-bb-template":"","related-elementor-template":"","related-gutenberg-template":"","related_ecommerce_template":"","ecommerce_parent_template":""},"id-47729":{"title":"Online Health Coach","id":47729,"publish-date":1602768883,"featured-image-url":"https:\/\/websitedemos.net\/wp-content\/uploads\/2020\/10\/online-health-coach-02-home.jpg","thumbnail-image-url":"https:\/\/websitedemos.net\/wp-content\/uploads\/2020\/10\/online-health-coach-02-home.jpg","fullpage-thumbnail-image-url":"https:\/\/websitedemos.net\/wp-content\/uploads\/2020\/10\/online-health-coach-02-home.jpg","astra-site-url":"\/\/websitedemos.net\/online-health-coach-02","astra-site-parent-id":1670,"astra-sites-tag":{"462":"courses","469":"ecourse","468":"elearning","3416":"elementor","518":"health-coach","467":"learndash","460":"learning","466":"online-courses","975":"online-learning"},"astra-sites-type":"free","astra-site-category":{"27":"business","39":"free"},"astra-sites-template-category":{"2825":"coaching","2835":"elearning","2875":"health-coach","2834":"healthcare","2880":"membership","2827":"online-course"},"astra-site-page-builder":"elementor","categories":{"3427":"default","2494":"elearning","2483":"expert-services","3428":"free"},"required-plugins":[{"slug":"elementor","init":"elementor\/elementor.php","name":"Elementor"},{"slug":"sfwd-lms","init":"sfwd-lms\/sfwd_lms.php","name":"LearnDash LMS"},{"slug":"learndash-course-grid","init":"learndash-course-grid\/learndash_course_grid.php","name":"LearnDash LMS - Course Grid"},{"slug":"wpforms-lite","init":"wpforms-lite\/wpforms.php","name":"WPForms Lite"},{"slug":"presto-player","init":"presto-player\/presto-player.php","name":"Presto Player"},{"slug":"latepoint","init":"latepoint\/latepoint.php","name":"LatePoint"},{"slug":"header-footer-elementor","init":"header-footer-elementor\/header-footer-elementor.php","name":"Ultimate Addons for Elementor Lite"}],"post-status":"publish","post-content":"<!-- wp:paragraph -->\n<p>Are you a health coach? Want to offer coaching online? Our Online Health Coach website template helps you get started today. The template has all the tools and features you need to start a full-fledged coaching business.<\/p>\n<!-- \/wp:paragraph -->\n\n<!-- wp:paragraph -->\n<p>You can create and manage courses easily thanks to the seamless integration with WordPress LMS plugins. The template allows you to include details of the trainers, student testimonials and build an email list through a newsletter subscription form.<\/p>\n<!-- \/wp:paragraph -->\n\n<!-- wp:heading -->\n<h2>Key features of the Online Health Coach template<\/h2>\n<!-- \/wp:heading -->\n\n<!-- wp:list -->\n<ul><!-- wp:list-item -->\n<li>Clean and simple design that comes with everything you need to build a coaching business<\/li>\n<!-- \/wp:list-item -->\n\n<!-- wp:list-item -->\n<li>Seamlessly integrates with popular WordPress LMS plugins<\/li>\n<!-- \/wp:list-item -->\n\n<!-- wp:list-item -->\n<li>Create courses from scratch and manage them easily through your dashboard<\/li>\n<!-- \/wp:list-item -->\n\n<!-- wp:list-item -->\n<li>Customize just about everything<\/li>\n<!-- \/wp:list-item -->\n\n<!-- wp:list-item -->\n<li>Gutenberg and page builder ready<\/li>\n<!-- \/wp:list-item --><\/ul>\n<!-- \/wp:list -->","post-excerpt":"Perfect solution for people who want to start an online health coaching business","pages":{"id-94485":{"title":"Customer Cabinet","featured-image-url":"","thumbnail-image-url":"","astra-page-api-url":"https:\/\/websitedemos.net\/online-health-coach-02\/wp-json\/wp\/v2\/pages\/25361","dynamic-page":"no","astra-page-url":"\/\/websitedemos.net\/online-health-coach-02\/customer-cabinet\/","astra-sites-tag":[],"site-pages-type":"free","site-pages-page-builder":"gutenberg","site-pages-category":[],"site-pages-parent-category":{"60":"business","61":"free"},"required-plugins":""},"id-47733":{"title":"Home","featured-image-url":"https:\/\/websitedemos.net\/wp-content\/uploads\/2020\/10\/online-health-coach-02-home.jpg","thumbnail-image-url":"https:\/\/websitedemos.net\/wp-content\/uploads\/2020\/10\/online-health-coach-02-home.jpg","astra-page-api-url":"https:\/\/websitedemos.net\/online-health-coach-02\/wp-json\/wp\/v2\/pages\/7","dynamic-page":"no","astra-page-url":"\/\/websitedemos.net\/online-health-coach-02\/","astra-sites-tag":{"423":"home"},"site-pages-type":"free","site-pages-page-builder":"elementor","site-pages-category":[],"site-pages-parent-category":{"60":"business","61":"free"},"required-plugins":[{"slug":"elementor","init":"elementor\/elementor.php","name":"Elementor"},{"slug":"latepoint","init":"latepoint\/latepoint.php","name":"LatePoint"},{"slug":"header-footer-elementor","init":"header-footer-elementor\/header-footer-elementor.php","name":"Ultimate Addons for Elementor Lite"}]},"id-47731":{"title":"All Courses","featured-image-url":"https:\/\/websitedemos.net\/wp-content\/uploads\/2020\/10\/online-health-coach-02-courses.jpg","thumbnail-image-url":"https:\/\/websitedemos.net\/wp-content\/uploads\/2020\/10\/online-health-coach-02-courses.jpg","astra-page-api-url":"https:\/\/websitedemos.net\/online-health-coach-02\/wp-json\/wp\/v2\/pages\/24254","dynamic-page":"yes","astra-page-url":"\/\/websitedemos.net\/online-health-coach-02\/all-courses\/","astra-sites-tag":{"462":"courses"},"site-pages-type":"free","site-pages-page-builder":"elementor","site-pages-category":[],"site-pages-parent-category":{"60":"business","61":"free"},"required-plugins":[{"slug":"elementor","init":"elementor\/elementor.php","name":"Elementor"},{"slug":"sfwd-lms","init":"sfwd-lms\/sfwd_lms.php","name":"LearnDash LMS"},{"slug":"learndash-course-grid","init":"learndash-course-grid\/learndash_course_grid.php","name":"LearnDash LMS - Course Grid"},{"slug":"header-footer-elementor","init":"header-footer-elementor\/header-footer-elementor.php","name":"Ultimate Addons for Elementor Lite"}]},"id-47730":{"title":"About","featured-image-url":"https:\/\/websitedemos.net\/wp-content\/uploads\/2020\/10\/online-health-coach-02-about.jpg","thumbnail-image-url":"https:\/\/websitedemos.net\/wp-content\/uploads\/2020\/10\/online-health-coach-02-about.jpg","astra-page-api-url":"https:\/\/websitedemos.net\/online-health-coach-02\/wp-json\/wp\/v2\/pages\/104","dynamic-page":"no","astra-page-url":"\/\/websitedemos.net\/online-health-coach-02\/about\/","astra-sites-tag":{"352":"about"},"site-pages-type":"free","site-pages-page-builder":"elementor","site-pages-category":[],"site-pages-parent-category":{"60":"business","61":"free"},"required-plugins":[{"slug":"elementor","init":"elementor\/elementor.php","name":"Elementor"},{"slug":"header-footer-elementor","init":"header-footer-elementor\/header-footer-elementor.php","name":"Ultimate Addons for Elementor Lite"}]},"id-47732":{"title":"Contact","featured-image-url":"https:\/\/websitedemos.net\/wp-content\/uploads\/2020\/10\/online-health-coach-02-contact.jpg","thumbnail-image-url":"https:\/\/websitedemos.net\/wp-content\/uploads\/2020\/10\/online-health-coach-02-contact.jpg","astra-page-api-url":"https:\/\/websitedemos.net\/online-health-coach-02\/wp-json\/wp\/v2\/pages\/105","dynamic-page":"no","astra-page-url":"\/\/websitedemos.net\/online-health-coach-02\/contact\/","astra-sites-tag":{"415":"contact"},"site-pages-type":"free","site-pages-page-builder":"elementor","site-pages-category":[],"site-pages-parent-category":{"60":"business","61":"free"},"required-plugins":[{"slug":"elementor","init":"elementor\/elementor.php","name":"Elementor"},{"slug":"wpforms-lite","init":"wpforms-lite\/wpforms.php","name":"WPForms Lite"}]}},"related-bb-template":"","related-elementor-template":47729,"related-gutenberg-template":47932,"related_ecommerce_template":"","ecommerce_parent_template":""},"id-49457":{"title":"Coffee Shop","id":49457,"publish-date":1608767094,"featured-image-url":"https:\/\/websitedemos.net\/wp-content\/uploads\/2020\/12\/coffee-shop-04.jpg","thumbnail-image-url":"https:\/\/websitedemos.net\/wp-content\/uploads\/2020\/12\/coffee-shop-04.jpg","fullpage-thumbnail-image-url":"https:\/\/websitedemos.net\/wp-content\/uploads\/2020\/12\/coffee-shop-04.jpg","astra-site-url":"\/\/websitedemos.net\/coffee-shop-04","astra-site-parent-id":1843,"astra-sites-tag":{"693":"cafe","2042":"cafe-bar","1527":"cafeteria","2043":"coffee-house","1575":"coffee-shop","3416":"elementor","1844":"premium","2421":"purchases","2417":"reseller","335":"restaurant","2041":"snack-bar"},"astra-sites-type":"agency-mini","astra-site-category":{"27":"business"},"astra-sites-template-category":{"2777":"business","2785":"food","2776":"restaurant"},"astra-site-page-builder":"elementor","categories":{"3427":"default","3429":"premium","2496":"restaurant-food"},"required-plugins":[{"slug":"elementor","init":"elementor\/elementor.php","name":"Elementor"},{"slug":"wpforms-lite","init":"wpforms-lite\/wpforms.php","name":"WPForms Lite"}],"post-status":"publish","post-content":"<!-- wp:paragraph -->\n<p>Whether you are building a coffee shop website from scratch or revamping an existing one, our Coffee Shop template is precisely what you need. From the colors to the layout, every element of the template is going to recreate the experience.<\/p>\n<!-- \/wp:paragraph -->\n\n<!-- wp:paragraph -->\n<p>Include the menu, photos, and showcase some of your best drinks on the homepage. With deep WooCommerce integration, you can even sell products such as coffee beans, coffee powders, and more.<\/p>\n<!-- \/wp:paragraph -->\n\n<!-- wp:heading -->\n<h2>Key features of the Coffee Shop template<\/h2>\n<!-- \/wp:heading -->\n\n<!-- wp:list -->\n<ul><li>Minimalistic yet highly creative coffee shop website template<\/li><li>Showcase your best drink and coffee-related products on the homepage<\/li><li>Sell your coffee-related products online<\/li><li>Fully customizable and mobile-friendly template<\/li><li>SEO-friendly template, allowing you to be found on search engines<\/li><\/ul>\n<!-- \/wp:list -->","post-excerpt":"A creatively designed website template for recreating your coffee shop experience","pages":{"id-49461":{"title":"Home","featured-image-url":"https:\/\/websitedemos.net\/wp-content\/uploads\/2020\/12\/coffee-shop-04.jpg","thumbnail-image-url":"https:\/\/websitedemos.net\/wp-content\/uploads\/2020\/12\/coffee-shop-04.jpg","astra-page-api-url":"https:\/\/websitedemos.net\/coffee-shop-04\/wp-json\/wp\/v2\/pages\/6","dynamic-page":"no","astra-page-url":"\/\/websitedemos.net\/coffee-shop-04\/","astra-sites-tag":{"423":"home"},"site-pages-type":"agency-mini","site-pages-page-builder":"elementor","site-pages-category":[],"site-pages-parent-category":{"60":"business"},"required-plugins":[{"slug":"elementor","init":"elementor\/elementor.php","name":"Elementor"}]},"id-49458":{"title":"About","featured-image-url":"https:\/\/websitedemos.net\/wp-content\/uploads\/2020\/12\/coffee-shop-04-about.jpg","thumbnail-image-url":"https:\/\/websitedemos.net\/wp-content\/uploads\/2020\/12\/coffee-shop-04-about.jpg","astra-page-api-url":"https:\/\/websitedemos.net\/coffee-shop-04\/wp-json\/wp\/v2\/pages\/11","dynamic-page":"no","astra-page-url":"\/\/websitedemos.net\/coffee-shop-04\/about\/","astra-sites-tag":{"352":"about"},"site-pages-type":"agency-mini","site-pages-page-builder":"elementor","site-pages-category":[],"site-pages-parent-category":{"60":"business"},"required-plugins":[{"slug":"elementor","init":"elementor\/elementor.php","name":"Elementor"}]},"id-49462":{"title":"Our Menu","featured-image-url":"https:\/\/websitedemos.net\/wp-content\/uploads\/2020\/12\/coffee-shop-04-our-menu.jpg","thumbnail-image-url":"https:\/\/websitedemos.net\/wp-content\/uploads\/2020\/12\/coffee-shop-04-our-menu.jpg","astra-page-api-url":"https:\/\/websitedemos.net\/coffee-shop-04\/wp-json\/wp\/v2\/pages\/9","dynamic-page":"no","astra-page-url":"\/\/websitedemos.net\/coffee-shop-04\/our-menu\/","astra-sites-tag":{"1579":"food-menu","565":"menu","1578":"our-menu"},"site-pages-type":"agency-mini","site-pages-page-builder":"elementor","site-pages-category":[],"site-pages-parent-category":{"60":"business"},"required-plugins":[{"slug":"elementor","init":"elementor\/elementor.php","name":"Elementor"}]},"id-49460":{"title":"Gallery","featured-image-url":"https:\/\/websitedemos.net\/wp-content\/uploads\/2020\/12\/coffee-shop-04-gallery.jpg","thumbnail-image-url":"https:\/\/websitedemos.net\/wp-content\/uploads\/2020\/12\/coffee-shop-04-gallery.jpg","astra-page-api-url":"https:\/\/websitedemos.net\/coffee-shop-04\/wp-json\/wp\/v2\/pages\/15","dynamic-page":"no","astra-page-url":"\/\/websitedemos.net\/coffee-shop-04\/gallery\/","astra-sites-tag":{"461":"gallery"},"site-pages-type":"agency-mini","site-pages-page-builder":"elementor","site-pages-category":[],"site-pages-parent-category":{"60":"business"},"required-plugins":[{"slug":"elementor","init":"elementor\/elementor.php","name":"Elementor"}]},"id-49459":{"title":"Contact","featured-image-url":"https:\/\/websitedemos.net\/wp-content\/uploads\/2020\/12\/coffee-shop-04-contact.jpg","thumbnail-image-url":"https:\/\/websitedemos.net\/wp-content\/uploads\/2020\/12\/coffee-shop-04-contact.jpg","astra-page-api-url":"https:\/\/websitedemos.net\/coffee-shop-04\/wp-json\/wp\/v2\/pages\/13","dynamic-page":"no","astra-page-url":"\/\/websitedemos.net\/coffee-shop-04\/contact\/","astra-sites-tag":{"415":"contact","454":"contact-us","896":"get-connected","377":"get-in-touch"},"site-pages-type":"agency-mini","site-pages-page-builder":"elementor","site-pages-category":[],"site-pages-parent-category":{"60":"business"},"required-plugins":[{"slug":"elementor","init":"elementor\/elementor.php","name":"Elementor"},{"slug":"wpforms-lite","init":"wpforms-lite\/wpforms.php","name":"WPForms Lite"}]}},"related-bb-template":"","related-elementor-template":54423,"related-gutenberg-template":85621,"related_ecommerce_template":"","ecommerce_parent_template":""},"id-48741":{"title":"Online Health Coach","id":48741,"publish-date":1605548885,"featured-image-url":"https:\/\/websitedemos.net\/wp-content\/uploads\/2020\/11\/online-health-coach-01-home-1.jpg","thumbnail-image-url":"https:\/\/websitedemos.net\/wp-content\/uploads\/2020\/11\/online-health-coach-01-home-1.jpg","fullpage-thumbnail-image-url":"https:\/\/websitedemos.net\/wp-content\/uploads\/2020\/11\/online-health-coach-01-home-1.jpg","astra-site-url":"\/\/websitedemos.net\/online-health-coach-01","astra-site-parent-id":1766,"astra-sites-tag":{"462":"courses","469":"ecourse","468":"elearning","518":"health-coach","467":"learndash","460":"learning","466":"online-courses","975":"online-learning"},"astra-sites-type":"free","astra-site-category":{"27":"business","39":"free"},"astra-sites-template-category":[],"astra-site-page-builder":"beaver-builder","categories":{"2494":"elearning","2483":"expert-services"},"required-plugins":[{"slug":"beaver-builder-lite-version","init":"beaver-builder-lite-version\/fl-builder.php","name":"Beaver Builder Plugin (Lite Version)"},{"slug":"sfwd-lms","init":"sfwd-lms\/sfwd_lms.php","name":"LearnDash LMS"},{"slug":"learndash-course-grid","init":"learndash-course-grid\/learndash_course_grid.php","name":"LearnDash LMS - Course Grid"},{"slug":"ultimate-addons-for-beaver-builder-lite","init":"ultimate-addons-for-beaver-builder-lite\/bb-ultimate-addon.php","name":"Ultimate Addons for Beaver Builder - Lite"},{"slug":"presto-player","init":"presto-player\/presto-player.php","name":"Presto Player"},{"slug":"wpforms-lite","init":"wpforms-lite\/wpforms.php","name":"WPForms Lite"}],"post-status":"publish","post-content":"","post-excerpt":"","pages":{"id-48745":{"title":"Home","featured-image-url":"https:\/\/websitedemos.net\/wp-content\/uploads\/2020\/11\/online-health-coach-01-home-1.jpg","thumbnail-image-url":"https:\/\/websitedemos.net\/wp-content\/uploads\/2020\/11\/online-health-coach-01-home-1.jpg","astra-page-api-url":"https:\/\/websitedemos.net\/online-health-coach-01\/wp-json\/wp\/v2\/pages\/24365","dynamic-page":"no","astra-page-url":"\/\/websitedemos.net\/online-health-coach-01\/","astra-sites-tag":{"423":"home"},"site-pages-type":"free","site-pages-page-builder":"beaver-builder","site-pages-category":[],"site-pages-parent-category":{"60":"business","61":"free"},"required-plugins":[{"slug":"beaver-builder-lite-version","init":"beaver-builder-lite-version\/fl-builder.php","name":"Beaver Builder Plugin (Lite Version)"},{"slug":"ultimate-addons-for-beaver-builder-lite","init":"ultimate-addons-for-beaver-builder-lite\/bb-ultimate-addon.php","name":"Ultimate Addons for Beaver Builder - Lite"}]},"id-48742":{"title":"About","featured-image-url":"https:\/\/websitedemos.net\/wp-content\/uploads\/2020\/11\/online-health-coach-01-about-1.jpg","thumbnail-image-url":"https:\/\/websitedemos.net\/wp-content\/uploads\/2020\/11\/online-health-coach-01-about-1.jpg","astra-page-api-url":"https:\/\/websitedemos.net\/online-health-coach-01\/wp-json\/wp\/v2\/pages\/24369","dynamic-page":"no","astra-page-url":"\/\/websitedemos.net\/online-health-coach-01\/about\/","astra-sites-tag":{"352":"about"},"site-pages-type":"free","site-pages-page-builder":"beaver-builder","site-pages-category":[],"site-pages-parent-category":{"60":"business","61":"free"},"required-plugins":[{"slug":"beaver-builder-lite-version","init":"beaver-builder-lite-version\/fl-builder.php","name":"Beaver Builder Plugin (Lite Version)"},{"slug":"ultimate-addons-for-beaver-builder-lite","init":"ultimate-addons-for-beaver-builder-lite\/bb-ultimate-addon.php","name":"Ultimate Addons for Beaver Builder - Lite"}]},"id-48743":{"title":"All Courses","featured-image-url":"https:\/\/websitedemos.net\/wp-content\/uploads\/2020\/11\/online-health-coach-01-courses-1.jpg","thumbnail-image-url":"https:\/\/websitedemos.net\/wp-content\/uploads\/2020\/11\/online-health-coach-01-courses-1.jpg","astra-page-api-url":"https:\/\/websitedemos.net\/online-health-coach-01\/wp-json\/wp\/v2\/pages\/24366","dynamic-page":"yes","astra-page-url":"\/\/websitedemos.net\/online-health-coach-01\/all-courses\/","astra-sites-tag":{"462":"courses"},"site-pages-type":"free","site-pages-page-builder":"beaver-builder","site-pages-category":[],"site-pages-parent-category":{"60":"business","61":"free"},"required-plugins":[{"slug":"beaver-builder-lite-version","init":"beaver-builder-lite-version\/fl-builder.php","name":"Beaver Builder Plugin (Lite Version)"},{"slug":"ultimate-addons-for-beaver-builder-lite","init":"ultimate-addons-for-beaver-builder-lite\/bb-ultimate-addon.php","name":"Ultimate Addons for Beaver Builder - Lite"}]},"id-48744":{"title":"Contact","featured-image-url":"https:\/\/websitedemos.net\/wp-content\/uploads\/2020\/11\/online-health-coach-01-contact-1.jpg","thumbnail-image-url":"https:\/\/websitedemos.net\/wp-content\/uploads\/2020\/11\/online-health-coach-01-contact-1.jpg","astra-page-api-url":"https:\/\/websitedemos.net\/online-health-coach-01\/wp-json\/wp\/v2\/pages\/24370","dynamic-page":"no","astra-page-url":"\/\/websitedemos.net\/online-health-coach-01\/contact\/","astra-sites-tag":{"415":"contact"},"site-pages-type":"free","site-pages-page-builder":"beaver-builder","site-pages-category":[],"site-pages-parent-category":{"60":"business","61":"free"},"required-plugins":[{"slug":"beaver-builder-lite-version","init":"beaver-builder-lite-version\/fl-builder.php","name":"Beaver Builder Plugin (Lite Version)"},{"slug":"ultimate-addons-for-beaver-builder-lite","init":"ultimate-addons-for-beaver-builder-lite\/bb-ultimate-addon.php","name":"Ultimate Addons for Beaver Builder - Lite"},{"slug":"wpforms-lite","init":"wpforms-lite\/wpforms.php","name":"WPForms Lite"}]}},"related-bb-template":"","related-elementor-template":"","related-gutenberg-template":"","related_ecommerce_template":"","ecommerce_parent_template":""},"id-88164":{"title":"Galatic","id":88164,"publish-date":1714411646,"featured-image-url":"https:\/\/websitedemos.net\/wp-content\/uploads\/2024\/04\/galatic-02.jpg","thumbnail-image-url":"https:\/\/websitedemos.net\/wp-content\/uploads\/2024\/04\/galatic-02-600x2269.jpg","fullpage-thumbnail-image-url":"https:\/\/websitedemos.net\/wp-content\/uploads\/2024\/04\/galatic-02-400x1513.jpg","astra-site-url":"\/\/websitedemos.net\/galatic-02","astra-site-parent-id":3594,"astra-sites-tag":{"2456":"generic","2667":"generic-template","1526":"multi-purpose","2493":"multipurpose"},"astra-sites-type":"free","astra-site-category":{"39":"free","36":"other"},"astra-sites-template-category":{"2860":"multipurpose","2797":"simple-minimal"},"astra-site-page-builder":"elementor","categories":{"3427":"default","3428":"free","2500":"multipurpose"},"required-plugins":[{"slug":"elementor","init":"elementor\/elementor.php","name":"Elementor"},{"slug":"wpforms-lite","init":"wpforms-lite\/wpforms.php","name":"WPForms Lite"},{"slug":"header-footer-elementor","init":"header-footer-elementor\/header-footer-elementor.php","name":"Ultimate Addons for Elementor Lite"}],"post-status":"publish","post-content":"<!-- wp:paragraph -->\n<p>The Galatic template could be the perfect foundation for your next business website. It has all the ingredients we look for in a site, speed, flexibility, customization, page builder compatibility, SEO-friendliness and full responsiveness. All wrapped up in an attractive package.<\/p>\n<!-- \/wp:paragraph -->\n\n<!-- wp:paragraph -->\n<p>The template has a classic small business layout that can be fully customized to suit your unique needs using built-in tools. Pages load fast and support content, images, video, eCommerce, learning and anything else you could think of!<\/p>\n<!-- \/wp:paragraph -->\n\n<!-- wp:heading -->\n<h2 class=\"wp-block-heading\">Key features of the Web Developer Portfolio template<\/h2>\n<!-- \/wp:heading -->\n\n<!-- wp:list -->\n<ul><!-- wp:list-item -->\n<li>Modern business template with tons of features<\/li>\n<!-- \/wp:list-item -->\n\n<!-- wp:list-item -->\n<li>Change anything and everything to suit your needs<\/li>\n<!-- \/wp:list-item -->\n\n<!-- wp:list-item -->\n<li>Delivers an awesome user experience<\/li>\n<!-- \/wp:list-item -->\n\n<!-- wp:list-item -->\n<li>SEO friendly and fully responsive<\/li>\n<!-- \/wp:list-item -->\n\n<!-- wp:list-item -->\n<li>Full compatibility with leading page builders<\/li>\n<!-- \/wp:list-item --><\/ul>\n<!-- \/wp:list -->","post-excerpt":"The Galatic template is a flexible business template with the features you need","pages":{"id-88167":{"title":"Home","featured-image-url":"https:\/\/websitedemos.net\/wp-content\/uploads\/2024\/04\/galatic-02.jpg","thumbnail-image-url":"https:\/\/websitedemos.net\/wp-content\/uploads\/2024\/04\/galatic-02-600x2269.jpg","astra-page-api-url":"https:\/\/websitedemos.net\/galatic-02\/wp-json\/wp\/v2\/pages\/19","dynamic-page":"no","astra-page-url":"\/\/websitedemos.net\/galatic-02\/","astra-sites-tag":{"423":"home"},"site-pages-type":"free","site-pages-page-builder":"elementor","site-pages-category":[],"site-pages-parent-category":{"61":"free","139":"other"},"required-plugins":[{"slug":"elementor","init":"elementor\/elementor.php","name":"Elementor"},{"slug":"header-footer-elementor","init":"header-footer-elementor\/header-footer-elementor.php","name":"Ultimate Addons for Elementor Lite"}]},"id-88165":{"title":"About","featured-image-url":"https:\/\/websitedemos.net\/wp-content\/uploads\/2024\/04\/galatic-02-about.jpg","thumbnail-image-url":"https:\/\/websitedemos.net\/wp-content\/uploads\/2024\/04\/galatic-02-about-600x1125.jpg","astra-page-api-url":"https:\/\/websitedemos.net\/galatic-02\/wp-json\/wp\/v2\/pages\/21","dynamic-page":"no","astra-page-url":"\/\/websitedemos.net\/galatic-02\/about\/","astra-sites-tag":{"352":"about"},"site-pages-type":"free","site-pages-page-builder":"elementor","site-pages-category":[],"site-pages-parent-category":{"61":"free","139":"other"},"required-plugins":[{"slug":"elementor","init":"elementor\/elementor.php","name":"Elementor"},{"slug":"header-footer-elementor","init":"header-footer-elementor\/header-footer-elementor.php","name":"Ultimate Addons for Elementor Lite"}]},"id-88168":{"title":"Offering","featured-image-url":"https:\/\/websitedemos.net\/wp-content\/uploads\/2024\/04\/galatic-02-offerings.jpg","thumbnail-image-url":"https:\/\/websitedemos.net\/wp-content\/uploads\/2024\/04\/galatic-02-offerings-600x1455.jpg","astra-page-api-url":"https:\/\/websitedemos.net\/galatic-02\/wp-json\/wp\/v2\/pages\/22","dynamic-page":"no","astra-page-url":"\/\/websitedemos.net\/galatic-02\/offering\/","astra-sites-tag":{"3617":"offerings"},"site-pages-type":"free","site-pages-page-builder":"elementor","site-pages-category":[],"site-pages-parent-category":{"61":"free","139":"other"},"required-plugins":[{"slug":"elementor","init":"elementor\/elementor.php","name":"Elementor"},{"slug":"header-footer-elementor","init":"header-footer-elementor\/header-footer-elementor.php","name":"Ultimate Addons for Elementor Lite"}]},"id-88166":{"title":"Contact","featured-image-url":"https:\/\/websitedemos.net\/wp-content\/uploads\/2024\/04\/galatic-02-contact.jpg","thumbnail-image-url":"https:\/\/websitedemos.net\/wp-content\/uploads\/2024\/04\/galatic-02-contact-600x699.jpg","astra-page-api-url":"https:\/\/websitedemos.net\/galatic-02\/wp-json\/wp\/v2\/pages\/23","dynamic-page":"no","astra-page-url":"\/\/websitedemos.net\/galatic-02\/contact\/","astra-sites-tag":{"415":"contact"},"site-pages-type":"free","site-pages-page-builder":"elementor","site-pages-category":[],"site-pages-parent-category":{"61":"free","139":"other"},"required-plugins":[{"slug":"elementor","init":"elementor\/elementor.php","name":"Elementor"},{"slug":"wpforms-lite","init":"wpforms-lite\/wpforms.php","name":"WPForms Lite"}]}},"related-bb-template":"","related-elementor-template":88164,"related-gutenberg-template":88174,"related_ecommerce_template":"","ecommerce_parent_template":""},"id-51320":{"title":"Criminal Lawyer","id":51320,"publish-date":1616782626,"featured-image-url":"https:\/\/websitedemos.net\/wp-content\/uploads\/2021\/03\/criminal-lawyer-04-home.jpg","thumbnail-image-url":"https:\/\/websitedemos.net\/wp-content\/uploads\/2021\/03\/criminal-lawyer-04-home.jpg","fullpage-thumbnail-image-url":"https:\/\/websitedemos.net\/wp-content\/uploads\/2021\/03\/criminal-lawyer-04-home.jpg","astra-site-url":"\/\/websitedemos.net\/criminal-lawyer-04","astra-site-parent-id":1862,"astra-sites-tag":{"1873":"criminal-defence-lawyers","1874":"criminal-lawyers","3416":"elementor","1870":"lawyer-firm","1868":"lawyers","1844":"premium"},"astra-sites-type":"agency-mini","astra-site-category":{"27":"business"},"astra-sites-template-category":{"2777":"business","2824":"law-firm","2831":"service"},"astra-site-page-builder":"elementor","categories":{"3427":"default","2482":"law","3429":"premium"},"required-plugins":[{"slug":"elementor","init":"elementor\/elementor.php","name":"Elementor"},{"slug":"wpforms-lite","init":"wpforms-lite\/wpforms.php","name":"WPForms Lite"},{"slug":"latepoint","init":"latepoint\/latepoint.php","name":"LatePoint"}],"post-status":"publish","post-content":"<!-- wp:paragraph -->\n<p>Criminal law is a serious and highly specialized area of law. Our Criminal Lawyer Template is a responsive design that can be used for law firms and takes you through the process of designing a website for a criminal lawyer from start to finish.<\/p>\n<!-- \/wp:paragraph -->\n\n<!-- wp:paragraph -->\n<p>From choosing an elegant, professional design to strategically implementing your practice areas, we\u2019ve got you covered. You can even include clients' reviews so potential clients can see how others feel about your services!<\/p>\n<!-- \/wp:paragraph -->\n\n<!-- wp:heading -->\n<h2>Key features of the Criminal Lawyer template<\/h2>\n<!-- \/wp:heading -->\n\n<!-- wp:list -->\n<ul><li>Classy and elegant design, tailor-made for a lawyer\u2019s website<\/li><li>Template includes CTA buttons such as free consultation and contact us today<\/li><li>Showcase your practice areas and the team of lawyers<\/li><li>Include client reviews and media clippings to build trust and authority<\/li><li>Fully customizable and can be tweaked for any practicing lawyers<\/li><\/ul>\n<!-- \/wp:list -->","post-excerpt":"Perfect solution for a criminal lawyer looking for an elegant professional website","pages":{"id-51323":{"title":"Home","featured-image-url":"https:\/\/websitedemos.net\/wp-content\/uploads\/2021\/03\/criminal-lawyer-04-home.jpg","thumbnail-image-url":"https:\/\/websitedemos.net\/wp-content\/uploads\/2021\/03\/criminal-lawyer-04-home.jpg","astra-page-api-url":"https:\/\/websitedemos.net\/criminal-lawyer-04\/wp-json\/wp\/v2\/pages\/5","dynamic-page":"no","astra-page-url":"\/\/websitedemos.net\/criminal-lawyer-04\/","astra-sites-tag":{"423":"home"},"site-pages-type":"agency-mini","site-pages-page-builder":"elementor","site-pages-category":[],"site-pages-parent-category":{"60":"business"},"required-plugins":[{"slug":"elementor","init":"elementor\/elementor.php","name":"Elementor"},{"slug":"latepoint","init":"latepoint\/latepoint.php","name":"LatePoint"}]},"id-51324":{"title":"Our Lawyers","featured-image-url":"https:\/\/websitedemos.net\/wp-content\/uploads\/2021\/03\/criminal-lawyer-04-our-lawyers.jpg","thumbnail-image-url":"https:\/\/websitedemos.net\/wp-content\/uploads\/2021\/03\/criminal-lawyer-04-our-lawyers.jpg","astra-page-api-url":"https:\/\/websitedemos.net\/criminal-lawyer-04\/wp-json\/wp\/v2\/pages\/8","dynamic-page":"no","astra-page-url":"\/\/websitedemos.net\/criminal-lawyer-04\/our-lawyers\/","astra-sites-tag":{"912":"attorneys","1868":"lawyers","486":"team"},"site-pages-type":"agency-mini","site-pages-page-builder":"elementor","site-pages-category":[],"site-pages-parent-category":{"60":"business"},"required-plugins":[{"slug":"elementor","init":"elementor\/elementor.php","name":"Elementor"}]},"id-51325":{"title":"Practice Areas","featured-image-url":"https:\/\/websitedemos.net\/wp-content\/uploads\/2021\/03\/criminal-lawyer-04-practoce-areas.jpg","thumbnail-image-url":"https:\/\/websitedemos.net\/wp-content\/uploads\/2021\/03\/criminal-lawyer-04-practoce-areas.jpg","astra-page-api-url":"https:\/\/websitedemos.net\/criminal-lawyer-04\/wp-json\/wp\/v2\/pages\/10","dynamic-page":"no","astra-page-url":"\/\/websitedemos.net\/criminal-lawyer-04\/practice-areas\/","astra-sites-tag":{"1863":"practice-areas","425":"services"},"site-pages-type":"agency-mini","site-pages-page-builder":"elementor","site-pages-category":[],"site-pages-parent-category":{"60":"business"},"required-plugins":[{"slug":"elementor","init":"elementor\/elementor.php","name":"Elementor"}]},"id-51326":{"title":"Reviews","featured-image-url":"https:\/\/websitedemos.net\/wp-content\/uploads\/2021\/03\/criminal-lawyer-04-reviews.jpg","thumbnail-image-url":"https:\/\/websitedemos.net\/wp-content\/uploads\/2021\/03\/criminal-lawyer-04-reviews.jpg","astra-page-api-url":"https:\/\/websitedemos.net\/criminal-lawyer-04\/wp-json\/wp\/v2\/pages\/16","dynamic-page":"no","astra-page-url":"\/\/websitedemos.net\/criminal-lawyer-04\/reviews\/","astra-sites-tag":{"1615":"reviews","433":"testimonials"},"site-pages-type":"agency-mini","site-pages-page-builder":"elementor","site-pages-category":[],"site-pages-parent-category":{"60":"business"},"required-plugins":[{"slug":"elementor","init":"elementor\/elementor.php","name":"Elementor"}]},"id-51322":{"title":"FAQ","featured-image-url":"https:\/\/websitedemos.net\/wp-content\/uploads\/2021\/03\/criminal-lawyer-04-faq.jpg","thumbnail-image-url":"https:\/\/websitedemos.net\/wp-content\/uploads\/2021\/03\/criminal-lawyer-04-faq.jpg","astra-page-api-url":"https:\/\/websitedemos.net\/criminal-lawyer-04\/wp-json\/wp\/v2\/pages\/12","dynamic-page":"no","astra-page-url":"\/\/websitedemos.net\/criminal-lawyer-04\/faq\/","astra-sites-tag":{"426":"faq","1476":"frequently-asked-questions"},"site-pages-type":"agency-mini","site-pages-page-builder":"elementor","site-pages-category":[],"site-pages-parent-category":{"60":"business"},"required-plugins":[{"slug":"elementor","init":"elementor\/elementor.php","name":"Elementor"}]},"id-51321":{"title":"Contact","featured-image-url":"https:\/\/websitedemos.net\/wp-content\/uploads\/2021\/03\/criminal-lawyer-04-contact.jpg","thumbnail-image-url":"https:\/\/websitedemos.net\/wp-content\/uploads\/2021\/03\/criminal-lawyer-04-contact.jpg","astra-page-api-url":"https:\/\/websitedemos.net\/criminal-lawyer-04\/wp-json\/wp\/v2\/pages\/14","dynamic-page":"no","astra-page-url":"\/\/websitedemos.net\/criminal-lawyer-04\/contact\/","astra-sites-tag":{"415":"contact"},"site-pages-type":"agency-mini","site-pages-page-builder":"elementor","site-pages-category":[],"site-pages-parent-category":{"60":"business"},"required-plugins":[{"slug":"elementor","init":"elementor\/elementor.php","name":"Elementor"},{"slug":"wpforms-lite","init":"wpforms-lite\/wpforms.php","name":"WPForms Lite"}]}},"related-bb-template":"","related-elementor-template":51320,"related-gutenberg-template":86157,"related_ecommerce_template":"","ecommerce_parent_template":""},"id-55769":{"title":"Marketing Firm","id":55769,"publish-date":1624377112,"featured-image-url":"https:\/\/websitedemos.net\/wp-content\/uploads\/2021\/06\/marketing-firm-04-home.jpg","thumbnail-image-url":"https:\/\/websitedemos.net\/wp-content\/uploads\/2021\/06\/marketing-firm-04-home.jpg","fullpage-thumbnail-image-url":"https:\/\/websitedemos.net\/wp-content\/uploads\/2021\/06\/marketing-firm-04-home.jpg","astra-site-url":"\/\/websitedemos.net\/marketing-firm-04","astra-site-parent-id":2207,"astra-sites-tag":{"1587":"advertising-agency","2232":"advertising-company","2229":"advertising-firm","663":"agency","979":"company","3416":"elementor","1588":"marketing-agency","2233":"marketing-company","2228":"marketing-firm","1844":"premium","2230":"press-agency","2227":"promotion-firm","2231":"publicity-firm","2234":"publicity-services"},"astra-sites-type":"agency-mini","astra-site-category":{"27":"business"},"astra-sites-template-category":{"2777":"business","2812":"digital-agency","2796":"digital-marketing","2768":"portfolio"},"astra-site-page-builder":"elementor","categories":{"2487":"agency","3427":"default","3429":"premium"},"required-plugins":[{"slug":"elementor","init":"elementor\/elementor.php","name":"Elementor"},{"slug":"wpforms-lite","init":"wpforms-lite\/wpforms.php","name":"WPForms Lite"}],"post-status":"publish","post-content":"<!-- wp:paragraph -->\n<p>Are you a marketing agency looking to rebrand your business? Want a creative website design to complement the services you offer? If so, the Marketing Firm web template is just right for you. With a professionally designed layout, our marketing firm templates make it easy for you to stand out.<\/p>\n<!-- \/wp:paragraph -->\n\n<!-- wp:paragraph -->\n<p>An impressive hero section allows you to promote your best service upfront. The homepage is beautifully designed to showcase your services, client reviews, and more.<\/p>\n<!-- \/wp:paragraph -->\n\n<!-- wp:heading -->\n<h2>Key features of the Marketing Firm template<\/h2>\n<!-- \/wp:heading -->\n\n<!-- wp:list -->\n<ul><li>Creative website design template for your marketing firm<\/li><li>Impressive background effects<\/li><li>Showcase your services, awards, certifications, and client reviews on the homepage<\/li><li>Fully customizable and responsive layout&nbsp;<\/li><li>Templates look great across all mobile devices<\/li><\/ul>\n<!-- \/wp:list -->","post-excerpt":"An impressive website design that will give your marketing firm the perfect branding","pages":{"id-86648":{"title":"Home","featured-image-url":"https:\/\/websitedemos.net\/wp-content\/uploads\/2021\/06\/marketing-firm-04-home.jpg","thumbnail-image-url":"https:\/\/websitedemos.net\/wp-content\/uploads\/2021\/06\/marketing-firm-04-home.jpg","astra-page-api-url":"https:\/\/websitedemos.net\/marketing-firm-04\/wp-json\/wp\/v2\/pages\/6","dynamic-page":"no","astra-page-url":"\/\/websitedemos.net\/marketing-firm-04\/","astra-sites-tag":{"423":"home"},"site-pages-type":"agency-mini","site-pages-page-builder":"elementor","site-pages-category":[],"site-pages-parent-category":{"60":"business"},"required-plugins":[{"slug":"elementor","init":"elementor\/elementor.php","name":"Elementor"}]},"id-86650":{"title":"Services","featured-image-url":"https:\/\/websitedemos.net\/wp-content\/uploads\/2021\/06\/marketing-firm-04-services.jpg","thumbnail-image-url":"https:\/\/websitedemos.net\/wp-content\/uploads\/2021\/06\/marketing-firm-04-services.jpg","astra-page-api-url":"https:\/\/websitedemos.net\/marketing-firm-04\/wp-json\/wp\/v2\/pages\/9","dynamic-page":"no","astra-page-url":"\/\/websitedemos.net\/marketing-firm-04\/services\/","astra-sites-tag":{"425":"services"},"site-pages-type":"agency-mini","site-pages-page-builder":"elementor","site-pages-category":[],"site-pages-parent-category":{"60":"business"},"required-plugins":[{"slug":"elementor","init":"elementor\/elementor.php","name":"Elementor"}]},"id-86651":{"title":"Work","featured-image-url":"https:\/\/websitedemos.net\/wp-content\/uploads\/2021\/06\/marketing-firm-04-work.jpg","thumbnail-image-url":"https:\/\/websitedemos.net\/wp-content\/uploads\/2021\/06\/marketing-firm-04-work.jpg","astra-page-api-url":"https:\/\/websitedemos.net\/marketing-firm-04\/wp-json\/wp\/v2\/pages\/689","dynamic-page":"no","astra-page-url":"\/\/websitedemos.net\/marketing-firm-04\/work\/","astra-sites-tag":{"451":"work"},"site-pages-type":"agency-mini","site-pages-page-builder":"elementor","site-pages-category":[],"site-pages-parent-category":{"60":"business"},"required-plugins":[{"slug":"elementor","init":"elementor\/elementor.php","name":"Elementor"}]},"id-86646":{"title":"About","featured-image-url":"https:\/\/websitedemos.net\/wp-content\/uploads\/2021\/06\/marketing-firm-04-about.jpg","thumbnail-image-url":"https:\/\/websitedemos.net\/wp-content\/uploads\/2021\/06\/marketing-firm-04-about.jpg","astra-page-api-url":"https:\/\/websitedemos.net\/marketing-firm-04\/wp-json\/wp\/v2\/pages\/11","dynamic-page":"no","astra-page-url":"\/\/websitedemos.net\/marketing-firm-04\/about\/","astra-sites-tag":{"352":"about"},"site-pages-type":"agency-mini","site-pages-page-builder":"elementor","site-pages-category":[],"site-pages-parent-category":{"60":"business"},"required-plugins":[{"slug":"elementor","init":"elementor\/elementor.php","name":"Elementor"}]},"id-86649":{"title":"Reviews","featured-image-url":"https:\/\/websitedemos.net\/wp-content\/uploads\/2021\/06\/marketing-firm-04-reviews.jpg","thumbnail-image-url":"https:\/\/websitedemos.net\/wp-content\/uploads\/2021\/06\/marketing-firm-04-reviews.jpg","astra-page-api-url":"https:\/\/websitedemos.net\/marketing-firm-04\/wp-json\/wp\/v2\/pages\/13","dynamic-page":"no","astra-page-url":"\/\/websitedemos.net\/marketing-firm-04\/reviews\/","astra-sites-tag":{"1615":"reviews"},"site-pages-type":"agency-mini","site-pages-page-builder":"elementor","site-pages-category":[],"site-pages-parent-category":{"60":"business"},"required-plugins":[{"slug":"elementor","init":"elementor\/elementor.php","name":"Elementor"}]},"id-86647":{"title":"Contact","featured-image-url":"https:\/\/websitedemos.net\/wp-content\/uploads\/2021\/06\/marketing-firm-04-contact.jpg","thumbnail-image-url":"https:\/\/websitedemos.net\/wp-content\/uploads\/2021\/06\/marketing-firm-04-contact.jpg","astra-page-api-url":"https:\/\/websitedemos.net\/marketing-firm-04\/wp-json\/wp\/v2\/pages\/15","dynamic-page":"no","astra-page-url":"\/\/websitedemos.net\/marketing-firm-04\/contact\/","astra-sites-tag":{"415":"contact"},"site-pages-type":"agency-mini","site-pages-page-builder":"elementor","site-pages-category":[],"site-pages-parent-category":{"60":"business"},"required-plugins":[{"slug":"elementor","init":"elementor\/elementor.php","name":"Elementor"},{"slug":"wpforms-lite","init":"wpforms-lite\/wpforms.php","name":"WPForms Lite"}]}},"related-bb-template":"","related-elementor-template":55769,"related-gutenberg-template":86200,"related_ecommerce_template":"","ecommerce_parent_template":""},"id-53702":{"title":"Fast Food Restaurant","id":53702,"publish-date":1620420634,"featured-image-url":"https:\/\/websitedemos.net\/wp-content\/uploads\/2021\/05\/fast-food-02-home.jpg","thumbnail-image-url":"https:\/\/websitedemos.net\/wp-content\/uploads\/2021\/05\/fast-food-02-home.jpg","fullpage-thumbnail-image-url":"https:\/\/websitedemos.net\/wp-content\/uploads\/2021\/05\/fast-food-02-home.jpg","astra-site-url":"\/\/websitedemos.net\/fast-food-04","astra-site-parent-id":1990,"astra-sites-tag":{"1996":"burger","3416":"elementor","2011":"fast-food-chain","2013":"fast-food-restaurant","350":"hotel","1844":"premium","335":"restaurant","2020":"restaurant-chain","1993":"snack-food"},"astra-sites-type":"agency-mini","astra-site-category":{"27":"business"},"astra-sites-template-category":{"2777":"business","2785":"food","2876":"food-ordering","2776":"restaurant"},"astra-site-page-builder":"elementor","categories":{"3427":"default","3429":"premium","2496":"restaurant-food"},"required-plugins":[{"slug":"elementor","init":"elementor\/elementor.php","name":"Elementor"},{"slug":"wpforms-lite","init":"wpforms-lite\/wpforms.php","name":"WPForms Lite"}],"post-status":"publish","post-content":"<!-- wp:paragraph -->\n<p>Do you own a takeaway joint or an international fast-food chain franchise? Want to take it online? If so, you should consider our Fast Food Restaurant template. With an impressive design layout and opportune use of images, customers are sure to connect with you instantaneously.<\/p>\n<!-- \/wp:paragraph -->\n\n<!-- wp:paragraph -->\n<p>From an online ordering system, menus, deals and offers to customer reviews, outlet details, and more, the template includes everything you need to offer your customers and build an excellent fast food restaurant website.<\/p>\n<!-- \/wp:paragraph -->\n\n<!-- wp:heading -->\n<h2>Key features of the Fast Food Restaurant template<\/h2>\n<!-- \/wp:heading -->\n\n<!-- wp:list -->\n<ul><li>Vibrant and creative design<\/li><li>Impressive use of images with overlay text and call-to-action buttons<\/li><li>Parallax background effects to enhance user engagement<\/li><li>WooCommerce-ready allowing you to sell online<\/li><li>100% customizable and responsive website template<\/li><\/ul>\n<!-- \/wp:list -->","post-excerpt":"Create equally mouth-watering websites using our Fast Food Restaurant template","pages":{"id-53706":{"title":"Home","featured-image-url":"https:\/\/websitedemos.net\/wp-content\/uploads\/2021\/05\/fast-food-02-home.jpg","thumbnail-image-url":"https:\/\/websitedemos.net\/wp-content\/uploads\/2021\/05\/fast-food-02-home.jpg","astra-page-api-url":"https:\/\/websitedemos.net\/fast-food-04\/wp-json\/wp\/v2\/pages\/6","dynamic-page":"no","astra-page-url":"\/\/websitedemos.net\/fast-food-04\/","astra-sites-tag":{"423":"home"},"site-pages-type":"agency-mini","site-pages-page-builder":"elementor","site-pages-category":[],"site-pages-parent-category":{"60":"business"},"required-plugins":[{"slug":"elementor","init":"elementor\/elementor.php","name":"Elementor"}]},"id-53703":{"title":"About","featured-image-url":"https:\/\/websitedemos.net\/wp-content\/uploads\/2021\/05\/fast-food-02-about.jpg","thumbnail-image-url":"https:\/\/websitedemos.net\/wp-content\/uploads\/2021\/05\/fast-food-02-about.jpg","astra-page-api-url":"https:\/\/websitedemos.net\/fast-food-04\/wp-json\/wp\/v2\/pages\/20","dynamic-page":"no","astra-page-url":"\/\/websitedemos.net\/fast-food-04\/about\/","astra-sites-tag":{"352":"about"},"site-pages-type":"agency-mini","site-pages-page-builder":"elementor","site-pages-category":[],"site-pages-parent-category":{"60":"business"},"required-plugins":[{"slug":"elementor","init":"elementor\/elementor.php","name":"Elementor"}]},"id-53708":{"title":"Our Menu","featured-image-url":"https:\/\/websitedemos.net\/wp-content\/uploads\/2021\/05\/fast-food-02-our-menu.jpg","thumbnail-image-url":"https:\/\/websitedemos.net\/wp-content\/uploads\/2021\/05\/fast-food-02-our-menu.jpg","astra-page-api-url":"https:\/\/websitedemos.net\/fast-food-04\/wp-json\/wp\/v2\/pages\/12","dynamic-page":"no","astra-page-url":"\/\/websitedemos.net\/fast-food-04\/our-menu\/","astra-sites-tag":{"565":"menu"},"site-pages-type":"agency-mini","site-pages-page-builder":"elementor","site-pages-category":[],"site-pages-parent-category":{"60":"business"},"required-plugins":[{"slug":"elementor","init":"elementor\/elementor.php","name":"Elementor"}]},"id-53705":{"title":"Franchisee","featured-image-url":"https:\/\/websitedemos.net\/wp-content\/uploads\/2021\/05\/fast-food-02-franchisee.jpg","thumbnail-image-url":"https:\/\/websitedemos.net\/wp-content\/uploads\/2021\/05\/fast-food-02-franchisee.jpg","astra-page-api-url":"https:\/\/websitedemos.net\/fast-food-04\/wp-json\/wp\/v2\/pages\/22","dynamic-page":"no","astra-page-url":"\/\/websitedemos.net\/fast-food-04\/franchisee\/","astra-sites-tag":{"1991":"franchisee"},"site-pages-type":"agency-mini","site-pages-page-builder":"elementor","site-pages-category":[],"site-pages-parent-category":{"60":"business"},"required-plugins":[{"slug":"elementor","init":"elementor\/elementor.php","name":"Elementor"}]},"id-53707":{"title":"Offers","featured-image-url":"https:\/\/websitedemos.net\/wp-content\/uploads\/2021\/05\/fast-food-02-offers.jpg","thumbnail-image-url":"https:\/\/websitedemos.net\/wp-content\/uploads\/2021\/05\/fast-food-02-offers.jpg","astra-page-api-url":"https:\/\/websitedemos.net\/fast-food-04\/wp-json\/wp\/v2\/pages\/14","dynamic-page":"no","astra-page-url":"\/\/websitedemos.net\/fast-food-04\/offers\/","astra-sites-tag":{"1969":"offers"},"site-pages-type":"agency-mini","site-pages-page-builder":"elementor","site-pages-category":[],"site-pages-parent-category":{"60":"business"},"required-plugins":[{"slug":"elementor","init":"elementor\/elementor.php","name":"Elementor"}]},"id-53704":{"title":"Contact","featured-image-url":"https:\/\/websitedemos.net\/wp-content\/uploads\/2021\/05\/fast-food-02-contact.jpg","thumbnail-image-url":"https:\/\/websitedemos.net\/wp-content\/uploads\/2021\/05\/fast-food-02-contact.jpg","astra-page-api-url":"https:\/\/websitedemos.net\/fast-food-04\/wp-json\/wp\/v2\/pages\/27","dynamic-page":"no","astra-page-url":"\/\/websitedemos.net\/fast-food-04\/contact\/","astra-sites-tag":{"415":"contact"},"site-pages-type":"agency-mini","site-pages-page-builder":"elementor","site-pages-category":[],"site-pages-parent-category":{"60":"business"},"required-plugins":[{"slug":"elementor","init":"elementor\/elementor.php","name":"Elementor"},{"slug":"wpforms-lite","init":"wpforms-lite\/wpforms.php","name":"WPForms Lite"}]}},"related-bb-template":"","related-elementor-template":53702,"related-gutenberg-template":85448,"related_ecommerce_template":"","ecommerce_parent_template":""},"id-59264":{"title":"Personal Portfolio","id":59264,"publish-date":1644408071,"featured-image-url":"https:\/\/websitedemos.net\/wp-content\/uploads\/2022\/02\/personal-portfolios-02.jpg","thumbnail-image-url":"https:\/\/websitedemos.net\/wp-content\/uploads\/2022\/02\/personal-portfolios-02-600x2814.jpg","fullpage-thumbnail-image-url":"https:\/\/websitedemos.net\/wp-content\/uploads\/2022\/02\/personal-portfolios-02-400x1876.jpg","astra-site-url":"\/\/websitedemos.net\/personal-portfolio-02","astra-site-parent-id":2587,"astra-sites-tag":{"2151":"curriculum-vitae","2150":"cv","3416":"elementor","1903":"personal-website","444":"portfolio","2153":"resume","2152":"work-profile"},"astra-sites-type":"free","astra-site-category":{"39":"free"},"astra-sites-template-category":{"2810":"freelance","2768":"portfolio","2783":"resume"},"astra-site-page-builder":"elementor","categories":{"3427":"default","3428":"free","2488":"portfolio"},"required-plugins":[{"slug":"elementor","init":"elementor\/elementor.php","name":"Elementor"},{"slug":"wpforms-lite","init":"wpforms-lite\/wpforms.php","name":"WPForms Lite"},{"slug":"header-footer-elementor","init":"header-footer-elementor\/header-footer-elementor.php","name":"Ultimate Addons for Elementor Lite"}],"post-status":"publish","post-content":"<!-- wp:paragraph -->\n<p>The Personal Portfolio template has been designed to showcase you and your services without going over the top. The homepage image sets the scene and the use of serif fonts and calm colors inspire confidence.<\/p>\n<!-- \/wp:paragraph -->\n\n<!-- wp:paragraph -->\n<p>The template includes lots of options to tell your story, add examples of work, testimonials, images, video and other content. There\u2019s also a readymade portfolio page to help you promote your work.<\/p>\n<!-- \/wp:paragraph -->\n\n<!-- wp:heading -->\n<h2>Key features of the Personal Portfolio template<\/h2>\n<!-- \/wp:heading -->\n\n<!-- wp:list -->\n<ul><li>Simple and attractive portfolio web template<\/li><li>Header image and headline make an instant connection<\/li><li>Pastel colors and serif fonts help inspire confidence<\/li><li>Lots of options to promote yourself and your work<\/li><li>Readymade portfolio and contact pages<\/li><li>Fully compatible with popular drag and drop page builders<\/li><\/ul>\n<!-- \/wp:list -->","post-excerpt":"Attractive portfolio template that\u2019s ideal for showcasing personal or professional work","pages":{"id-59267":{"title":"Home","featured-image-url":"https:\/\/websitedemos.net\/wp-content\/uploads\/2022\/02\/personal-portfolios-02.jpg","thumbnail-image-url":"https:\/\/websitedemos.net\/wp-content\/uploads\/2022\/02\/personal-portfolios-02-600x2814.jpg","astra-page-api-url":"https:\/\/websitedemos.net\/personal-portfolio-02\/wp-json\/wp\/v2\/pages\/7","dynamic-page":"no","astra-page-url":"\/\/websitedemos.net\/personal-portfolio-02\/","astra-sites-tag":{"423":"home"},"site-pages-type":"free","site-pages-page-builder":"elementor","site-pages-category":[],"site-pages-parent-category":{"61":"free"},"required-plugins":[{"slug":"elementor","init":"elementor\/elementor.php","name":"Elementor"},{"slug":"header-footer-elementor","init":"header-footer-elementor\/header-footer-elementor.php","name":"Ultimate Addons for Elementor Lite"}]},"id-59265":{"title":"About","featured-image-url":"https:\/\/websitedemos.net\/wp-content\/uploads\/2022\/02\/personal-portfolio-02-about-.jpg","thumbnail-image-url":"https:\/\/websitedemos.net\/wp-content\/uploads\/2022\/02\/personal-portfolio-02-about-.jpg","astra-page-api-url":"https:\/\/websitedemos.net\/personal-portfolio-02\/wp-json\/wp\/v2\/pages\/9","dynamic-page":"no","astra-page-url":"\/\/websitedemos.net\/personal-portfolio-02\/about\/","astra-sites-tag":{"352":"about"},"site-pages-type":"free","site-pages-page-builder":"elementor","site-pages-category":[],"site-pages-parent-category":{"61":"free"},"required-plugins":[{"slug":"elementor","init":"elementor\/elementor.php","name":"Elementor"}]},"id-59268":{"title":"Portfolio","featured-image-url":"https:\/\/websitedemos.net\/wp-content\/uploads\/2022\/02\/personal-portfolio-02-portfolio.jpg","thumbnail-image-url":"https:\/\/websitedemos.net\/wp-content\/uploads\/2022\/02\/personal-portfolio-02-portfolio.jpg","astra-page-api-url":"https:\/\/websitedemos.net\/personal-portfolio-02\/wp-json\/wp\/v2\/pages\/13","dynamic-page":"no","astra-page-url":"\/\/websitedemos.net\/personal-portfolio-02\/portfolio\/","astra-sites-tag":{"444":"portfolio"},"site-pages-type":"free","site-pages-page-builder":"elementor","site-pages-category":[],"site-pages-parent-category":{"61":"free"},"required-plugins":[{"slug":"elementor","init":"elementor\/elementor.php","name":"Elementor"},{"slug":"header-footer-elementor","init":"header-footer-elementor\/header-footer-elementor.php","name":"Ultimate Addons for Elementor Lite"}]},"id-59266":{"title":"Contact","featured-image-url":"https:\/\/websitedemos.net\/wp-content\/uploads\/2022\/02\/personal-portfolio-02-contact.jpg","thumbnail-image-url":"https:\/\/websitedemos.net\/wp-content\/uploads\/2022\/02\/personal-portfolio-02-contact.jpg","astra-page-api-url":"https:\/\/websitedemos.net\/personal-portfolio-02\/wp-json\/wp\/v2\/pages\/11","dynamic-page":"no","astra-page-url":"\/\/websitedemos.net\/personal-portfolio-02\/contact\/","astra-sites-tag":{"415":"contact"},"site-pages-type":"free","site-pages-page-builder":"elementor","site-pages-category":[],"site-pages-parent-category":{"61":"free"},"required-plugins":[{"slug":"elementor","init":"elementor\/elementor.php","name":"Elementor"},{"slug":"wpforms-lite","init":"wpforms-lite\/wpforms.php","name":"WPForms Lite"}]}},"related-bb-template":"","related-elementor-template":59264,"related-gutenberg-template":59219,"related_ecommerce_template":"","ecommerce_parent_template":""},"id-71221":{"title":"Flavio Restaurant","id":71221,"publish-date":1672840358,"featured-image-url":"https:\/\/websitedemos.net\/wp-content\/uploads\/2023\/01\/flavio-restaurant-04.jpg","thumbnail-image-url":"https:\/\/websitedemos.net\/wp-content\/uploads\/2023\/01\/flavio-restaurant-04-600x2452.jpg","fullpage-thumbnail-image-url":"https:\/\/websitedemos.net\/wp-content\/uploads\/2023\/01\/flavio-restaurant-04-400x1634.jpg","astra-site-url":"\/\/websitedemos.net\/flavio-restaurant-04","astra-site-parent-id":3068,"astra-sites-tag":{"3070":"delicious-food-restaurant","561":"eatery","3416":"elementor","336":"food","2067":"food-and-restaurant","1579":"food-menu","559":"outlet","1844":"premium","335":"restaurant","970":"restro"},"astra-sites-type":"agency-mini","astra-site-category":{"27":"business"},"astra-sites-template-category":{"2777":"business","2785":"food","2876":"food-ordering","2776":"restaurant"},"astra-site-page-builder":"elementor","categories":{"3427":"default","3429":"premium","2496":"restaurant-food"},"required-plugins":[{"slug":"elementor","init":"elementor\/elementor.php","name":"Elementor"},{"slug":"ultimate-elementor","init":"ultimate-elementor\/ultimate-elementor.php","name":"Ultimate Addons for Elementor"},{"slug":"wpforms-lite","init":"wpforms-lite\/wpforms.php","name":"WPForms Lite"}],"post-status":"publish","post-content":"<!-- wp:paragraph -->\n<p>The Flavio Restaurant website template is a modern fullscreen design with a mixture of modern and handwritten fonts and beautiful images of food throughout. It\u2019s an engaging design with lots of color and imagery to catch the eye.<\/p>\n<!-- \/wp:paragraph -->\n\n<!-- wp:paragraph -->\n<p>The Flavio Restaurant design has an attractive menu section with dedicated pages, a built in reservation element, attractive contact form with map and the social media elements you expect from a restaurant website. Everything can be fully customized to suit.<\/p>\n<!-- \/wp:paragraph -->\n\n<!-- wp:heading -->\n<h2>Key features of the Flavio Restaurant template<\/h2>\n<!-- \/wp:heading -->\n\n<!-- wp:list -->\n<ul><!-- wp:list-item -->\n<li>Modern fullscreen Flavio Restaurant template<\/li>\n<!-- \/wp:list-item -->\n\n<!-- wp:list-item -->\n<li>Lots of color and attractive typography<\/li>\n<!-- \/wp:list-item -->\n\n<!-- wp:list-item -->\n<li>Engaging images of food throughout<\/li>\n<!-- \/wp:list-item -->\n\n<!-- wp:list-item -->\n<li>Menu section and dedicated page<\/li>\n<!-- \/wp:list-item -->\n\n<!-- wp:list-item -->\n<li>Full compatibility with leading page builders<\/li>\n<!-- \/wp:list-item --><\/ul>\n<!-- \/wp:list -->","post-excerpt":"Bright and colorful design ideal for contemporary restaurant websites","pages":{"id-71224":{"title":"Home","featured-image-url":"https:\/\/websitedemos.net\/wp-content\/uploads\/2023\/01\/flavio-restaurant-04.jpg","thumbnail-image-url":"https:\/\/websitedemos.net\/wp-content\/uploads\/2023\/01\/flavio-restaurant-04-600x2452.jpg","astra-page-api-url":"https:\/\/websitedemos.net\/flavio-restaurant-04\/wp-json\/wp\/v2\/pages\/8","dynamic-page":"no","astra-page-url":"\/\/websitedemos.net\/flavio-restaurant-04\/","astra-sites-tag":{"423":"home"},"site-pages-type":"agency-mini","site-pages-page-builder":"elementor","site-pages-category":[],"site-pages-parent-category":{"60":"business"},"required-plugins":[{"slug":"elementor","init":"elementor\/elementor.php","name":"Elementor"},{"slug":"ultimate-elementor","init":"ultimate-elementor\/ultimate-elementor.php","name":"Ultimate Addons for Elementor"},{"slug":"wpforms-lite","init":"wpforms-lite\/wpforms.php","name":"WPForms Lite"}]},"id-71223":{"title":"History","featured-image-url":"https:\/\/websitedemos.net\/wp-content\/uploads\/2023\/01\/flavio-restaurant-04-history.jpg","thumbnail-image-url":"https:\/\/websitedemos.net\/wp-content\/uploads\/2023\/01\/flavio-restaurant-04-history-600x2110.jpg","astra-page-api-url":"https:\/\/websitedemos.net\/flavio-restaurant-04\/wp-json\/wp\/v2\/pages\/105","dynamic-page":"no","astra-page-url":"\/\/websitedemos.net\/flavio-restaurant-04\/history\/","astra-sites-tag":{"645":"history"},"site-pages-type":"agency-mini","site-pages-page-builder":"elementor","site-pages-category":[],"site-pages-parent-category":{"60":"business"},"required-plugins":[{"slug":"elementor","init":"elementor\/elementor.php","name":"Elementor"},{"slug":"ultimate-elementor","init":"ultimate-elementor\/ultimate-elementor.php","name":"Ultimate Addons for Elementor"},{"slug":"wpforms-lite","init":"wpforms-lite\/wpforms.php","name":"WPForms Lite"}]},"id-71225":{"title":"Our Menu","featured-image-url":"https:\/\/websitedemos.net\/wp-content\/uploads\/2023\/01\/flavio-restaurant-04-our-menu.jpg","thumbnail-image-url":"https:\/\/websitedemos.net\/wp-content\/uploads\/2023\/01\/flavio-restaurant-04-our-menu-600x1444.jpg","astra-page-api-url":"https:\/\/websitedemos.net\/flavio-restaurant-04\/wp-json\/wp\/v2\/pages\/107","dynamic-page":"no","astra-page-url":"\/\/websitedemos.net\/flavio-restaurant-04\/our-menu\/","astra-sites-tag":{"1578":"our-menu"},"site-pages-type":"agency-mini","site-pages-page-builder":"elementor","site-pages-category":[],"site-pages-parent-category":{"60":"business"},"required-plugins":[{"slug":"elementor","init":"elementor\/elementor.php","name":"Elementor"},{"slug":"ultimate-elementor","init":"ultimate-elementor\/ultimate-elementor.php","name":"Ultimate Addons for Elementor"},{"slug":"wpforms-lite","init":"wpforms-lite\/wpforms.php","name":"WPForms Lite"}]},"id-71222":{"title":"Contact","featured-image-url":"https:\/\/websitedemos.net\/wp-content\/uploads\/2023\/01\/flavio-restaurant-04-contact.jpg","thumbnail-image-url":"https:\/\/websitedemos.net\/wp-content\/uploads\/2023\/01\/flavio-restaurant-04-contact-600x943.jpg","astra-page-api-url":"https:\/\/websitedemos.net\/flavio-restaurant-04\/wp-json\/wp\/v2\/pages\/100","dynamic-page":"no","astra-page-url":"\/\/websitedemos.net\/flavio-restaurant-04\/contact\/","astra-sites-tag":{"415":"contact"},"site-pages-type":"agency-mini","site-pages-page-builder":"elementor","site-pages-category":[],"site-pages-parent-category":{"60":"business"},"required-plugins":[{"slug":"elementor","init":"elementor\/elementor.php","name":"Elementor"},{"slug":"ultimate-elementor","init":"ultimate-elementor\/ultimate-elementor.php","name":"Ultimate Addons for Elementor"},{"slug":"wpforms-lite","init":"wpforms-lite\/wpforms.php","name":"WPForms Lite"}]}},"related-bb-template":"","related-elementor-template":71221,"related-gutenberg-template":87360,"related_ecommerce_template":"","ecommerce_parent_template":""},"id-59063":{"title":"Heating And A\/C Technician","id":59063,"publish-date":1643645899,"featured-image-url":"https:\/\/websitedemos.net\/wp-content\/uploads\/2022\/01\/heating-and-ac-technician-02-home.jpg","thumbnail-image-url":"https:\/\/websitedemos.net\/wp-content\/uploads\/2022\/01\/heating-and-ac-technician-02-home.jpg","fullpage-thumbnail-image-url":"https:\/\/websitedemos.net\/wp-content\/uploads\/2022\/01\/heating-and-ac-technician-02-home.jpg","astra-site-url":"\/\/websitedemos.net\/heating-and-ac-technician-02","astra-site-parent-id":2571,"astra-sites-tag":{"599":"ac-repair","2573":"air-conditioning-service","3416":"elementor","439":"local-services","2572":"manufacturer","2094":"mechanic","600":"repair-services","441":"technician"},"astra-sites-type":"free","astra-site-category":{"27":"business","39":"free"},"astra-sites-template-category":{"2831":"service"},"astra-site-page-builder":"elementor","categories":{"3427":"default","3428":"free","2471":"local-technician"},"required-plugins":[{"slug":"elementor","init":"elementor\/elementor.php","name":"Elementor"},{"slug":"wpforms-lite","init":"wpforms-lite\/wpforms.php","name":"WPForms Lite"},{"slug":"header-footer-elementor","init":"header-footer-elementor\/header-footer-elementor.php","name":"Ultimate Addons for Elementor Lite"}],"post-status":"publish","post-content":"<!-- wp:paragraph -->\n<p>The Heating And A\/C Technician template has a minimalist feel even though it packs in the features. Thanks to a light page design with nice colors and modern fonts, the design has instant appeal with minimal distraction.<\/p>\n<!-- \/wp:paragraph -->\n\n<!-- wp:paragraph -->\n<p>The homepage includes blocks for most uses, with the opportunity to add or remove them as required. Additional pages all reflect the core design to deliver the information visitors will need.<\/p>\n<!-- \/wp:paragraph -->\n\n<!-- wp:heading {\"UAGDay\":[]} -->\n<h2 class=\"wp-block-heading\">Key features of the Heating And A\/C Technician template<\/h2>\n<!-- \/wp:heading -->\n\n<!-- wp:list -->\n<ul><!-- wp:list-item -->\n<li>Light, open design that draws you in<\/li>\n<!-- \/wp:list-item -->\n\n<!-- wp:list-item -->\n<li>Great use of subtle colors and modern fonts<\/li>\n<!-- \/wp:list-item -->\n\n<!-- wp:list-item -->\n<li>Calls to action and buttons stand out to help engage<\/li>\n<!-- \/wp:list-item -->\n\n<!-- wp:list-item -->\n<li>Option to add or remove page blocks however you need<\/li>\n<!-- \/wp:list-item -->\n\n<!-- wp:list-item -->\n<li>Subtle animations and parallax effects work well<\/li>\n<!-- \/wp:list-item -->\n\n<!-- wp:list-item -->\n<li>Fully compatible with drag and drop page builders<\/li>\n<!-- \/wp:list-item --><\/ul>\n<!-- \/wp:list -->","post-excerpt":"Minimalist design that lets you showcase your heating or AC business in an engaging way","pages":{"id-59066":{"title":"Home","featured-image-url":"https:\/\/websitedemos.net\/wp-content\/uploads\/2022\/01\/heating-and-ac-technician-02-home.jpg","thumbnail-image-url":"https:\/\/websitedemos.net\/wp-content\/uploads\/2022\/01\/heating-and-ac-technician-02-home.jpg","astra-page-api-url":"https:\/\/websitedemos.net\/heating-and-ac-technician-02\/wp-json\/wp\/v2\/pages\/10","dynamic-page":"no","astra-page-url":"\/\/websitedemos.net\/heating-and-ac-technician-02\/","astra-sites-tag":{"423":"home"},"site-pages-type":"free","site-pages-page-builder":"elementor","site-pages-category":[],"site-pages-parent-category":{"60":"business","61":"free"},"required-plugins":[{"slug":"elementor","init":"elementor\/elementor.php","name":"Elementor"},{"slug":"header-footer-elementor","init":"header-footer-elementor\/header-footer-elementor.php","name":"Ultimate Addons for Elementor Lite"}]},"id-59064":{"title":"About","featured-image-url":"https:\/\/websitedemos.net\/wp-content\/uploads\/2022\/01\/heating-and-ac-technician-02-about.jpg","thumbnail-image-url":"https:\/\/websitedemos.net\/wp-content\/uploads\/2022\/01\/heating-and-ac-technician-02-about.jpg","astra-page-api-url":"https:\/\/websitedemos.net\/heating-and-ac-technician-02\/wp-json\/wp\/v2\/pages\/12","dynamic-page":"no","astra-page-url":"\/\/websitedemos.net\/heating-and-ac-technician-02\/about\/","astra-sites-tag":{"352":"about"},"site-pages-type":"free","site-pages-page-builder":"elementor","site-pages-category":[],"site-pages-parent-category":{"60":"business","61":"free"},"required-plugins":[{"slug":"elementor","init":"elementor\/elementor.php","name":"Elementor"},{"slug":"header-footer-elementor","init":"header-footer-elementor\/header-footer-elementor.php","name":"Ultimate Addons for Elementor Lite"}]},"id-59067":{"title":"Services","featured-image-url":"https:\/\/websitedemos.net\/wp-content\/uploads\/2022\/01\/heating-and-ac-technician-02-services.jpg","thumbnail-image-url":"https:\/\/websitedemos.net\/wp-content\/uploads\/2022\/01\/heating-and-ac-technician-02-services.jpg","astra-page-api-url":"https:\/\/websitedemos.net\/heating-and-ac-technician-02\/wp-json\/wp\/v2\/pages\/14","dynamic-page":"no","astra-page-url":"\/\/websitedemos.net\/heating-and-ac-technician-02\/services\/","astra-sites-tag":{"425":"services"},"site-pages-type":"free","site-pages-page-builder":"elementor","site-pages-category":[],"site-pages-parent-category":{"60":"business","61":"free"},"required-plugins":[{"slug":"elementor","init":"elementor\/elementor.php","name":"Elementor"},{"slug":"header-footer-elementor","init":"header-footer-elementor\/header-footer-elementor.php","name":"Ultimate Addons for Elementor Lite"}]},"id-59065":{"title":"Contact","featured-image-url":"https:\/\/websitedemos.net\/wp-content\/uploads\/2022\/01\/heating-and-ac-technician-02-contact.jpg","thumbnail-image-url":"https:\/\/websitedemos.net\/wp-content\/uploads\/2022\/01\/heating-and-ac-technician-02-contact.jpg","astra-page-api-url":"https:\/\/websitedemos.net\/heating-and-ac-technician-02\/wp-json\/wp\/v2\/pages\/16","dynamic-page":"no","astra-page-url":"\/\/websitedemos.net\/heating-and-ac-technician-02\/contact\/","astra-sites-tag":{"415":"contact"},"site-pages-type":"free","site-pages-page-builder":"elementor","site-pages-category":[],"site-pages-parent-category":{"60":"business","61":"free"},"required-plugins":[{"slug":"elementor","init":"elementor\/elementor.php","name":"Elementor"},{"slug":"header-footer-elementor","init":"header-footer-elementor\/header-footer-elementor.php","name":"Ultimate Addons for Elementor Lite"},{"slug":"wpforms-lite","init":"wpforms-lite\/wpforms.php","name":"WPForms Lite"}]}},"related-bb-template":"","related-elementor-template":59063,"related-gutenberg-template":69646,"related_ecommerce_template":"","ecommerce_parent_template":""},"id-58084":{"title":"Plant Shop","id":58084,"publish-date":1632244281,"featured-image-url":"https:\/\/websitedemos.net\/wp-content\/uploads\/2021\/09\/plant-shop-02-home-page.jpg","thumbnail-image-url":"https:\/\/websitedemos.net\/wp-content\/uploads\/2021\/09\/plant-shop-02-home-page.jpg","fullpage-thumbnail-image-url":"https:\/\/websitedemos.net\/wp-content\/uploads\/2021\/09\/plant-shop-02-home-page.jpg","astra-site-url":"\/\/websitedemos.net\/plant-shop-02","astra-site-parent-id":2375,"astra-sites-tag":{"2418":"commerce","1017":"e-commerce","496":"ecommerce","3416":"elementor","2419":"eshopping","2422":"online-market","2420":"online-shopping","383":"online-store","497":"plant-store","495":"plants","2421":"purchases","2417":"reseller","733":"shop","2416":"shopping","749":"store","1024":"woocommerce"},"astra-sites-type":"free","astra-site-category":{"38":"ecommerce","39":"free"},"astra-sites-template-category":{"2777":"business","2769":"ecommerce","2830":"nature","2857":"online-shopping"},"astra-site-page-builder":"elementor","categories":{"3427":"default","2495":"ecommerce","3428":"free","2476":"gardening"},"required-plugins":[{"slug":"cartflows","init":"cartflows\/cartflows.php","name":"CartFlows"},{"slug":"elementor","init":"elementor\/elementor.php","name":"Elementor"},{"slug":"wpforms-lite","init":"wpforms-lite\/wpforms.php","name":"WPForms Lite"},{"slug":"woocommerce","init":"woocommerce\/woocommerce.php","name":"WooCommerce"},{"slug":"variation-swatches-woo","init":"variation-swatches-woo\/variation-swatches-woo.php","name":"Variation Swatches for WooCommerce"},{"slug":"header-footer-elementor","init":"header-footer-elementor\/header-footer-elementor.php","name":"Ultimate Addons for Elementor Lite"},{"slug":"woocommerce-payments","init":"woocommerce-payments\/woocommerce-payments.php","name":"WooPayments"},{"slug":"woo-cart-abandonment-recovery","init":"woo-cart-abandonment-recovery\/woo-cart-abandonment-recovery.php","name":"WooCommerce Cart Abandonment Recovery"}],"post-status":"publish","post-content":"<!-- wp:paragraph -->\n<p>If you are running a nursery and want to take your business online, the Plant Shop template is a great starting point. The design is clean and minimalistic yet has all the correct elements to build a high-converting plant shop website.<\/p>\n<!-- \/wp:paragraph -->\n\n<!-- wp:paragraph -->\n<p>Plant Shop web template is fully compatible with WooCommerce and allows you to set up your store quickly. Add your latest plants, customer reviews, and more on the impressive-looking homepage.&nbsp;<\/p>\n<!-- \/wp:paragraph -->\n\n<!-- wp:heading -->\n<h2>Key features of the Plant Shop template<\/h2>\n<!-- \/wp:heading -->\n\n<!-- wp:list -->\n<ul><!-- wp:list-item -->\n<li>Simple, clean design that comes with all the correct elements<\/li>\n<!-- \/wp:list-item -->\n\n<!-- wp:list-item -->\n<li>Impressive hero image, best to promote your product line<\/li>\n<!-- \/wp:list-item -->\n\n<!-- wp:list-item -->\n<li>Deep integration with WooCommerce, allowing you to sell online quickly<\/li>\n<!-- \/wp:list-item -->\n\n<!-- wp:list-item -->\n<li>Simple yet highly effective product pages<\/li>\n<!-- \/wp:list-item -->\n\n<!-- wp:list-item -->\n<li>Page builder ready<\/li>\n<!-- \/wp:list-item --><\/ul>\n<!-- \/wp:list -->","post-excerpt":"Simple and minimalistic design perfect to create a high converting plant shop website","pages":{"id-58087":{"title":"Home","featured-image-url":"https:\/\/websitedemos.net\/wp-content\/uploads\/2021\/09\/plant-shop-02.jpg","thumbnail-image-url":"https:\/\/websitedemos.net\/wp-content\/uploads\/2021\/09\/plant-shop-02-600x2285.jpg","astra-page-api-url":"https:\/\/websitedemos.net\/plant-shop-02\/wp-json\/wp\/v2\/pages\/25","dynamic-page":"yes","astra-page-url":"\/\/websitedemos.net\/plant-shop-02\/","astra-sites-tag":{"423":"home"},"site-pages-type":"free","site-pages-page-builder":"elementor","site-pages-category":[],"site-pages-parent-category":{"64":"ecommerce","61":"free"},"required-plugins":[{"slug":"elementor","init":"elementor\/elementor.php","name":"Elementor"},{"slug":"woocommerce","init":"woocommerce\/woocommerce.php","name":"WooCommerce"},{"slug":"woocommerce-payments","init":"woocommerce-payments\/woocommerce-payments.php","name":"WooPayments"}]},"id-58085":{"title":"About","featured-image-url":"https:\/\/websitedemos.net\/wp-content\/uploads\/2021\/09\/plant-shop-02-about-1.jpg","thumbnail-image-url":"https:\/\/websitedemos.net\/wp-content\/uploads\/2021\/09\/plant-shop-02-about-1-600x1131.jpg","astra-page-api-url":"https:\/\/websitedemos.net\/plant-shop-02\/wp-json\/wp\/v2\/pages\/252","dynamic-page":"no","astra-page-url":"\/\/websitedemos.net\/plant-shop-02\/about\/","astra-sites-tag":{"352":"about"},"site-pages-type":"free","site-pages-page-builder":"elementor","site-pages-category":[],"site-pages-parent-category":{"64":"ecommerce","61":"free"},"required-plugins":[{"slug":"elementor","init":"elementor\/elementor.php","name":"Elementor"}]},"id-58086":{"title":"Contact","featured-image-url":"https:\/\/websitedemos.net\/wp-content\/uploads\/2021\/09\/plant-shop-02-contact-1.jpg","thumbnail-image-url":"https:\/\/websitedemos.net\/wp-content\/uploads\/2021\/09\/plant-shop-02-contact-1-600x786.jpg","astra-page-api-url":"https:\/\/websitedemos.net\/plant-shop-02\/wp-json\/wp\/v2\/pages\/357","dynamic-page":"no","astra-page-url":"\/\/websitedemos.net\/plant-shop-02\/contact\/","astra-sites-tag":{"415":"contact"},"site-pages-type":"free","site-pages-page-builder":"elementor","site-pages-category":[],"site-pages-parent-category":{"64":"ecommerce","61":"free"},"required-plugins":[{"slug":"elementor","init":"elementor\/elementor.php","name":"Elementor"},{"slug":"wpforms-lite","init":"wpforms-lite\/wpforms.php","name":"WPForms Lite"}]}},"related-bb-template":"","related-elementor-template":"","related-gutenberg-template":"","related_ecommerce_template":"","ecommerce_parent_template":""},"id-47609":{"title":"Online Furniture Store","id":47609,"publish-date":1600961412,"featured-image-url":"https:\/\/websitedemos.net\/wp-content\/uploads\/2020\/09\/home-decor-04.jpg","thumbnail-image-url":"https:\/\/websitedemos.net\/wp-content\/uploads\/2020\/09\/home-decor-04.jpg","fullpage-thumbnail-image-url":"https:\/\/websitedemos.net\/wp-content\/uploads\/2020\/09\/home-decor-04.jpg","astra-site-url":"\/\/websitedemos.net\/home-decor-04","astra-site-parent-id":1655,"astra-sites-tag":{"2418":"commerce","1017":"e-commerce","496":"ecommerce","1817":"ecommerce-store","3416":"elementor","2419":"eshopping","524":"furniture","856":"furniture-store","2357":"online-furniture-store","2420":"online-shopping","383":"online-store","1844":"premium","2421":"purchases","2417":"reseller","733":"shop","2416":"shopping","749":"store","1024":"woocommerce","2356":"work-from-home"},"astra-sites-type":"agency-mini","astra-site-category":{"27":"business","38":"ecommerce"},"astra-sites-template-category":{"2777":"business","2769":"ecommerce","2879":"furniture","2793":"interior-design","2857":"online-shopping"},"astra-site-page-builder":"elementor","categories":{"3427":"default","2495":"ecommerce","3429":"premium"},"required-plugins":[{"slug":"elementor","init":"elementor\/elementor.php","name":"Elementor"},{"slug":"woocommerce","init":"woocommerce\/woocommerce.php","name":"WooCommerce"},{"slug":"wpforms-lite","init":"wpforms-lite\/wpforms.php","name":"WPForms Lite"},{"slug":"astra-addon","init":"astra-addon\/astra-addon.php","name":"Astra Pro"},{"slug":"variation-swatches-woo","init":"variation-swatches-woo\/variation-swatches-woo.php","name":"Variation Swatches for WooCommerce"},{"slug":"woocommerce-payments","init":"woocommerce-payments\/woocommerce-payments.php","name":"WooPayments"},{"slug":"cartflows","init":"cartflows\/cartflows.php","name":"CartFlows"},{"slug":"woo-cart-abandonment-recovery","init":"woo-cart-abandonment-recovery\/woo-cart-abandonment-recovery.php","name":"WooCommerce Cart Abandonment Recovery"}],"post-status":"publish","post-content":"<!-- wp:paragraph -->\n<p>The right furniture livens up your home. It sets the \u200b\u200bstage for comfortable and cozy living spaces. And what better way to set the tone online than having the perfect website template.&nbsp;<\/p>\n<!-- \/wp:paragraph -->\n\n<!-- wp:paragraph -->\n<p>The Online Furniture Store template is beautifully designed, helping you create an instant engagement with your customers. The template is designed to help you sell all kinds of furniture for living rooms, bedrooms, kitchens, and bathrooms.<\/p>\n<!-- \/wp:paragraph -->\n\n<!-- wp:heading {\"UAGDay\":[]} -->\n<h2 class=\"wp-block-heading\">Key features of the Online Furniture Store template<\/h2>\n<!-- \/wp:heading -->\n\n<!-- wp:list -->\n<ul><!-- wp:list-item -->\n<li>Beautifully designed website template<\/li>\n<!-- \/wp:list-item -->\n\n<!-- wp:list-item -->\n<li>Showcase your latest products and best sellers on the homepage<\/li>\n<!-- \/wp:list-item -->\n\n<!-- wp:list-item -->\n<li>Offers deals and offers on the homepage<\/li>\n<!-- \/wp:list-item -->\n\n<!-- wp:list-item -->\n<li>Build an email list by getting customers to sign up for your newsletter<\/li>\n<!-- \/wp:list-item -->\n\n<!-- wp:list-item -->\n<li>SEO-friendly and WooCommerce-ready template<\/li>\n<!-- \/wp:list-item --><\/ul>\n<!-- \/wp:list -->","post-excerpt":"Well designed eCommerce web template to sell all kinds of home decor","pages":{"id-47612":{"title":"Home","featured-image-url":"https:\/\/websitedemos.net\/wp-content\/uploads\/2020\/09\/home-decor-04.jpg","thumbnail-image-url":"https:\/\/websitedemos.net\/wp-content\/uploads\/2020\/09\/home-decor-04.jpg","astra-page-api-url":"https:\/\/websitedemos.net\/home-decor-04\/wp-json\/wp\/v2\/pages\/9","dynamic-page":"yes","astra-page-url":"\/\/websitedemos.net\/home-decor-04\/","astra-sites-tag":{"423":"home","814":"homepage"},"site-pages-type":"agency-mini","site-pages-page-builder":"elementor","site-pages-category":[],"site-pages-parent-category":{"60":"business","64":"ecommerce"},"required-plugins":[{"slug":"astra-addon","init":"astra-addon\/astra-addon.php","name":"Astra Pro"},{"slug":"elementor","init":"elementor\/elementor.php","name":"Elementor"},{"slug":"variation-swatches-woo","init":"variation-swatches-woo\/variation-swatches-woo.php","name":"Variation Swatches for WooCommerce"},{"slug":"woocommerce","init":"woocommerce\/woocommerce.php","name":"WooCommerce"},{"slug":"woocommerce-payments","init":"woocommerce-payments\/woocommerce-payments.php","name":"WooPayments"},{"slug":"wpforms-lite","init":"wpforms-lite\/wpforms.php","name":"WPForms Lite"}]},"id-47610":{"title":"About Us","featured-image-url":"https:\/\/websitedemos.net\/wp-content\/uploads\/2020\/09\/home-decor-04-about-us.jpg","thumbnail-image-url":"https:\/\/websitedemos.net\/wp-content\/uploads\/2020\/09\/home-decor-04-about-us.jpg","astra-page-api-url":"https:\/\/websitedemos.net\/home-decor-04\/wp-json\/wp\/v2\/pages\/162","dynamic-page":"no","astra-page-url":"\/\/websitedemos.net\/home-decor-04\/about-us\/","astra-sites-tag":{"352":"about","455":"about-us"},"site-pages-type":"agency-mini","site-pages-page-builder":"elementor","site-pages-category":[],"site-pages-parent-category":{"60":"business","64":"ecommerce"},"required-plugins":[{"slug":"astra-addon","init":"astra-addon\/astra-addon.php","name":"Astra Pro"},{"slug":"elementor","init":"elementor\/elementor.php","name":"Elementor"},{"slug":"wpforms-lite","init":"wpforms-lite\/wpforms.php","name":"WPForms Lite"}]},"id-47613":{"title":"Rooms","featured-image-url":"https:\/\/websitedemos.net\/wp-content\/uploads\/2020\/09\/home-decor-04-rooms.jpg","thumbnail-image-url":"https:\/\/websitedemos.net\/wp-content\/uploads\/2020\/09\/home-decor-04-rooms.jpg","astra-page-api-url":"https:\/\/websitedemos.net\/home-decor-04\/wp-json\/wp\/v2\/pages\/133","dynamic-page":"yes","astra-page-url":"\/\/websitedemos.net\/home-decor-04\/rooms\/","astra-sites-tag":{"540":"products"},"site-pages-type":"agency-mini","site-pages-page-builder":"elementor","site-pages-category":[],"site-pages-parent-category":{"60":"business","64":"ecommerce"},"required-plugins":[{"slug":"astra-addon","init":"astra-addon\/astra-addon.php","name":"Astra Pro"},{"slug":"elementor","init":"elementor\/elementor.php","name":"Elementor"},{"slug":"variation-swatches-woo","init":"variation-swatches-woo\/variation-swatches-woo.php","name":"Variation Swatches for WooCommerce"},{"slug":"woocommerce","init":"woocommerce\/woocommerce.php","name":"WooCommerce"},{"slug":"wpforms-lite","init":"wpforms-lite\/wpforms.php","name":"WPForms Lite"}]},"id-47611":{"title":"Contact Us","featured-image-url":"https:\/\/websitedemos.net\/wp-content\/uploads\/2020\/09\/home-decor-04-contact-us.jpg","thumbnail-image-url":"https:\/\/websitedemos.net\/wp-content\/uploads\/2020\/09\/home-decor-04-contact-us.jpg","astra-page-api-url":"https:\/\/websitedemos.net\/home-decor-04\/wp-json\/wp\/v2\/pages\/196","dynamic-page":"no","astra-page-url":"\/\/websitedemos.net\/home-decor-04\/contact-us\/","astra-sites-tag":{"415":"contact","454":"contact-us","896":"get-connected","377":"get-in-touch"},"site-pages-type":"agency-mini","site-pages-page-builder":"elementor","site-pages-category":[],"site-pages-parent-category":{"60":"business","64":"ecommerce"},"required-plugins":[{"slug":"astra-addon","init":"astra-addon\/astra-addon.php","name":"Astra Pro"},{"slug":"elementor","init":"elementor\/elementor.php","name":"Elementor"},{"slug":"wpforms-lite","init":"wpforms-lite\/wpforms.php","name":"WPForms Lite"}]}},"related-bb-template":"","related-elementor-template":47609,"related-gutenberg-template":74334,"related_ecommerce_template":"","ecommerce_parent_template":""},"id-58970":{"title":"Cycle Shop","id":58970,"publish-date":1643645321,"featured-image-url":"https:\/\/websitedemos.net\/wp-content\/uploads\/2022\/01\/cycle-shop-02-home.jpg","thumbnail-image-url":"https:\/\/websitedemos.net\/wp-content\/uploads\/2022\/01\/cycle-shop-02-home.jpg","fullpage-thumbnail-image-url":"https:\/\/websitedemos.net\/wp-content\/uploads\/2022\/01\/cycle-shop-02-home.jpg","astra-site-url":"\/\/websitedemos.net\/cycle-shop-02","astra-site-parent-id":2547,"astra-sites-tag":{"880":"cartflows","2418":"commerce","2548":"cycle-shop","1017":"e-commerce","496":"ecommerce","3416":"elementor","2422":"online-market","732":"online-shop","2420":"online-shopping","383":"online-store","967":"product-store","2421":"purchases","2417":"reseller","733":"shop","2416":"shopping","2549":"sport-cycyle","749":"store","966":"woo-commerce","1024":"woocommerce"},"astra-sites-type":"free","astra-site-category":{"27":"business","39":"free"},"astra-sites-template-category":{"2769":"ecommerce","2857":"online-shopping"},"astra-site-page-builder":"elementor","categories":{"3427":"default","2495":"ecommerce","3428":"free"},"required-plugins":[{"slug":"elementor","init":"elementor\/elementor.php","name":"Elementor"},{"slug":"wpforms-lite","init":"wpforms-lite\/wpforms.php","name":"WPForms Lite"},{"slug":"variation-swatches-woo","init":"variation-swatches-woo\/variation-swatches-woo.php","name":"Variation Swatches for WooCommerce"},{"slug":"woocommerce","init":"woocommerce\/woocommerce.php","name":"WooCommerce"},{"slug":"woo-cart-abandonment-recovery","init":"woo-cart-abandonment-recovery\/woo-cart-abandonment-recovery.php","name":"WooCommerce Cart Abandonment Recovery"},{"slug":"cartflows","init":"cartflows\/cartflows.php","name":"CartFlows"},{"slug":"header-footer-elementor","init":"header-footer-elementor\/header-footer-elementor.php","name":"Ultimate Addons for Elementor Lite"},{"slug":"woocommerce-payments","init":"woocommerce-payments\/woocommerce-payments.php","name":"WooPayments"}],"post-status":"publish","post-content":"<!-- wp:paragraph -->\n<p>The Cycle Shop template is an easy way to take advantage of the global rise in cycling. It\u2019s an attractive modern template with a full screen image on the homepage that opens out into a modern, well-balanced design.<\/p>\n<!-- \/wp:paragraph -->\n\n<!-- wp:paragraph -->\n<p>The template can integrate seamlessly with WooCommerce so you can sell products easily, and the template as a whole can be fully customized to fit your brand.<\/p>\n<!-- \/wp:paragraph -->\n\n<!-- wp:heading -->\n<h2>Key features of the Cycle Shop template<\/h2>\n<!-- \/wp:heading -->\n\n<!-- wp:list -->\n<ul><!-- wp:list-item -->\n<li>Modern cycling shop website template designed to engage<\/li>\n<!-- \/wp:list-item -->\n\n<!-- wp:list-item -->\n<li>Fully integrates with WooCommerce for an online store<\/li>\n<!-- \/wp:list-item -->\n\n<!-- wp:list-item -->\n<li>Attractive product areas and product pages<\/li>\n<!-- \/wp:list-item -->\n\n<!-- wp:list-item -->\n<li>Product highlight blocks already built into the design<\/li>\n<!-- \/wp:list-item -->\n\n<!-- wp:list-item -->\n<li>Option to add products, pages and sections quickly and easily<\/li>\n<!-- \/wp:list-item -->\n\n<!-- wp:list-item -->\n<li>Fully compatible with leading drag and drop page builders<\/li>\n<!-- \/wp:list-item --><\/ul>\n<!-- \/wp:list -->","post-excerpt":"Impactful eCommerce template designed for cycle shops or any type of online retailer","pages":{"id-58973":{"title":"Home","featured-image-url":"https:\/\/websitedemos.net\/wp-content\/uploads\/2022\/01\/cycle-shop-02-home.jpg","thumbnail-image-url":"https:\/\/websitedemos.net\/wp-content\/uploads\/2022\/01\/cycle-shop-02-home.jpg","astra-page-api-url":"https:\/\/websitedemos.net\/cycle-shop-02\/wp-json\/wp\/v2\/pages\/13","dynamic-page":"yes","astra-page-url":"\/\/websitedemos.net\/cycle-shop-02\/","astra-sites-tag":{"423":"home"},"site-pages-type":"free","site-pages-page-builder":"elementor","site-pages-category":[],"site-pages-parent-category":{"60":"business","61":"free"},"required-plugins":[{"slug":"cartflows","init":"cartflows\/cartflows.php","name":"CartFlows"},{"slug":"elementor","init":"elementor\/elementor.php","name":"Elementor"},{"slug":"header-footer-elementor","init":"header-footer-elementor\/header-footer-elementor.php","name":"Ultimate Addons for Elementor Lite"},{"slug":"variation-swatches-woo","init":"variation-swatches-woo\/variation-swatches-woo.php","name":"Variation Swatches for WooCommerce"},{"slug":"woocommerce","init":"woocommerce\/woocommerce.php","name":"WooCommerce"},{"slug":"woo-cart-abandonment-recovery","init":"woo-cart-abandonment-recovery\/woo-cart-abandonment-recovery.php","name":"WooCommerce Cart Abandonment Recovery"},{"slug":"woocommerce-payments","init":"woocommerce-payments\/woocommerce-payments.php","name":"WooPayments"}]},"id-58971":{"title":"About Us","featured-image-url":"https:\/\/websitedemos.net\/wp-content\/uploads\/2022\/01\/cycle-shop-02-about-us.jpg","thumbnail-image-url":"https:\/\/websitedemos.net\/wp-content\/uploads\/2022\/01\/cycle-shop-02-about-us.jpg","astra-page-api-url":"https:\/\/websitedemos.net\/cycle-shop-02\/wp-json\/wp\/v2\/pages\/20","dynamic-page":"no","astra-page-url":"\/\/websitedemos.net\/cycle-shop-02\/about-us\/","astra-sites-tag":{"455":"about-us"},"site-pages-type":"free","site-pages-page-builder":"elementor","site-pages-category":[],"site-pages-parent-category":{"60":"business","61":"free"},"required-plugins":[{"slug":"elementor","init":"elementor\/elementor.php","name":"Elementor"}]},"id-58972":{"title":"Contact","featured-image-url":"https:\/\/websitedemos.net\/wp-content\/uploads\/2022\/01\/cycle-shop-02-contact.jpg","thumbnail-image-url":"https:\/\/websitedemos.net\/wp-content\/uploads\/2022\/01\/cycle-shop-02-contact.jpg","astra-page-api-url":"https:\/\/websitedemos.net\/cycle-shop-02\/wp-json\/wp\/v2\/pages\/24","dynamic-page":"no","astra-page-url":"\/\/websitedemos.net\/cycle-shop-02\/contact\/","astra-sites-tag":{"415":"contact"},"site-pages-type":"free","site-pages-page-builder":"elementor","site-pages-category":[],"site-pages-parent-category":{"60":"business","61":"free"},"required-plugins":[{"slug":"elementor","init":"elementor\/elementor.php","name":"Elementor"},{"slug":"wpforms-lite","init":"wpforms-lite\/wpforms.php","name":"WPForms Lite"}]}},"related-bb-template":"","related-elementor-template":58970,"related-gutenberg-template":75400,"related_ecommerce_template":"","ecommerce_parent_template":""},"id-59046":{"title":"Roofing Agency","id":59046,"publish-date":1643645546,"featured-image-url":"https:\/\/websitedemos.net\/wp-content\/uploads\/2022\/01\/roofing-agency-02-home02..jpg","thumbnail-image-url":"https:\/\/websitedemos.net\/wp-content\/uploads\/2022\/01\/roofing-agency-02-home02..jpg","fullpage-thumbnail-image-url":"https:\/\/websitedemos.net\/wp-content\/uploads\/2022\/01\/roofing-agency-02-home02..jpg","astra-site-url":"\/\/websitedemos.net\/roofing-agency-02","astra-site-parent-id":2569,"astra-sites-tag":{"1630":"commercial-roofing","3416":"elementor","1629":"residential-roofing","1634":"roof-installation","1633":"roof-repair","1631":"roof-replacement","2570":"roofing-agency","1632":"roofing-services"},"astra-sites-type":"free","astra-site-category":{"27":"business","39":"free"},"astra-sites-template-category":{"2818":"roofing","2831":"service"},"astra-site-page-builder":"elementor","categories":{"3427":"default","3428":"free","2484":"real-estate"},"required-plugins":[{"slug":"elementor","init":"elementor\/elementor.php","name":"Elementor"},{"slug":"wpforms-lite","init":"wpforms-lite\/wpforms.php","name":"WPForms Lite"},{"slug":"header-footer-elementor","init":"header-footer-elementor\/header-footer-elementor.php","name":"Ultimate Addons for Elementor Lite"}],"post-status":"publish","post-content":"<!-- wp:paragraph -->\n<p>The Roofing Agency template has a clean, crisp look that provides a professional persona from the start. Combined with attractive imagery and careful use of colors and white space, it delivers exactly the impression you would want.<\/p>\n<!-- \/wp:paragraph -->\n\n<!-- wp:paragraph -->\n<p>The template homepage uses a flat design with a mix of colors, images and white space that delivers impact without overloading the senses. Additional pages reflect these qualities, for a fully coherent design.<\/p>\n<!-- \/wp:paragraph -->\n\n<!-- wp:heading {\"UAGDay\":[]} -->\n<h2 class=\"wp-block-heading\">Key features of the Roofing Agency template<\/h2>\n<!-- \/wp:heading -->\n\n<!-- wp:list -->\n<ul><!-- wp:list-item -->\n<li>Clean, crisp design ideal for trades or construction companies<\/li>\n<!-- \/wp:list-item -->\n\n<!-- wp:list-item -->\n<li>Excellent mix of features throughout<\/li>\n<!-- \/wp:list-item -->\n\n<!-- wp:list-item -->\n<li>Great balance of color, images and whitespace<\/li>\n<!-- \/wp:list-item -->\n\n<!-- wp:list-item -->\n<li>Bold color to highlight buttons and calls to action<\/li>\n<!-- \/wp:list-item -->\n\n<!-- wp:list-item -->\n<li>Contract form front and center to encourage conversion<\/li>\n<!-- \/wp:list-item -->\n\n<!-- wp:list-item -->\n<li>Fully compatible with leading drag and drop page builders<\/li>\n<!-- \/wp:list-item --><\/ul>\n<!-- \/wp:list -->","post-excerpt":"Clean, crisp agency website design that addresses user intent from the very beginning","pages":{"id-59049":{"title":"Home","featured-image-url":"https:\/\/websitedemos.net\/wp-content\/uploads\/2022\/01\/roofing-agency-02-home02..jpg","thumbnail-image-url":"https:\/\/websitedemos.net\/wp-content\/uploads\/2022\/01\/roofing-agency-02-home02..jpg","astra-page-api-url":"https:\/\/websitedemos.net\/roofing-agency-02\/wp-json\/wp\/v2\/pages\/6","dynamic-page":"no","astra-page-url":"\/\/websitedemos.net\/roofing-agency-02\/","astra-sites-tag":{"423":"home"},"site-pages-type":"free","site-pages-page-builder":"elementor","site-pages-category":[],"site-pages-parent-category":{"60":"business","61":"free"},"required-plugins":[{"slug":"elementor","init":"elementor\/elementor.php","name":"Elementor"},{"slug":"header-footer-elementor","init":"header-footer-elementor\/header-footer-elementor.php","name":"Ultimate Addons for Elementor Lite"},{"slug":"wpforms-lite","init":"wpforms-lite\/wpforms.php","name":"WPForms Lite"}]},"id-59047":{"title":"About","featured-image-url":"https:\/\/websitedemos.net\/wp-content\/uploads\/2022\/01\/roofing-agency-02-about.jpg","thumbnail-image-url":"https:\/\/websitedemos.net\/wp-content\/uploads\/2022\/01\/roofing-agency-02-about.jpg","astra-page-api-url":"https:\/\/websitedemos.net\/roofing-agency-02\/wp-json\/wp\/v2\/pages\/9","dynamic-page":"no","astra-page-url":"\/\/websitedemos.net\/roofing-agency-02\/about\/","astra-sites-tag":{"352":"about"},"site-pages-type":"free","site-pages-page-builder":"elementor","site-pages-category":[],"site-pages-parent-category":{"60":"business","61":"free"},"required-plugins":[{"slug":"elementor","init":"elementor\/elementor.php","name":"Elementor"},{"slug":"header-footer-elementor","init":"header-footer-elementor\/header-footer-elementor.php","name":"Ultimate Addons for Elementor Lite"}]},"id-59051":{"title":"Services","featured-image-url":"https:\/\/websitedemos.net\/wp-content\/uploads\/2022\/01\/roofing-agency-02-services.jpg","thumbnail-image-url":"https:\/\/websitedemos.net\/wp-content\/uploads\/2022\/01\/roofing-agency-02-services.jpg","astra-page-api-url":"https:\/\/websitedemos.net\/roofing-agency-02\/wp-json\/wp\/v2\/pages\/11","dynamic-page":"no","astra-page-url":"\/\/websitedemos.net\/roofing-agency-02\/services\/","astra-sites-tag":{"425":"services"},"site-pages-type":"free","site-pages-page-builder":"elementor","site-pages-category":[],"site-pages-parent-category":{"60":"business","61":"free"},"required-plugins":[{"slug":"elementor","init":"elementor\/elementor.php","name":"Elementor"},{"slug":"header-footer-elementor","init":"header-footer-elementor\/header-footer-elementor.php","name":"Ultimate Addons for Elementor Lite"}]},"id-59050":{"title":"Projects","featured-image-url":"https:\/\/websitedemos.net\/wp-content\/uploads\/2022\/01\/roofing-agency-02-projects.jpg","thumbnail-image-url":"https:\/\/websitedemos.net\/wp-content\/uploads\/2022\/01\/roofing-agency-02-projects.jpg","astra-page-api-url":"https:\/\/websitedemos.net\/roofing-agency-02\/wp-json\/wp\/v2\/pages\/15","dynamic-page":"no","astra-page-url":"\/\/websitedemos.net\/roofing-agency-02\/projects\/","astra-sites-tag":{"1613":"projects"},"site-pages-type":"free","site-pages-page-builder":"elementor","site-pages-category":[],"site-pages-parent-category":{"60":"business","61":"free"},"required-plugins":[{"slug":"elementor","init":"elementor\/elementor.php","name":"Elementor"}]},"id-59048":{"title":"Contact Us","featured-image-url":"https:\/\/websitedemos.net\/wp-content\/uploads\/2022\/01\/roofing-agency-02-contact-us.jpg","thumbnail-image-url":"https:\/\/websitedemos.net\/wp-content\/uploads\/2022\/01\/roofing-agency-02-contact-us.jpg","astra-page-api-url":"https:\/\/websitedemos.net\/roofing-agency-02\/wp-json\/wp\/v2\/pages\/17","dynamic-page":"no","astra-page-url":"\/\/websitedemos.net\/roofing-agency-02\/contact-us\/","astra-sites-tag":{"415":"contact"},"site-pages-type":"free","site-pages-page-builder":"elementor","site-pages-category":[],"site-pages-parent-category":{"60":"business","61":"free"},"required-plugins":[{"slug":"elementor","init":"elementor\/elementor.php","name":"Elementor"},{"slug":"wpforms-lite","init":"wpforms-lite\/wpforms.php","name":"WPForms Lite"}]}},"related-bb-template":"","related-elementor-template":59046,"related-gutenberg-template":71038,"related_ecommerce_template":"","ecommerce_parent_template":""}}