{"id-85912":{"title":"Painter Artist","id":85912,"publish-date":1707162771,"featured-image-url":"https:\/\/websitedemos.net\/wp-content\/uploads\/2024\/02\/painter-artist-07.jpg","thumbnail-image-url":"https:\/\/websitedemos.net\/wp-content\/uploads\/2024\/02\/painter-artist-07-600x3286.jpg","fullpage-thumbnail-image-url":"https:\/\/websitedemos.net\/wp-content\/uploads\/2024\/02\/painter-artist-07-400x2190.jpg","astra-site-url":"\/\/websitedemos.net\/painter-artist-07","astra-site-parent-id":3461,"astra-sites-tag":{"339":"artist","2299":"artist-portfolio","2298":"artwork-portfolio","2297":"designer-portfolio","2296":"graphic-designers","2295":"illustrator","614":"painter","2284":"painter-artist","2283":"painting-store"},"astra-sites-type":"agency-mini","astra-site-category":{"38":"ecommerce"},"astra-sites-template-category":{"2802":"artist","2769":"ecommerce","2770":"personal","2768":"portfolio"},"astra-site-page-builder":"gutenberg","categories":{"2486":"art-music","2488":"portfolio"},"required-plugins":[{"slug":"astra-addon","init":"astra-addon\/astra-addon.php","name":"Astra Pro"},{"slug":"ultimate-addons-for-gutenberg","init":"ultimate-addons-for-gutenberg\/ultimate-addons-for-gutenberg.php","name":"Spectra"},{"slug":"variation-swatches-woo","init":"variation-swatches-woo\/variation-swatches-woo.php","name":"Variation Swatches for WooCommerce"},{"slug":"woocommerce","init":"woocommerce\/woocommerce.php","name":"WooCommerce"},{"slug":"sureforms","init":"sureforms\/sureforms.php","name":"SureForms"},{"slug":"woocommerce-payments","init":"woocommerce-payments\/woocommerce-payments.php","name":"WooPayments"}],"post-status":"publish","post-content":"","post-excerpt":"","pages":{"id-85917":{"title":"Home","featured-image-url":"https:\/\/websitedemos.net\/wp-content\/uploads\/2024\/02\/painter-artist-07.jpg","thumbnail-image-url":"https:\/\/websitedemos.net\/wp-content\/uploads\/2024\/02\/painter-artist-07-600x3286.jpg","astra-page-api-url":"https:\/\/websitedemos.net\/painter-artist-07\/wp-json\/wp\/v2\/pages\/1163","dynamic-page":"yes","astra-page-url":"\/\/websitedemos.net\/painter-artist-07\/","astra-sites-tag":{"423":"home"},"site-pages-type":"agency-mini","site-pages-page-builder":"gutenberg","site-pages-category":[],"site-pages-parent-category":{"64":"ecommerce"},"required-plugins":[{"slug":"astra-addon","init":"astra-addon\/astra-addon.php","name":"Astra Pro"},{"slug":"ultimate-addons-for-gutenberg","init":"ultimate-addons-for-gutenberg\/ultimate-addons-for-gutenberg.php","name":"Spectra"},{"slug":"sureforms","init":"sureforms\/sureforms.php","name":"SureForms"},{"slug":"variation-swatches-woo","init":"variation-swatches-woo\/variation-swatches-woo.php","name":"Variation Swatches for WooCommerce"},{"slug":"woocommerce","init":"woocommerce\/woocommerce.php","name":"WooCommerce"},{"slug":"woocommerce-payments","init":"woocommerce-payments\/woocommerce-payments.php","name":"WooPayments"}]},"id-85913":{"title":"About","featured-image-url":"https:\/\/websitedemos.net\/wp-content\/uploads\/2024\/02\/painter-artist-07-about.jpg","thumbnail-image-url":"https:\/\/websitedemos.net\/wp-content\/uploads\/2024\/02\/painter-artist-07-about-600x1846.jpg","astra-page-api-url":"https:\/\/websitedemos.net\/painter-artist-07\/wp-json\/wp\/v2\/pages\/1166","dynamic-page":"no","astra-page-url":"\/\/websitedemos.net\/painter-artist-07\/about\/","astra-sites-tag":{"352":"about"},"site-pages-type":"agency-mini","site-pages-page-builder":"gutenberg","site-pages-category":[],"site-pages-parent-category":{"64":"ecommerce"},"required-plugins":[{"slug":"astra-addon","init":"astra-addon\/astra-addon.php","name":"Astra Pro"},{"slug":"ultimate-addons-for-gutenberg","init":"ultimate-addons-for-gutenberg\/ultimate-addons-for-gutenberg.php","name":"Spectra"},{"slug":"sureforms","init":"sureforms\/sureforms.php","name":"SureForms"}]},"id-85914":{"title":"Artwork","featured-image-url":"https:\/\/websitedemos.net\/wp-content\/uploads\/2024\/02\/painter-artist-07-artwork.jpg","thumbnail-image-url":"https:\/\/websitedemos.net\/wp-content\/uploads\/2024\/02\/painter-artist-07-artwork-600x1983.jpg","astra-page-api-url":"https:\/\/websitedemos.net\/painter-artist-07\/wp-json\/wp\/v2\/pages\/1170","dynamic-page":"no","astra-page-url":"\/\/websitedemos.net\/painter-artist-07\/artwork\/","astra-sites-tag":{"1509":"artwork"},"site-pages-type":"agency-mini","site-pages-page-builder":"gutenberg","site-pages-category":[],"site-pages-parent-category":{"64":"ecommerce"},"required-plugins":[{"slug":"astra-addon","init":"astra-addon\/astra-addon.php","name":"Astra Pro"},{"slug":"ultimate-addons-for-gutenberg","init":"ultimate-addons-for-gutenberg\/ultimate-addons-for-gutenberg.php","name":"Spectra"},{"slug":"sureforms","init":"sureforms\/sureforms.php","name":"SureForms"}]},"id-85916":{"title":"Exhibitions","featured-image-url":"https:\/\/websitedemos.net\/wp-content\/uploads\/2024\/02\/painter-artist-07-exhibitions.jpg","thumbnail-image-url":"https:\/\/websitedemos.net\/wp-content\/uploads\/2024\/02\/painter-artist-07-exhibitions-600x1873.jpg","astra-page-api-url":"https:\/\/websitedemos.net\/painter-artist-07\/wp-json\/wp\/v2\/pages\/1172","dynamic-page":"no","astra-page-url":"\/\/websitedemos.net\/painter-artist-07\/exhibitions\/","astra-sites-tag":{"2293":"exhibitions"},"site-pages-type":"agency-mini","site-pages-page-builder":"gutenberg","site-pages-category":[],"site-pages-parent-category":{"64":"ecommerce"},"required-plugins":[{"slug":"astra-addon","init":"astra-addon\/astra-addon.php","name":"Astra Pro"},{"slug":"ultimate-addons-for-gutenberg","init":"ultimate-addons-for-gutenberg\/ultimate-addons-for-gutenberg.php","name":"Spectra"},{"slug":"sureforms","init":"sureforms\/sureforms.php","name":"SureForms"}]},"id-85915":{"title":"Contact","featured-image-url":"https:\/\/websitedemos.net\/wp-content\/uploads\/2024\/02\/painter-artist-07-contact.jpg","thumbnail-image-url":"https:\/\/websitedemos.net\/wp-content\/uploads\/2024\/02\/painter-artist-07-contact-600x1005.jpg","astra-page-api-url":"https:\/\/websitedemos.net\/painter-artist-07\/wp-json\/wp\/v2\/pages\/1168","dynamic-page":"no","astra-page-url":"\/\/websitedemos.net\/painter-artist-07\/contact\/","astra-sites-tag":{"415":"contact"},"site-pages-type":"agency-mini","site-pages-page-builder":"gutenberg","site-pages-category":[],"site-pages-parent-category":{"64":"ecommerce"},"required-plugins":[{"slug":"astra-addon","init":"astra-addon\/astra-addon.php","name":"Astra Pro"},{"slug":"ultimate-addons-for-gutenberg","init":"ultimate-addons-for-gutenberg\/ultimate-addons-for-gutenberg.php","name":"Spectra"},{"slug":"sureforms","init":"sureforms\/sureforms.php","name":"SureForms"}]}},"related-bb-template":"","related-elementor-template":"","related-gutenberg-template":"","related_ecommerce_template":"","ecommerce_parent_template":""},"id-56525":{"title":"Learn Digital Marketing","id":56525,"publish-date":1625493814,"featured-image-url":"https:\/\/websitedemos.net\/wp-content\/uploads\/2021\/07\/learn-digital-marketing-08.jpg","thumbnail-image-url":"https:\/\/websitedemos.net\/wp-content\/uploads\/2021\/07\/learn-digital-marketing-08-600x3205.jpg","fullpage-thumbnail-image-url":"https:\/\/websitedemos.net\/wp-content\/uploads\/2021\/07\/learn-digital-marketing-08-400x2137.jpg","astra-site-url":"\/\/websitedemos.net\/learn-digital-marketing-08","astra-site-parent-id":2239,"astra-sites-tag":{"462":"courses","1855":"digital-marketing","467":"learndash","975":"online-learning","720":"tutorials"},"astra-sites-type":"free","astra-site-category":{"27":"business","39":"free"},"astra-sites-template-category":[],"astra-site-page-builder":"gutenberg","categories":{"2494":"elearning"},"required-plugins":[{"slug":"sfwd-lms","init":"sfwd-lms\/sfwd_lms.php","name":"LearnDash LMS"},{"slug":"learndash-course-grid","init":"learndash-course-grid\/learndash_course_grid.php","name":"LearnDash LMS - Course Grid"},{"slug":"ultimate-addons-for-gutenberg","init":"ultimate-addons-for-gutenberg\/ultimate-addons-for-gutenberg.php","name":"Spectra"}],"post-status":"publish","post-content":"","post-excerpt":"","pages":{"id-56530":{"title":"Home","featured-image-url":"https:\/\/websitedemos.net\/wp-content\/uploads\/2021\/07\/learn-digital-marketing-08.jpg","thumbnail-image-url":"https:\/\/websitedemos.net\/wp-content\/uploads\/2021\/07\/learn-digital-marketing-08-600x3205.jpg","astra-page-api-url":"https:\/\/websitedemos.net\/learn-digital-marketing-08\/wp-json\/wp\/v2\/pages\/9","dynamic-page":"yes","astra-page-url":"\/\/websitedemos.net\/learn-digital-marketing-08\/","astra-sites-tag":{"423":"home"},"site-pages-type":"free","site-pages-page-builder":"gutenberg","site-pages-category":[],"site-pages-parent-category":{"60":"business","61":"free"},"required-plugins":[{"slug":"sfwd-lms","init":"sfwd-lms\/sfwd_lms.php","name":"LearnDash LMS"},{"slug":"learndash-course-grid","init":"learndash-course-grid\/learndash_course_grid.php","name":"LearnDash LMS - Course Grid"},{"slug":"ultimate-addons-for-gutenberg","init":"ultimate-addons-for-gutenberg\/ultimate-addons-for-gutenberg.php","name":"Spectra"}]},"id-56526":{"title":"About","featured-image-url":"https:\/\/websitedemos.net\/wp-content\/uploads\/2021\/07\/learn-digital-marketing-08-about-1.jpg","thumbnail-image-url":"https:\/\/websitedemos.net\/wp-content\/uploads\/2021\/07\/learn-digital-marketing-08-about-1-600x2264.jpg","astra-page-api-url":"https:\/\/websitedemos.net\/learn-digital-marketing-08\/wp-json\/wp\/v2\/pages\/11","dynamic-page":"no","astra-page-url":"\/\/websitedemos.net\/learn-digital-marketing-08\/about\/","astra-sites-tag":{"352":"about"},"site-pages-type":"free","site-pages-page-builder":"gutenberg","site-pages-category":[],"site-pages-parent-category":{"60":"business","61":"free"},"required-plugins":[{"slug":"ultimate-addons-for-gutenberg","init":"ultimate-addons-for-gutenberg\/ultimate-addons-for-gutenberg.php","name":"Spectra"}]},"id-56531":{"title":"Resource","featured-image-url":"https:\/\/websitedemos.net\/wp-content\/uploads\/2021\/07\/learn-digital-marketing-08-resources.jpg","thumbnail-image-url":"https:\/\/websitedemos.net\/wp-content\/uploads\/2021\/07\/learn-digital-marketing-08-resources-600x1984.jpg","astra-page-api-url":"https:\/\/websitedemos.net\/learn-digital-marketing-08\/wp-json\/wp\/v2\/pages\/19","dynamic-page":"no","astra-page-url":"\/\/websitedemos.net\/learn-digital-marketing-08\/resource\/","astra-sites-tag":{"1854":"resource"},"site-pages-type":"free","site-pages-page-builder":"gutenberg","site-pages-category":[],"site-pages-parent-category":{"60":"business","61":"free"},"required-plugins":[{"slug":"ultimate-addons-for-gutenberg","init":"ultimate-addons-for-gutenberg\/ultimate-addons-for-gutenberg.php","name":"Spectra"}]},"id-56529":{"title":"Courses","featured-image-url":"https:\/\/websitedemos.net\/wp-content\/uploads\/2021\/07\/learn-digital-marketing-08-courses.jpg","thumbnail-image-url":"https:\/\/websitedemos.net\/wp-content\/uploads\/2021\/07\/learn-digital-marketing-08-courses-600x1495.jpg","astra-page-api-url":"https:\/\/websitedemos.net\/learn-digital-marketing-08\/wp-json\/wp\/v2\/pages\/13","dynamic-page":"yes","astra-page-url":"\/\/websitedemos.net\/learn-digital-marketing-08\/all-courses\/","astra-sites-tag":{"462":"courses"},"site-pages-type":"free","site-pages-page-builder":"gutenberg","site-pages-category":[],"site-pages-parent-category":{"60":"business","61":"free"},"required-plugins":[{"slug":"sfwd-lms","init":"sfwd-lms\/sfwd_lms.php","name":"LearnDash LMS"},{"slug":"learndash-course-grid","init":"learndash-course-grid\/learndash_course_grid.php","name":"LearnDash LMS - Course Grid"},{"slug":"ultimate-addons-for-gutenberg","init":"ultimate-addons-for-gutenberg\/ultimate-addons-for-gutenberg.php","name":"Spectra"}]},"id-56527":{"title":"Blog","featured-image-url":"https:\/\/websitedemos.net\/wp-content\/uploads\/2021\/07\/learn-digital-marketing-08-blog-1.jpg","thumbnail-image-url":"https:\/\/websitedemos.net\/wp-content\/uploads\/2021\/07\/learn-digital-marketing-08-blog-1-600x1125.jpg","astra-page-api-url":"https:\/\/websitedemos.net\/learn-digital-marketing-08\/wp-json\/wp\/v2\/pages\/15","dynamic-page":"no","astra-page-url":"\/\/websitedemos.net\/learn-digital-marketing-08\/blog\/","astra-sites-tag":{"480":"blog"},"site-pages-type":"free","site-pages-page-builder":"gutenberg","site-pages-category":[],"site-pages-parent-category":{"60":"business","61":"free"},"required-plugins":[{"slug":"ultimate-addons-for-gutenberg","init":"ultimate-addons-for-gutenberg\/ultimate-addons-for-gutenberg.php","name":"Spectra"}]},"id-56528":{"title":"Contact","featured-image-url":"https:\/\/websitedemos.net\/wp-content\/uploads\/2021\/07\/learn-digital-marketing-08-contact-1.jpg","thumbnail-image-url":"https:\/\/websitedemos.net\/wp-content\/uploads\/2021\/07\/learn-digital-marketing-08-contact-1-600x1238.jpg","astra-page-api-url":"https:\/\/websitedemos.net\/learn-digital-marketing-08\/wp-json\/wp\/v2\/pages\/17","dynamic-page":"no","astra-page-url":"\/\/websitedemos.net\/learn-digital-marketing-08\/contact\/","astra-sites-tag":{"415":"contact"},"site-pages-type":"free","site-pages-page-builder":"gutenberg","site-pages-category":[],"site-pages-parent-category":{"60":"business","61":"free"},"required-plugins":[{"slug":"ultimate-addons-for-gutenberg","init":"ultimate-addons-for-gutenberg\/ultimate-addons-for-gutenberg.php","name":"Spectra"}]}},"related-bb-template":"","related-elementor-template":"","related-gutenberg-template":"","related_ecommerce_template":"","ecommerce_parent_template":""},"id-85973":{"title":"Vlogger","id":85973,"publish-date":1707415904,"featured-image-url":"https:\/\/websitedemos.net\/wp-content\/uploads\/2024\/02\/vloggers-07.jpg","thumbnail-image-url":"https:\/\/websitedemos.net\/wp-content\/uploads\/2024\/02\/vloggers-07-600x2422.jpg","fullpage-thumbnail-image-url":"https:\/\/websitedemos.net\/wp-content\/uploads\/2024\/02\/vloggers-07-400x1615.jpg","astra-site-url":"\/\/websitedemos.net\/vlogger-07","astra-site-parent-id":3465,"astra-sites-tag":{"3065":"explore","482":"fashion","3064":"life","479":"lifestyle","427":"travel","3066":"video","1839":"video-creator","1837":"vlogger","1838":"youtuber"},"astra-sites-type":"agency-mini","astra-site-category":{"37":"blog","27":"business"},"astra-sites-template-category":{"2828":"blog","2770":"personal","2768":"portfolio","2801":"video","2870":"vlog"},"astra-site-page-builder":"gutenberg","categories":{"2497":"blog","2498":"hotel-travel","2488":"portfolio"},"required-plugins":[{"slug":"ultimate-addons-for-gutenberg","init":"ultimate-addons-for-gutenberg\/ultimate-addons-for-gutenberg.php","name":"Spectra"},{"slug":"sureforms","init":"sureforms\/sureforms.php","name":"SureForms"}],"post-status":"publish","post-content":"","post-excerpt":"","pages":{"id-85976":{"title":"Home","featured-image-url":"https:\/\/websitedemos.net\/wp-content\/uploads\/2024\/02\/vloggers-07.jpg","thumbnail-image-url":"https:\/\/websitedemos.net\/wp-content\/uploads\/2024\/02\/vloggers-07-600x2422.jpg","astra-page-api-url":"https:\/\/websitedemos.net\/vlogger-07\/wp-json\/wp\/v2\/pages\/584","dynamic-page":"no","astra-page-url":"\/\/websitedemos.net\/vlogger-07\/","astra-sites-tag":{"423":"home"},"site-pages-type":"agency-mini","site-pages-page-builder":"gutenberg","site-pages-category":[],"site-pages-parent-category":{"74":"blog","60":"business"},"required-plugins":[{"slug":"ultimate-addons-for-gutenberg","init":"ultimate-addons-for-gutenberg\/ultimate-addons-for-gutenberg.php","name":"Spectra"},{"slug":"sureforms","init":"sureforms\/sureforms.php","name":"SureForms"}]},"id-85974":{"title":"About","featured-image-url":"https:\/\/websitedemos.net\/wp-content\/uploads\/2024\/02\/vlogger-07-about.jpg","thumbnail-image-url":"https:\/\/websitedemos.net\/wp-content\/uploads\/2024\/02\/vlogger-07-about-600x2110.jpg","astra-page-api-url":"https:\/\/websitedemos.net\/vlogger-07\/wp-json\/wp\/v2\/pages\/587","dynamic-page":"no","astra-page-url":"\/\/websitedemos.net\/vlogger-07\/about\/","astra-sites-tag":{"352":"about"},"site-pages-type":"agency-mini","site-pages-page-builder":"gutenberg","site-pages-category":[],"site-pages-parent-category":{"74":"blog","60":"business"},"required-plugins":[{"slug":"ultimate-addons-for-gutenberg","init":"ultimate-addons-for-gutenberg\/ultimate-addons-for-gutenberg.php","name":"Spectra"},{"slug":"sureforms","init":"sureforms\/sureforms.php","name":"SureForms"}]},"id-85977":{"title":"Video Gallery","featured-image-url":"https:\/\/websitedemos.net\/wp-content\/uploads\/2024\/02\/vlogger-07-video-gallery.jpg","thumbnail-image-url":"https:\/\/websitedemos.net\/wp-content\/uploads\/2024\/02\/vlogger-07-video-gallery-600x1360.jpg","astra-page-api-url":"https:\/\/websitedemos.net\/vlogger-07\/wp-json\/wp\/v2\/pages\/585","dynamic-page":"no","astra-page-url":"\/\/websitedemos.net\/vlogger-07\/video-gallery\/","astra-sites-tag":{"3067":"video-gallery"},"site-pages-type":"agency-mini","site-pages-page-builder":"gutenberg","site-pages-category":[],"site-pages-parent-category":{"74":"blog","60":"business"},"required-plugins":[{"slug":"ultimate-addons-for-gutenberg","init":"ultimate-addons-for-gutenberg\/ultimate-addons-for-gutenberg.php","name":"Spectra"},{"slug":"sureforms","init":"sureforms\/sureforms.php","name":"SureForms"}]},"id-85975":{"title":"Contact","featured-image-url":"https:\/\/websitedemos.net\/wp-content\/uploads\/2024\/02\/vlogger-07-contact.jpg","thumbnail-image-url":"https:\/\/websitedemos.net\/wp-content\/uploads\/2024\/02\/vlogger-07-contact-600x931.jpg","astra-page-api-url":"https:\/\/websitedemos.net\/vlogger-07\/wp-json\/wp\/v2\/pages\/588","dynamic-page":"no","astra-page-url":"\/\/websitedemos.net\/vlogger-07\/contact\/","astra-sites-tag":{"415":"contact"},"site-pages-type":"agency-mini","site-pages-page-builder":"gutenberg","site-pages-category":[],"site-pages-parent-category":{"74":"blog","60":"business"},"required-plugins":[{"slug":"ultimate-addons-for-gutenberg","init":"ultimate-addons-for-gutenberg\/ultimate-addons-for-gutenberg.php","name":"Spectra"},{"slug":"sureforms","init":"sureforms\/sureforms.php","name":"SureForms"}]}},"related-bb-template":"","related-elementor-template":"","related-gutenberg-template":"","related_ecommerce_template":"","ecommerce_parent_template":""},"id-93973":{"title":"Flower Shop","id":93973,"publish-date":1735053205,"featured-image-url":"https:\/\/websitedemos.net\/wp-content\/uploads\/2024\/12\/flower-shop-07.jpg","thumbnail-image-url":"https:\/\/websitedemos.net\/wp-content\/uploads\/2024\/12\/flower-shop-07-600x2370.jpg","fullpage-thumbnail-image-url":"https:\/\/websitedemos.net\/wp-content\/uploads\/2024\/12\/flower-shop-07-400x1580.jpg","astra-site-url":"\/\/websitedemos.net\/flower-shop-07","astra-site-parent-id":3647,"astra-sites-tag":{"2418":"commerce","1017":"e-commerce","496":"ecommerce","2419":"eshopping","574":"flowers","369":"natural","732":"online-shop","383":"online-store","368":"organic","967":"product-store","2417":"reseller","733":"shop","2416":"shopping","966":"woo-commerce"},"astra-sites-type":"agency-mini","astra-site-category":{"38":"ecommerce"},"astra-sites-template-category":{"2777":"business","2769":"ecommerce","2857":"online-shopping"},"astra-site-page-builder":"gutenberg","categories":{"2495":"ecommerce"},"required-plugins":[{"slug":"astra-addon","init":"astra-addon\/astra-addon.php","name":"Astra Pro"},{"slug":"ultimate-addons-for-gutenberg","init":"ultimate-addons-for-gutenberg\/ultimate-addons-for-gutenberg.php","name":"Spectra"},{"slug":"woocommerce","init":"woocommerce\/woocommerce.php","name":"WooCommerce"},{"slug":"sureforms","init":"sureforms\/sureforms.php","name":"SureForms"},{"slug":"woocommerce-payments","init":"woocommerce-payments\/woocommerce-payments.php","name":"WooPayments"}],"post-status":"publish","post-content":"","post-excerpt":"The Flower Shop template is ideal for budding florists and flower shops","pages":{"id-93974":{"title":"About","featured-image-url":"https:\/\/websitedemos.net\/wp-content\/uploads\/2024\/12\/flower-shop-07-about.jpg","thumbnail-image-url":"https:\/\/websitedemos.net\/wp-content\/uploads\/2024\/12\/flower-shop-07-about-600x1704.jpg","astra-page-api-url":"https:\/\/websitedemos.net\/flower-shop-07\/wp-json\/wp\/v2\/pages\/1165","dynamic-page":"no","astra-page-url":"\/\/websitedemos.net\/flower-shop-07\/about\/","astra-sites-tag":{"352":"about"},"site-pages-type":"agency-mini","site-pages-page-builder":"gutenberg","site-pages-category":[],"site-pages-parent-category":{"64":"ecommerce"},"required-plugins":[{"slug":"astra-addon","init":"astra-addon\/astra-addon.php","name":"Astra Pro"},{"slug":"ultimate-addons-for-gutenberg","init":"ultimate-addons-for-gutenberg\/ultimate-addons-for-gutenberg.php","name":"Spectra"}]},"id-93975":{"title":"Contact","featured-image-url":"https:\/\/websitedemos.net\/wp-content\/uploads\/2024\/12\/flower-shop-07-contact.jpg","thumbnail-image-url":"https:\/\/websitedemos.net\/wp-content\/uploads\/2024\/12\/flower-shop-07-contact-600x1030.jpg","astra-page-api-url":"https:\/\/websitedemos.net\/flower-shop-07\/wp-json\/wp\/v2\/pages\/1167","dynamic-page":"no","astra-page-url":"\/\/websitedemos.net\/flower-shop-07\/contact\/","astra-sites-tag":{"415":"contact"},"site-pages-type":"agency-mini","site-pages-page-builder":"gutenberg","site-pages-category":[],"site-pages-parent-category":{"64":"ecommerce"},"required-plugins":[{"slug":"astra-addon","init":"astra-addon\/astra-addon.php","name":"Astra Pro"},{"slug":"ultimate-addons-for-gutenberg","init":"ultimate-addons-for-gutenberg\/ultimate-addons-for-gutenberg.php","name":"Spectra"},{"slug":"sureforms","init":"sureforms\/sureforms.php","name":"SureForms"}]},"id-93976":{"title":"Home","featured-image-url":"https:\/\/websitedemos.net\/wp-content\/uploads\/2024\/12\/flower-shop-07.jpg","thumbnail-image-url":"https:\/\/websitedemos.net\/wp-content\/uploads\/2024\/12\/flower-shop-07-600x2370.jpg","astra-page-api-url":"https:\/\/websitedemos.net\/flower-shop-07\/wp-json\/wp\/v2\/pages\/1162","dynamic-page":"yes","astra-page-url":"\/\/websitedemos.net\/flower-shop-07\/","astra-sites-tag":{"423":"home"},"site-pages-type":"agency-mini","site-pages-page-builder":"gutenberg","site-pages-category":[],"site-pages-parent-category":{"64":"ecommerce"},"required-plugins":[{"slug":"astra-addon","init":"astra-addon\/astra-addon.php","name":"Astra Pro"},{"slug":"ultimate-addons-for-gutenberg","init":"ultimate-addons-for-gutenberg\/ultimate-addons-for-gutenberg.php","name":"Spectra"},{"slug":"woocommerce","init":"woocommerce\/woocommerce.php","name":"WooCommerce"},{"slug":"woocommerce-payments","init":"woocommerce-payments\/woocommerce-payments.php","name":"WooPayments"}]}},"related-bb-template":"","related-elementor-template":"","related-gutenberg-template":"","related_ecommerce_template":"","ecommerce_parent_template":""},"id-56632":{"title":"Musical Instruments","id":56632,"publish-date":1624912490,"featured-image-url":"https:\/\/websitedemos.net\/wp-content\/uploads\/2021\/06\/musical-instrument-maker-08-home.jpg","thumbnail-image-url":"https:\/\/websitedemos.net\/wp-content\/uploads\/2021\/06\/musical-instrument-maker-08-home.jpg","fullpage-thumbnail-image-url":"https:\/\/websitedemos.net\/wp-content\/uploads\/2021\/06\/musical-instrument-maker-08-home.jpg","astra-site-url":"\/\/websitedemos.net\/musical-instrument-maker-08","astra-site-parent-id":2245,"astra-sites-tag":{"2248":"guitar-maker","2249":"instrumentalist","407":"music","2250":"music-craftsperson","2246":"music-instrument","1814":"musical-instrument-maker"},"astra-sites-type":"free","astra-site-category":{"27":"business","39":"free"},"astra-sites-template-category":{"2802":"artist","2777":"business","2781":"music","2770":"personal"},"astra-site-page-builder":"gutenberg","categories":{"2486":"art-music"},"required-plugins":[{"slug":"ultimate-addons-for-gutenberg","init":"ultimate-addons-for-gutenberg\/ultimate-addons-for-gutenberg.php","name":"Spectra"},{"slug":"sureforms","init":"sureforms\/sureforms.php","name":"SureForms"}],"post-status":"publish","post-content":"","post-excerpt":"","pages":{"id-56636":{"title":"Home","featured-image-url":"https:\/\/websitedemos.net\/wp-content\/uploads\/2021\/06\/musical-instrument-maker-08-home.jpg","thumbnail-image-url":"https:\/\/websitedemos.net\/wp-content\/uploads\/2021\/06\/musical-instrument-maker-08-home.jpg","astra-page-api-url":"https:\/\/websitedemos.net\/musical-instrument-maker-08\/wp-json\/wp\/v2\/pages\/980","dynamic-page":"no","astra-page-url":"\/\/websitedemos.net\/musical-instrument-maker-08\/","astra-sites-tag":{"423":"home"},"site-pages-type":"free","site-pages-page-builder":"gutenberg","site-pages-category":[],"site-pages-parent-category":{"60":"business","61":"free"},"required-plugins":[{"slug":"ultimate-addons-for-gutenberg","init":"ultimate-addons-for-gutenberg\/ultimate-addons-for-gutenberg.php","name":"Spectra"},{"slug":"sureforms","init":"sureforms\/sureforms.php","name":"SureForms"}]},"id-56637":{"title":"Our Story","featured-image-url":"https:\/\/websitedemos.net\/wp-content\/uploads\/2021\/06\/musical-instrument-maker-08-our-story.jpg","thumbnail-image-url":"https:\/\/websitedemos.net\/wp-content\/uploads\/2021\/06\/musical-instrument-maker-08-our-story.jpg","astra-page-api-url":"https:\/\/websitedemos.net\/musical-instrument-maker-08\/wp-json\/wp\/v2\/pages\/986","dynamic-page":"no","astra-page-url":"\/\/websitedemos.net\/musical-instrument-maker-08\/our-story\/","astra-sites-tag":{"352":"about","905":"our-story"},"site-pages-type":"free","site-pages-page-builder":"gutenberg","site-pages-category":[],"site-pages-parent-category":{"60":"business","61":"free"},"required-plugins":[{"slug":"ultimate-addons-for-gutenberg","init":"ultimate-addons-for-gutenberg\/ultimate-addons-for-gutenberg.php","name":"Spectra"},{"slug":"sureforms","init":"sureforms\/sureforms.php","name":"SureForms"}]},"id-56635":{"title":"Guitars","featured-image-url":"https:\/\/websitedemos.net\/wp-content\/uploads\/2021\/06\/musical-instrument-maker-08-guitars.jpg","thumbnail-image-url":"https:\/\/websitedemos.net\/wp-content\/uploads\/2021\/06\/musical-instrument-maker-08-guitars.jpg","astra-page-api-url":"https:\/\/websitedemos.net\/musical-instrument-maker-08\/wp-json\/wp\/v2\/pages\/982","dynamic-page":"no","astra-page-url":"\/\/websitedemos.net\/musical-instrument-maker-08\/guitars\/","astra-sites-tag":{"1815":"guitars"},"site-pages-type":"free","site-pages-page-builder":"gutenberg","site-pages-category":[],"site-pages-parent-category":{"60":"business","61":"free"},"required-plugins":[{"slug":"ultimate-addons-for-gutenberg","init":"ultimate-addons-for-gutenberg\/ultimate-addons-for-gutenberg.php","name":"Spectra"},{"slug":"sureforms","init":"sureforms\/sureforms.php","name":"SureForms"}]},"id-56633":{"title":"Artists","featured-image-url":"https:\/\/websitedemos.net\/wp-content\/uploads\/2021\/06\/musical-instrument-maker-08-artists.jpg","thumbnail-image-url":"https:\/\/websitedemos.net\/wp-content\/uploads\/2021\/06\/musical-instrument-maker-08-artists.jpg","astra-page-api-url":"https:\/\/websitedemos.net\/musical-instrument-maker-08\/wp-json\/wp\/v2\/pages\/984","dynamic-page":"no","astra-page-url":"\/\/websitedemos.net\/musical-instrument-maker-08\/artists\/","astra-sites-tag":{"339":"artist"},"site-pages-type":"free","site-pages-page-builder":"gutenberg","site-pages-category":[],"site-pages-parent-category":{"60":"business","61":"free"},"required-plugins":[{"slug":"ultimate-addons-for-gutenberg","init":"ultimate-addons-for-gutenberg\/ultimate-addons-for-gutenberg.php","name":"Spectra"},{"slug":"sureforms","init":"sureforms\/sureforms.php","name":"SureForms"}]},"id-56634":{"title":"Contact","featured-image-url":"https:\/\/websitedemos.net\/wp-content\/uploads\/2021\/06\/musical-instrument-maker-08-contact.jpg","thumbnail-image-url":"https:\/\/websitedemos.net\/wp-content\/uploads\/2021\/06\/musical-instrument-maker-08-contact.jpg","astra-page-api-url":"https:\/\/websitedemos.net\/musical-instrument-maker-08\/wp-json\/wp\/v2\/pages\/988","dynamic-page":"no","astra-page-url":"\/\/websitedemos.net\/musical-instrument-maker-08\/contact\/","astra-sites-tag":{"415":"contact"},"site-pages-type":"free","site-pages-page-builder":"gutenberg","site-pages-category":[],"site-pages-parent-category":{"60":"business","61":"free"},"required-plugins":[{"slug":"ultimate-addons-for-gutenberg","init":"ultimate-addons-for-gutenberg\/ultimate-addons-for-gutenberg.php","name":"Spectra"},{"slug":"sureforms","init":"sureforms\/sureforms.php","name":"SureForms"}]}},"related-bb-template":"","related-elementor-template":"","related-gutenberg-template":"","related_ecommerce_template":"","ecommerce_parent_template":""},"id-85705":{"title":"Baby Store","id":85705,"publish-date":1707162769,"featured-image-url":"https:\/\/websitedemos.net\/wp-content\/uploads\/2024\/02\/baby-store-07.jpg","thumbnail-image-url":"https:\/\/websitedemos.net\/wp-content\/uploads\/2024\/02\/baby-store-07-600x2810.jpg","fullpage-thumbnail-image-url":"https:\/\/websitedemos.net\/wp-content\/uploads\/2024\/02\/baby-store-07-400x1873.jpg","astra-site-url":"\/\/websitedemos.net\/baby-store-07","astra-site-parent-id":3446,"astra-sites-tag":{"1816":"baby-store","1818":"children-store","496":"ecommerce","1817":"ecommerce-store","1024":"woocommerce"},"astra-sites-type":"agency-mini","astra-site-category":{"27":"business","38":"ecommerce"},"astra-sites-template-category":{"2777":"business","2769":"ecommerce"},"astra-site-page-builder":"gutenberg","categories":{"2495":"ecommerce"},"required-plugins":[{"slug":"ultimate-addons-for-gutenberg","init":"ultimate-addons-for-gutenberg\/ultimate-addons-for-gutenberg.php","name":"Spectra"},{"slug":"variation-swatches-woo","init":"variation-swatches-woo\/variation-swatches-woo.php","name":"Variation Swatches for WooCommerce"},{"slug":"woocommerce","init":"woocommerce\/woocommerce.php","name":"WooCommerce"},{"slug":"sureforms","init":"sureforms\/sureforms.php","name":"SureForms"},{"slug":"woocommerce-payments","init":"woocommerce-payments\/woocommerce-payments.php","name":"WooPayments"}],"post-status":"publish","post-content":"","post-excerpt":"","pages":{"id-85708":{"title":"Home","featured-image-url":"https:\/\/websitedemos.net\/wp-content\/uploads\/2024\/02\/baby-store-07.jpg","thumbnail-image-url":"https:\/\/websitedemos.net\/wp-content\/uploads\/2024\/02\/baby-store-07-600x2810.jpg","astra-page-api-url":"https:\/\/websitedemos.net\/baby-store-07\/wp-json\/wp\/v2\/pages\/886","dynamic-page":"yes","astra-page-url":"\/\/websitedemos.net\/baby-store-07\/","astra-sites-tag":{"423":"home"},"site-pages-type":"agency-mini","site-pages-page-builder":"gutenberg","site-pages-category":[],"site-pages-parent-category":{"60":"business","64":"ecommerce"},"required-plugins":[{"slug":"ultimate-addons-for-gutenberg","init":"ultimate-addons-for-gutenberg\/ultimate-addons-for-gutenberg.php","name":"Spectra"},{"slug":"sureforms","init":"sureforms\/sureforms.php","name":"SureForms"},{"slug":"variation-swatches-woo","init":"variation-swatches-woo\/variation-swatches-woo.php","name":"Variation Swatches for WooCommerce"},{"slug":"woocommerce","init":"woocommerce\/woocommerce.php","name":"WooCommerce"},{"slug":"woocommerce-payments","init":"woocommerce-payments\/woocommerce-payments.php","name":"WooPayments"}]},"id-85706":{"title":"About Us","featured-image-url":"https:\/\/websitedemos.net\/wp-content\/uploads\/2024\/02\/baby-store-07-about-us.jpg","thumbnail-image-url":"https:\/\/websitedemos.net\/wp-content\/uploads\/2024\/02\/baby-store-07-about-us-600x1696.jpg","astra-page-api-url":"https:\/\/websitedemos.net\/baby-store-07\/wp-json\/wp\/v2\/pages\/887","dynamic-page":"no","astra-page-url":"\/\/websitedemos.net\/baby-store-07\/about-us\/","astra-sites-tag":{"352":"about"},"site-pages-type":"agency-mini","site-pages-page-builder":"gutenberg","site-pages-category":[],"site-pages-parent-category":{"60":"business","64":"ecommerce"},"required-plugins":[{"slug":"ultimate-addons-for-gutenberg","init":"ultimate-addons-for-gutenberg\/ultimate-addons-for-gutenberg.php","name":"Spectra"},{"slug":"sureforms","init":"sureforms\/sureforms.php","name":"SureForms"}]},"id-85709":{"title":"Testimonial","featured-image-url":"https:\/\/websitedemos.net\/wp-content\/uploads\/2024\/02\/baby-store-07-testimonial.jpg","thumbnail-image-url":"https:\/\/websitedemos.net\/wp-content\/uploads\/2024\/02\/baby-store-07-testimonial-600x1461.jpg","astra-page-api-url":"https:\/\/websitedemos.net\/baby-store-07\/wp-json\/wp\/v2\/pages\/888","dynamic-page":"no","astra-page-url":"\/\/websitedemos.net\/baby-store-07\/testimonial\/","astra-sites-tag":{"2302":"testimonial"},"site-pages-type":"agency-mini","site-pages-page-builder":"gutenberg","site-pages-category":[],"site-pages-parent-category":{"60":"business","64":"ecommerce"},"required-plugins":[{"slug":"ultimate-addons-for-gutenberg","init":"ultimate-addons-for-gutenberg\/ultimate-addons-for-gutenberg.php","name":"Spectra"},{"slug":"sureforms","init":"sureforms\/sureforms.php","name":"SureForms"}]},"id-85707":{"title":"Contact Us","featured-image-url":"https:\/\/websitedemos.net\/wp-content\/uploads\/2024\/02\/baby-store-07-contact-us.jpg","thumbnail-image-url":"https:\/\/websitedemos.net\/wp-content\/uploads\/2024\/02\/baby-store-07-contact-us-600x1163.jpg","astra-page-api-url":"https:\/\/websitedemos.net\/baby-store-07\/wp-json\/wp\/v2\/pages\/889","dynamic-page":"no","astra-page-url":"\/\/websitedemos.net\/baby-store-07\/contact-us\/","astra-sites-tag":{"415":"contact"},"site-pages-type":"agency-mini","site-pages-page-builder":"gutenberg","site-pages-category":[],"site-pages-parent-category":{"60":"business","64":"ecommerce"},"required-plugins":[{"slug":"ultimate-addons-for-gutenberg","init":"ultimate-addons-for-gutenberg\/ultimate-addons-for-gutenberg.php","name":"Spectra"},{"slug":"sureforms","init":"sureforms\/sureforms.php","name":"SureForms"}]}},"related-bb-template":"","related-elementor-template":"","related-gutenberg-template":"","related_ecommerce_template":"","ecommerce_parent_template":""},"id-48648":{"title":"Roofing Services","id":48648,"publish-date":1603984605,"featured-image-url":"https:\/\/websitedemos.net\/wp-content\/uploads\/2020\/10\/roofing-services-08.jpg","thumbnail-image-url":"https:\/\/websitedemos.net\/wp-content\/uploads\/2020\/10\/roofing-services-08-600x2864.jpg","fullpage-thumbnail-image-url":"https:\/\/websitedemos.net\/wp-content\/uploads\/2020\/10\/roofing-services-08-400x1909.jpg","astra-site-url":"\/\/websitedemos.net\/roofing-services-08","astra-site-parent-id":1754,"astra-sites-tag":{"1630":"commercial-roofing","1629":"residential-roofing","1633":"roof-repair","1631":"roof-replacement","1632":"roofing-services"},"astra-sites-type":"free","astra-site-category":{"27":"business","39":"free"},"astra-sites-template-category":{"2795":"architecture","2777":"business","2818":"roofing"},"astra-site-page-builder":"gutenberg","categories":{"2477":"home-services","2471":"local-technician"},"required-plugins":[{"slug":"ultimate-addons-for-gutenberg","init":"ultimate-addons-for-gutenberg\/ultimate-addons-for-gutenberg.php","name":"Spectra"},{"slug":"sureforms","init":"sureforms\/sureforms.php","name":"SureForms"}],"post-status":"publish","post-content":"","post-excerpt":"","pages":{"id-48651":{"title":"Home","featured-image-url":"https:\/\/websitedemos.net\/wp-content\/uploads\/2020\/10\/roofing-services-08.jpg","thumbnail-image-url":"https:\/\/websitedemos.net\/wp-content\/uploads\/2020\/10\/roofing-services-08-600x2864.jpg","astra-page-api-url":"https:\/\/websitedemos.net\/roofing-services-08\/wp-json\/wp\/v2\/pages\/296","dynamic-page":"no","astra-page-url":"\/\/websitedemos.net\/roofing-services-08\/","astra-sites-tag":{"423":"home"},"site-pages-type":"free","site-pages-page-builder":"gutenberg","site-pages-category":[],"site-pages-parent-category":{"60":"business","61":"free"},"required-plugins":[{"slug":"ultimate-addons-for-gutenberg","init":"ultimate-addons-for-gutenberg\/ultimate-addons-for-gutenberg.php","name":"Spectra"},{"slug":"sureforms","init":"sureforms\/sureforms.php","name":"SureForms"}]},"id-48649":{"title":"About Us","featured-image-url":"https:\/\/websitedemos.net\/wp-content\/uploads\/2020\/10\/roofing-services-08-about-us.jpg","thumbnail-image-url":"https:\/\/websitedemos.net\/wp-content\/uploads\/2020\/10\/roofing-services-08-about-us-600x2103.jpg","astra-page-api-url":"https:\/\/websitedemos.net\/roofing-services-08\/wp-json\/wp\/v2\/pages\/297","dynamic-page":"no","astra-page-url":"\/\/websitedemos.net\/roofing-services-08\/about-us\/","astra-sites-tag":{"352":"about","455":"about-us"},"site-pages-type":"free","site-pages-page-builder":"gutenberg","site-pages-category":[],"site-pages-parent-category":{"60":"business","61":"free"},"required-plugins":[{"slug":"ultimate-addons-for-gutenberg","init":"ultimate-addons-for-gutenberg\/ultimate-addons-for-gutenberg.php","name":"Spectra"}]},"id-48653":{"title":"Services","featured-image-url":"https:\/\/websitedemos.net\/wp-content\/uploads\/2020\/10\/roofing-services-08-services-1.jpg","thumbnail-image-url":"https:\/\/websitedemos.net\/wp-content\/uploads\/2020\/10\/roofing-services-08-services-1-600x2432.jpg","astra-page-api-url":"https:\/\/websitedemos.net\/roofing-services-08\/wp-json\/wp\/v2\/pages\/298","dynamic-page":"no","astra-page-url":"\/\/websitedemos.net\/roofing-services-08\/services\/","astra-sites-tag":{"425":"services"},"site-pages-type":"free","site-pages-page-builder":"gutenberg","site-pages-category":[],"site-pages-parent-category":{"60":"business","61":"free"},"required-plugins":[{"slug":"ultimate-addons-for-gutenberg","init":"ultimate-addons-for-gutenberg\/ultimate-addons-for-gutenberg.php","name":"Spectra"}]},"id-48652":{"title":"Projects","featured-image-url":"https:\/\/websitedemos.net\/wp-content\/uploads\/2020\/10\/roofing-services-08-projects-1.jpg","thumbnail-image-url":"https:\/\/websitedemos.net\/wp-content\/uploads\/2020\/10\/roofing-services-08-projects-1-600x1716.jpg","astra-page-api-url":"https:\/\/websitedemos.net\/roofing-services-08\/wp-json\/wp\/v2\/pages\/299","dynamic-page":"no","astra-page-url":"\/\/websitedemos.net\/roofing-services-08\/projects\/","astra-sites-tag":{"444":"portfolio","1613":"projects","451":"work"},"site-pages-type":"free","site-pages-page-builder":"gutenberg","site-pages-category":[],"site-pages-parent-category":{"60":"business","61":"free"},"required-plugins":[{"slug":"ultimate-addons-for-gutenberg","init":"ultimate-addons-for-gutenberg\/ultimate-addons-for-gutenberg.php","name":"Spectra"}]},"id-48650":{"title":"Contact Us","featured-image-url":"https:\/\/websitedemos.net\/wp-content\/uploads\/2020\/10\/roofing-services-08-contact-us.jpg","thumbnail-image-url":"https:\/\/websitedemos.net\/wp-content\/uploads\/2020\/10\/roofing-services-08-contact-us-600x1170.jpg","astra-page-api-url":"https:\/\/websitedemos.net\/roofing-services-08\/wp-json\/wp\/v2\/pages\/300","dynamic-page":"no","astra-page-url":"\/\/websitedemos.net\/roofing-services-08\/contact-us\/","astra-sites-tag":{"415":"contact","377":"get-in-touch"},"site-pages-type":"free","site-pages-page-builder":"gutenberg","site-pages-category":[],"site-pages-parent-category":{"60":"business","61":"free"},"required-plugins":[{"slug":"ultimate-addons-for-gutenberg","init":"ultimate-addons-for-gutenberg\/ultimate-addons-for-gutenberg.php","name":"Spectra"},{"slug":"sureforms","init":"sureforms\/sureforms.php","name":"SureForms"}]}},"related-bb-template":"","related-elementor-template":"","related-gutenberg-template":"","related_ecommerce_template":"","ecommerce_parent_template":""},"id-85959":{"title":"Disc Jockey","id":85959,"publish-date":1707328144,"featured-image-url":"https:\/\/websitedemos.net\/wp-content\/uploads\/2024\/02\/disc-jockey-07.jpg","thumbnail-image-url":"https:\/\/websitedemos.net\/wp-content\/uploads\/2024\/02\/disc-jockey-07-600x1986.jpg","fullpage-thumbnail-image-url":"https:\/\/websitedemos.net\/wp-content\/uploads\/2024\/02\/disc-jockey-07-400x1324.jpg","astra-site-url":"\/\/websitedemos.net\/disc-jockey-07","astra-site-parent-id":3464,"astra-sites-tag":{"408":"disk-jockey","406":"dj","409":"event","407":"music","969":"musician","1022":"professional"},"astra-sites-type":"agency-mini","astra-site-category":{"27":"business"},"astra-sites-template-category":{"2869":"dj","2781":"music","2770":"personal","2768":"portfolio","2801":"video"},"astra-site-page-builder":"gutenberg","categories":{"2486":"art-music"},"required-plugins":[{"slug":"ultimate-addons-for-gutenberg","init":"ultimate-addons-for-gutenberg\/ultimate-addons-for-gutenberg.php","name":"Spectra"},{"slug":"sureforms","init":"sureforms\/sureforms.php","name":"SureForms"}],"post-status":"publish","post-content":"","post-excerpt":"","pages":{"id-85964":{"title":"Home","featured-image-url":"https:\/\/websitedemos.net\/wp-content\/uploads\/2024\/02\/disc-jockey-07.jpg","thumbnail-image-url":"https:\/\/websitedemos.net\/wp-content\/uploads\/2024\/02\/disc-jockey-07-600x1986.jpg","astra-page-api-url":"https:\/\/websitedemos.net\/disc-jockey-07\/wp-json\/wp\/v2\/pages\/683","dynamic-page":"no","astra-page-url":"\/\/websitedemos.net\/disc-jockey-07\/","astra-sites-tag":{"423":"home"},"site-pages-type":"agency-mini","site-pages-page-builder":"gutenberg","site-pages-category":[],"site-pages-parent-category":{"60":"business"},"required-plugins":[{"slug":"ultimate-addons-for-gutenberg","init":"ultimate-addons-for-gutenberg\/ultimate-addons-for-gutenberg.php","name":"Spectra"}]},"id-85960":{"title":"About","featured-image-url":"https:\/\/websitedemos.net\/wp-content\/uploads\/2024\/02\/disc-jockey-07-about.jpg","thumbnail-image-url":"https:\/\/websitedemos.net\/wp-content\/uploads\/2024\/02\/disc-jockey-07-about-600x1175.jpg","astra-page-api-url":"https:\/\/websitedemos.net\/disc-jockey-07\/wp-json\/wp\/v2\/pages\/684","dynamic-page":"no","astra-page-url":"\/\/websitedemos.net\/disc-jockey-07\/about\/","astra-sites-tag":{"352":"about"},"site-pages-type":"agency-mini","site-pages-page-builder":"gutenberg","site-pages-category":[],"site-pages-parent-category":{"60":"business"},"required-plugins":[{"slug":"ultimate-addons-for-gutenberg","init":"ultimate-addons-for-gutenberg\/ultimate-addons-for-gutenberg.php","name":"Spectra"}]},"id-85965":{"title":"Shows","featured-image-url":"https:\/\/websitedemos.net\/wp-content\/uploads\/2024\/02\/disc-jockey-07-shows.jpg","thumbnail-image-url":"https:\/\/websitedemos.net\/wp-content\/uploads\/2024\/02\/disc-jockey-07-shows-600x1250.jpg","astra-page-api-url":"https:\/\/websitedemos.net\/disc-jockey-07\/wp-json\/wp\/v2\/pages\/685","dynamic-page":"no","astra-page-url":"\/\/websitedemos.net\/disc-jockey-07\/shows\/","astra-sites-tag":{"1568":"shows"},"site-pages-type":"agency-mini","site-pages-page-builder":"gutenberg","site-pages-category":[],"site-pages-parent-category":{"60":"business"},"required-plugins":[{"slug":"ultimate-addons-for-gutenberg","init":"ultimate-addons-for-gutenberg\/ultimate-addons-for-gutenberg.php","name":"Spectra"}]},"id-85962":{"title":"Discography","featured-image-url":"https:\/\/websitedemos.net\/wp-content\/uploads\/2024\/02\/disc-jockey-07-discography.jpg","thumbnail-image-url":"https:\/\/websitedemos.net\/wp-content\/uploads\/2024\/02\/disc-jockey-07-discography-600x1927.jpg","astra-page-api-url":"https:\/\/websitedemos.net\/disc-jockey-07\/wp-json\/wp\/v2\/pages\/686","dynamic-page":"no","astra-page-url":"\/\/websitedemos.net\/disc-jockey-07\/discography\/","astra-sites-tag":{"763":"discography"},"site-pages-type":"agency-mini","site-pages-page-builder":"gutenberg","site-pages-category":[],"site-pages-parent-category":{"60":"business"},"required-plugins":[{"slug":"ultimate-addons-for-gutenberg","init":"ultimate-addons-for-gutenberg\/ultimate-addons-for-gutenberg.php","name":"Spectra"}]},"id-85963":{"title":"Gallery","featured-image-url":"https:\/\/websitedemos.net\/wp-content\/uploads\/2024\/02\/disc-jockey-07-gallery.jpg","thumbnail-image-url":"https:\/\/websitedemos.net\/wp-content\/uploads\/2024\/02\/disc-jockey-07-gallery-600x1473.jpg","astra-page-api-url":"https:\/\/websitedemos.net\/disc-jockey-07\/wp-json\/wp\/v2\/pages\/687","dynamic-page":"no","astra-page-url":"\/\/websitedemos.net\/disc-jockey-07\/gallery\/","astra-sites-tag":{"461":"gallery"},"site-pages-type":"agency-mini","site-pages-page-builder":"gutenberg","site-pages-category":[],"site-pages-parent-category":{"60":"business"},"required-plugins":[{"slug":"ultimate-addons-for-gutenberg","init":"ultimate-addons-for-gutenberg\/ultimate-addons-for-gutenberg.php","name":"Spectra"}]},"id-85961":{"title":"Contact","featured-image-url":"https:\/\/websitedemos.net\/wp-content\/uploads\/2024\/02\/disc-jockey-07-contact.jpg","thumbnail-image-url":"https:\/\/websitedemos.net\/wp-content\/uploads\/2024\/02\/disc-jockey-07-contact-600x1081.jpg","astra-page-api-url":"https:\/\/websitedemos.net\/disc-jockey-07\/wp-json\/wp\/v2\/pages\/688","dynamic-page":"no","astra-page-url":"\/\/websitedemos.net\/disc-jockey-07\/contact\/","astra-sites-tag":{"415":"contact"},"site-pages-type":"agency-mini","site-pages-page-builder":"gutenberg","site-pages-category":[],"site-pages-parent-category":{"60":"business"},"required-plugins":[{"slug":"ultimate-addons-for-gutenberg","init":"ultimate-addons-for-gutenberg\/ultimate-addons-for-gutenberg.php","name":"Spectra"},{"slug":"sureforms","init":"sureforms\/sureforms.php","name":"SureForms"}]}},"related-bb-template":"","related-elementor-template":"","related-gutenberg-template":"","related_ecommerce_template":"","ecommerce_parent_template":""},"id-56573":{"title":"Injury and Accidental Lawyer","id":56573,"publish-date":1624912486,"featured-image-url":"https:\/\/websitedemos.net\/wp-content\/uploads\/2021\/06\/injury-accident-lawyer-08.jpg","thumbnail-image-url":"https:\/\/websitedemos.net\/wp-content\/uploads\/2021\/06\/injury-accident-lawyer-08-600x2475.jpg","fullpage-thumbnail-image-url":"https:\/\/websitedemos.net\/wp-content\/uploads\/2021\/06\/injury-accident-lawyer-08-400x1650.jpg","astra-site-url":"\/\/websitedemos.net\/injury-accident-lawyer-08","astra-site-parent-id":2241,"astra-sites-tag":{"1869":"accident-lawyers","1867":"injury-lawyers","1870":"lawyer-firm","1868":"lawyers"},"astra-sites-type":"free","astra-site-category":{"27":"business","39":"free"},"astra-sites-template-category":[],"astra-site-page-builder":"gutenberg","categories":{"2482":"law"},"required-plugins":[{"slug":"ultimate-addons-for-gutenberg","init":"ultimate-addons-for-gutenberg\/ultimate-addons-for-gutenberg.php","name":"Spectra"},{"slug":"sureforms","init":"sureforms\/sureforms.php","name":"SureForms"}],"post-status":"publish","post-content":"","post-excerpt":"","pages":{"id-56577":{"title":"Home","featured-image-url":"https:\/\/websitedemos.net\/wp-content\/uploads\/2021\/06\/injury-accident-lawyer-08.jpg","thumbnail-image-url":"https:\/\/websitedemos.net\/wp-content\/uploads\/2021\/06\/injury-accident-lawyer-08-600x2475.jpg","astra-page-api-url":"https:\/\/websitedemos.net\/injury-accident-lawyer-08\/wp-json\/wp\/v2\/pages\/1503","dynamic-page":"no","astra-page-url":"\/\/websitedemos.net\/injury-accident-lawyer-08\/","astra-sites-tag":{"814":"homepage"},"site-pages-type":"free","site-pages-page-builder":"gutenberg","site-pages-category":[],"site-pages-parent-category":{"60":"business","61":"free"},"required-plugins":[{"slug":"ultimate-addons-for-gutenberg","init":"ultimate-addons-for-gutenberg\/ultimate-addons-for-gutenberg.php","name":"Spectra"},{"slug":"sureforms","init":"sureforms\/sureforms.php","name":"SureForms"}]},"id-56574":{"title":"About","featured-image-url":"https:\/\/websitedemos.net\/wp-content\/uploads\/2021\/06\/injury-accident-lawyer-08-about.jpg","thumbnail-image-url":"https:\/\/websitedemos.net\/wp-content\/uploads\/2021\/06\/injury-accident-lawyer-08-about-600x2370.jpg","astra-page-api-url":"https:\/\/websitedemos.net\/injury-accident-lawyer-08\/wp-json\/wp\/v2\/pages\/1526","dynamic-page":"no","astra-page-url":"\/\/websitedemos.net\/injury-accident-lawyer-08\/about\/","astra-sites-tag":{"352":"about"},"site-pages-type":"free","site-pages-page-builder":"gutenberg","site-pages-category":[],"site-pages-parent-category":{"60":"business","61":"free"},"required-plugins":[{"slug":"ultimate-addons-for-gutenberg","init":"ultimate-addons-for-gutenberg\/ultimate-addons-for-gutenberg.php","name":"Spectra"},{"slug":"sureforms","init":"sureforms\/sureforms.php","name":"SureForms"}]},"id-56575":{"title":"Attorneys","featured-image-url":"https:\/\/websitedemos.net\/wp-content\/uploads\/2021\/06\/injury-accident-lawyer-08-attorneys.jpg","thumbnail-image-url":"https:\/\/websitedemos.net\/wp-content\/uploads\/2021\/06\/injury-accident-lawyer-08-attorneys-600x1888.jpg","astra-page-api-url":"https:\/\/websitedemos.net\/injury-accident-lawyer-08\/wp-json\/wp\/v2\/pages\/1539","dynamic-page":"no","astra-page-url":"\/\/websitedemos.net\/injury-accident-lawyer-08\/attorneys\/","astra-sites-tag":{"912":"attorneys"},"site-pages-type":"free","site-pages-page-builder":"gutenberg","site-pages-category":[],"site-pages-parent-category":{"60":"business","61":"free"},"required-plugins":[{"slug":"ultimate-addons-for-gutenberg","init":"ultimate-addons-for-gutenberg\/ultimate-addons-for-gutenberg.php","name":"Spectra"},{"slug":"sureforms","init":"sureforms\/sureforms.php","name":"SureForms"}]},"id-56578":{"title":"Practice Areas","featured-image-url":"https:\/\/websitedemos.net\/wp-content\/uploads\/2021\/06\/injury-accident-lawyer-08-practice-area.jpg","thumbnail-image-url":"https:\/\/websitedemos.net\/wp-content\/uploads\/2021\/06\/injury-accident-lawyer-08-practice-area-600x2755.jpg","astra-page-api-url":"https:\/\/websitedemos.net\/injury-accident-lawyer-08\/wp-json\/wp\/v2\/pages\/1541","dynamic-page":"no","astra-page-url":"\/\/websitedemos.net\/injury-accident-lawyer-08\/practice-areas\/","astra-sites-tag":{"1863":"practice-areas"},"site-pages-type":"free","site-pages-page-builder":"gutenberg","site-pages-category":[],"site-pages-parent-category":{"60":"business","61":"free"},"required-plugins":[{"slug":"ultimate-addons-for-gutenberg","init":"ultimate-addons-for-gutenberg\/ultimate-addons-for-gutenberg.php","name":"Spectra"},{"slug":"sureforms","init":"sureforms\/sureforms.php","name":"SureForms"}]},"id-56579":{"title":"Results","featured-image-url":"https:\/\/websitedemos.net\/wp-content\/uploads\/2021\/06\/injury-accident-lawyer-08-results.jpg","thumbnail-image-url":"https:\/\/websitedemos.net\/wp-content\/uploads\/2021\/06\/injury-accident-lawyer-08-results-600x1712.jpg","astra-page-api-url":"https:\/\/websitedemos.net\/injury-accident-lawyer-08\/wp-json\/wp\/v2\/pages\/1543","dynamic-page":"no","astra-page-url":"\/\/websitedemos.net\/injury-accident-lawyer-08\/results\/","astra-sites-tag":{"1864":"results"},"site-pages-type":"free","site-pages-page-builder":"gutenberg","site-pages-category":[],"site-pages-parent-category":{"60":"business","61":"free"},"required-plugins":[{"slug":"ultimate-addons-for-gutenberg","init":"ultimate-addons-for-gutenberg\/ultimate-addons-for-gutenberg.php","name":"Spectra"},{"slug":"sureforms","init":"sureforms\/sureforms.php","name":"SureForms"}]},"id-56576":{"title":"Contact","featured-image-url":"https:\/\/websitedemos.net\/wp-content\/uploads\/2021\/06\/injury-accident-lawyer-08-contact.jpg","thumbnail-image-url":"https:\/\/websitedemos.net\/wp-content\/uploads\/2021\/06\/injury-accident-lawyer-08-contact-600x967.jpg","astra-page-api-url":"https:\/\/websitedemos.net\/injury-accident-lawyer-08\/wp-json\/wp\/v2\/pages\/1547","dynamic-page":"no","astra-page-url":"\/\/websitedemos.net\/injury-accident-lawyer-08\/contact\/","astra-sites-tag":{"415":"contact"},"site-pages-type":"free","site-pages-page-builder":"gutenberg","site-pages-category":[],"site-pages-parent-category":{"60":"business","61":"free"},"required-plugins":[{"slug":"ultimate-addons-for-gutenberg","init":"ultimate-addons-for-gutenberg\/ultimate-addons-for-gutenberg.php","name":"Spectra"},{"slug":"sureforms","init":"sureforms\/sureforms.php","name":"SureForms"}]}},"related-bb-template":"","related-elementor-template":"","related-gutenberg-template":"","related_ecommerce_template":"","ecommerce_parent_template":""},"id-85822":{"title":"Wildlife Safari","id":85822,"publish-date":1707240536,"featured-image-url":"https:\/\/websitedemos.net\/wp-content\/uploads\/2024\/02\/wildlife-safari-07.jpg","thumbnail-image-url":"https:\/\/websitedemos.net\/wp-content\/uploads\/2024\/02\/wildlife-safari-07-600x3501.jpg","fullpage-thumbnail-image-url":"https:\/\/websitedemos.net\/wp-content\/uploads\/2024\/02\/wildlife-safari-07-400x2334.jpg","astra-site-url":"\/\/websitedemos.net\/wildlife-safari-07","astra-site-parent-id":3457,"astra-sites-tag":{"544":"adventure","1931":"animals","2979":"awareness","2976":"conservation","2971":"elephant","2974":"kenya","2970":"lion-2","2973":"love","2975":"natgeo-2","2978":"natgeowild","535":"nature","2977":"naturelovers","2968":"safari-2","2972":"wild-2","2969":"wildlife-2"},"astra-sites-type":"agency-mini","astra-site-category":{"36":"other"},"astra-sites-template-category":{"2830":"nature","2809":"pet-animal","2775":"travel-tourism"},"astra-site-page-builder":"gutenberg","categories":{"2472":"pets","3429":"premium"},"required-plugins":[{"slug":"ultimate-addons-for-gutenberg","init":"ultimate-addons-for-gutenberg\/ultimate-addons-for-gutenberg.php","name":"Spectra"},{"slug":"sureforms","init":"sureforms\/sureforms.php","name":"SureForms"}],"post-status":"publish","post-content":"","post-excerpt":"","pages":{"id-85826":{"title":"Home","featured-image-url":"https:\/\/websitedemos.net\/wp-content\/uploads\/2024\/02\/wildlife-safari-07.jpg","thumbnail-image-url":"https:\/\/websitedemos.net\/wp-content\/uploads\/2024\/02\/wildlife-safari-07-600x3501.jpg","astra-page-api-url":"https:\/\/websitedemos.net\/wildlife-safari-07\/wp-json\/wp\/v2\/pages\/654","dynamic-page":"no","astra-page-url":"\/\/websitedemos.net\/wildlife-safari-07\/","astra-sites-tag":{"423":"home"},"site-pages-type":"agency-mini","site-pages-page-builder":"gutenberg","site-pages-category":[],"site-pages-parent-category":{"139":"other"},"required-plugins":[{"slug":"ultimate-addons-for-gutenberg","init":"ultimate-addons-for-gutenberg\/ultimate-addons-for-gutenberg.php","name":"Spectra"}]},"id-85823":{"title":"About Us","featured-image-url":"https:\/\/websitedemos.net\/wp-content\/uploads\/2024\/02\/wildlife-safari-07-about-us.jpg","thumbnail-image-url":"https:\/\/websitedemos.net\/wp-content\/uploads\/2024\/02\/wildlife-safari-07-about-us-600x2361.jpg","astra-page-api-url":"https:\/\/websitedemos.net\/wildlife-safari-07\/wp-json\/wp\/v2\/pages\/657","dynamic-page":"no","astra-page-url":"\/\/websitedemos.net\/wildlife-safari-07\/about-us\/","astra-sites-tag":{"352":"about"},"site-pages-type":"agency-mini","site-pages-page-builder":"gutenberg","site-pages-category":[],"site-pages-parent-category":{"139":"other"},"required-plugins":[{"slug":"ultimate-addons-for-gutenberg","init":"ultimate-addons-for-gutenberg\/ultimate-addons-for-gutenberg.php","name":"Spectra"}]},"id-85827":{"title":"Safaris","featured-image-url":"https:\/\/websitedemos.net\/wp-content\/uploads\/2024\/02\/wildlife-safari-07-safaris.jpg","thumbnail-image-url":"https:\/\/websitedemos.net\/wp-content\/uploads\/2024\/02\/wildlife-safari-07-safaris-600x1535.jpg","astra-page-api-url":"https:\/\/websitedemos.net\/wildlife-safari-07\/wp-json\/wp\/v2\/pages\/655","dynamic-page":"no","astra-page-url":"\/\/websitedemos.net\/wildlife-safari-07\/safaris\/","astra-sites-tag":{"2980":"safaris"},"site-pages-type":"agency-mini","site-pages-page-builder":"gutenberg","site-pages-category":[],"site-pages-parent-category":{"139":"other"},"required-plugins":[{"slug":"ultimate-addons-for-gutenberg","init":"ultimate-addons-for-gutenberg\/ultimate-addons-for-gutenberg.php","name":"Spectra"}]},"id-85824":{"title":"Awareness","featured-image-url":"https:\/\/websitedemos.net\/wp-content\/uploads\/2024\/02\/wildlife-safari-07-awareness.jpg","thumbnail-image-url":"https:\/\/websitedemos.net\/wp-content\/uploads\/2024\/02\/wildlife-safari-07-awareness-600x2181.jpg","astra-page-api-url":"https:\/\/websitedemos.net\/wildlife-safari-07\/wp-json\/wp\/v2\/pages\/656","dynamic-page":"no","astra-page-url":"\/\/websitedemos.net\/wildlife-safari-07\/awareness\/","astra-sites-tag":{"2979":"awareness"},"site-pages-type":"agency-mini","site-pages-page-builder":"gutenberg","site-pages-category":[],"site-pages-parent-category":{"139":"other"},"required-plugins":[{"slug":"ultimate-addons-for-gutenberg","init":"ultimate-addons-for-gutenberg\/ultimate-addons-for-gutenberg.php","name":"Spectra"}]},"id-85825":{"title":"Contact","featured-image-url":"https:\/\/websitedemos.net\/wp-content\/uploads\/2024\/02\/wildlife-safari-07-contact-us.jpg","thumbnail-image-url":"https:\/\/websitedemos.net\/wp-content\/uploads\/2024\/02\/wildlife-safari-07-contact-us-600x1003.jpg","astra-page-api-url":"https:\/\/websitedemos.net\/wildlife-safari-07\/wp-json\/wp\/v2\/pages\/658","dynamic-page":"no","astra-page-url":"\/\/websitedemos.net\/wildlife-safari-07\/contact\/","astra-sites-tag":{"415":"contact"},"site-pages-type":"agency-mini","site-pages-page-builder":"gutenberg","site-pages-category":[],"site-pages-parent-category":{"139":"other"},"required-plugins":[{"slug":"ultimate-addons-for-gutenberg","init":"ultimate-addons-for-gutenberg\/ultimate-addons-for-gutenberg.php","name":"Spectra"},{"slug":"sureforms","init":"sureforms\/sureforms.php","name":"SureForms"}]}},"related-bb-template":"","related-elementor-template":"","related-gutenberg-template":"","related_ecommerce_template":"","ecommerce_parent_template":""},"id-48026":{"title":"Online Courses","id":48026,"publish-date":1603830103,"featured-image-url":"https:\/\/websitedemos.net\/wp-content\/uploads\/2020\/10\/online-courses-08-1.jpg","thumbnail-image-url":"https:\/\/websitedemos.net\/wp-content\/uploads\/2020\/10\/online-courses-08-1-600x2031.jpg","fullpage-thumbnail-image-url":"https:\/\/websitedemos.net\/wp-content\/uploads\/2020\/10\/online-courses-08-1-400x1354.jpg","astra-site-url":"\/\/websitedemos.net\/online-courses-08","astra-site-parent-id":1694,"astra-sites-tag":{"462":"courses","468":"elearning","467":"learndash","460":"learning","466":"online-courses","975":"online-learning"},"astra-sites-type":"free","astra-site-category":{"27":"business","39":"free"},"astra-sites-template-category":[],"astra-site-page-builder":"gutenberg","categories":{"2494":"elearning"},"required-plugins":[{"slug":"sfwd-lms","init":"sfwd-lms\/sfwd_lms.php","name":"LearnDash LMS"},{"slug":"learndash-course-grid","init":"learndash-course-grid\/learndash_course_grid.php","name":"LearnDash LMS - Course Grid"},{"slug":"ultimate-addons-for-gutenberg","init":"ultimate-addons-for-gutenberg\/ultimate-addons-for-gutenberg.php","name":"Spectra"},{"slug":"sureforms","init":"sureforms\/sureforms.php","name":"SureForms"}],"post-status":"publish","post-content":"","post-excerpt":"","pages":{"id-48030":{"title":"Home","featured-image-url":"https:\/\/websitedemos.net\/wp-content\/uploads\/2020\/10\/online-courses-08-1.jpg","thumbnail-image-url":"https:\/\/websitedemos.net\/wp-content\/uploads\/2020\/10\/online-courses-08-1-600x2031.jpg","astra-page-api-url":"https:\/\/websitedemos.net\/online-courses-08\/wp-json\/wp\/v2\/pages\/10","dynamic-page":"yes","astra-page-url":"\/\/websitedemos.net\/online-courses-08\/","astra-sites-tag":{"423":"home"},"site-pages-type":"free","site-pages-page-builder":"gutenberg","site-pages-category":[],"site-pages-parent-category":{"60":"business","61":"free"},"required-plugins":[{"slug":"sfwd-lms","init":"sfwd-lms\/sfwd_lms.php","name":"LearnDash LMS"},{"slug":"learndash-course-grid","init":"learndash-course-grid\/learndash_course_grid.php","name":"LearnDash LMS - Course Grid"},{"slug":"ultimate-addons-for-gutenberg","init":"ultimate-addons-for-gutenberg\/ultimate-addons-for-gutenberg.php","name":"Spectra"},{"slug":"sureforms","init":"sureforms\/sureforms.php","name":"SureForms"}]},"id-48028":{"title":"All Courses","featured-image-url":"https:\/\/websitedemos.net\/wp-content\/uploads\/2020\/10\/online-courses-08-all-courses-1.jpg","thumbnail-image-url":"https:\/\/websitedemos.net\/wp-content\/uploads\/2020\/10\/online-courses-08-all-courses-1-600x936.jpg","astra-page-api-url":"https:\/\/websitedemos.net\/online-courses-08\/wp-json\/wp\/v2\/pages\/14","dynamic-page":"yes","astra-page-url":"\/\/websitedemos.net\/online-courses-08\/all-courses\/","astra-sites-tag":{"462":"courses"},"site-pages-type":"free","site-pages-page-builder":"gutenberg","site-pages-category":[],"site-pages-parent-category":{"60":"business","61":"free"},"required-plugins":[{"slug":"sfwd-lms","init":"sfwd-lms\/sfwd_lms.php","name":"LearnDash LMS"},{"slug":"learndash-course-grid","init":"learndash-course-grid\/learndash_course_grid.php","name":"LearnDash LMS - Course Grid"},{"slug":"ultimate-addons-for-gutenberg","init":"ultimate-addons-for-gutenberg\/ultimate-addons-for-gutenberg.php","name":"Spectra"},{"slug":"sureforms","init":"sureforms\/sureforms.php","name":"SureForms"}]},"id-48027":{"title":"About Us","featured-image-url":"https:\/\/websitedemos.net\/wp-content\/uploads\/2020\/10\/online-courses-08-about-us-1.jpg","thumbnail-image-url":"https:\/\/websitedemos.net\/wp-content\/uploads\/2020\/10\/online-courses-08-about-us-1-600x1431.jpg","astra-page-api-url":"https:\/\/websitedemos.net\/online-courses-08\/wp-json\/wp\/v2\/pages\/12","dynamic-page":"no","astra-page-url":"\/\/websitedemos.net\/online-courses-08\/about-us\/","astra-sites-tag":{"352":"about"},"site-pages-type":"free","site-pages-page-builder":"gutenberg","site-pages-category":[],"site-pages-parent-category":{"60":"business","61":"free"},"required-plugins":[{"slug":"ultimate-addons-for-gutenberg","init":"ultimate-addons-for-gutenberg\/ultimate-addons-for-gutenberg.php","name":"Spectra"},{"slug":"sureforms","init":"sureforms\/sureforms.php","name":"SureForms"}]},"id-48031":{"title":"Instructors","featured-image-url":"https:\/\/websitedemos.net\/wp-content\/uploads\/2020\/10\/online-courses-08-instructors-1.jpg","thumbnail-image-url":"https:\/\/websitedemos.net\/wp-content\/uploads\/2020\/10\/online-courses-08-instructors-1-600x1306.jpg","astra-page-api-url":"https:\/\/websitedemos.net\/online-courses-08\/wp-json\/wp\/v2\/pages\/18","dynamic-page":"no","astra-page-url":"\/\/websitedemos.net\/online-courses-08\/instructors\/","astra-sites-tag":{"1677":"instructors"},"site-pages-type":"free","site-pages-page-builder":"gutenberg","site-pages-category":[],"site-pages-parent-category":{"60":"business","61":"free"},"required-plugins":[{"slug":"ultimate-addons-for-gutenberg","init":"ultimate-addons-for-gutenberg\/ultimate-addons-for-gutenberg.php","name":"Spectra"},{"slug":"sureforms","init":"sureforms\/sureforms.php","name":"SureForms"}]},"id-48032":{"title":"Pricing &#038; FAQ","featured-image-url":"https:\/\/websitedemos.net\/wp-content\/uploads\/2020\/10\/online-courses-08-pricing-and-faq.jpg","thumbnail-image-url":"https:\/\/websitedemos.net\/wp-content\/uploads\/2020\/10\/online-courses-08-pricing-and-faq-600x1417.jpg","astra-page-api-url":"https:\/\/websitedemos.net\/online-courses-08\/wp-json\/wp\/v2\/pages\/20","dynamic-page":"no","astra-page-url":"\/\/websitedemos.net\/online-courses-08\/pricing-faq\/","astra-sites-tag":{"585":"pricing"},"site-pages-type":"free","site-pages-page-builder":"gutenberg","site-pages-category":[],"site-pages-parent-category":{"60":"business","61":"free"},"required-plugins":[{"slug":"ultimate-addons-for-gutenberg","init":"ultimate-addons-for-gutenberg\/ultimate-addons-for-gutenberg.php","name":"Spectra"},{"slug":"sureforms","init":"sureforms\/sureforms.php","name":"SureForms"}]},"id-48029":{"title":"Contact","featured-image-url":"https:\/\/websitedemos.net\/wp-content\/uploads\/2020\/10\/online-courses-08-contact-1.jpg","thumbnail-image-url":"https:\/\/websitedemos.net\/wp-content\/uploads\/2020\/10\/online-courses-08-contact-1-600x978.jpg","astra-page-api-url":"https:\/\/websitedemos.net\/online-courses-08\/wp-json\/wp\/v2\/pages\/16","dynamic-page":"no","astra-page-url":"\/\/websitedemos.net\/online-courses-08\/contact\/","astra-sites-tag":{"415":"contact"},"site-pages-type":"free","site-pages-page-builder":"gutenberg","site-pages-category":[],"site-pages-parent-category":{"60":"business","61":"free"},"required-plugins":[{"slug":"ultimate-addons-for-gutenberg","init":"ultimate-addons-for-gutenberg\/ultimate-addons-for-gutenberg.php","name":"Spectra"},{"slug":"sureforms","init":"sureforms\/sureforms.php","name":"SureForms"}]}},"related-bb-template":"","related-elementor-template":"","related-gutenberg-template":"","related_ecommerce_template":"","ecommerce_parent_template":""},"id-85869":{"title":"Wine Bar and Restaurant","id":85869,"publish-date":1707248125,"featured-image-url":"https:\/\/websitedemos.net\/wp-content\/uploads\/2024\/02\/wine-bar-and-restaurant-07.jpg","thumbnail-image-url":"https:\/\/websitedemos.net\/wp-content\/uploads\/2024\/02\/wine-bar-and-restaurant-07-600x3389.jpg","fullpage-thumbnail-image-url":"https:\/\/websitedemos.net\/wp-content\/uploads\/2024\/02\/wine-bar-and-restaurant-07-400x2259.jpg","astra-site-url":"\/\/websitedemos.net\/wine-bar-and-restaurant-07","astra-site-parent-id":3458,"astra-sites-tag":{"1980":"bar","2004":"barbeque","2007":"barbeque-restaurant","1988":"beer-joint","882":"drinks","1982":"food-court","350":"hotel","1844":"premium","1983":"pub","335":"restaurant","2006":"wine-bar","2005":"wine-bar-and-restaurant","633":"winery"},"astra-sites-type":"agency-mini","astra-site-category":{"27":"business"},"astra-sites-template-category":{"2785":"food","2876":"food-ordering","2776":"restaurant","2813":"winery"},"astra-site-page-builder":"gutenberg","categories":{"2496":"restaurant-food"},"required-plugins":[{"slug":"ultimate-addons-for-gutenberg","init":"ultimate-addons-for-gutenberg\/ultimate-addons-for-gutenberg.php","name":"Spectra"},{"slug":"sureforms","init":"sureforms\/sureforms.php","name":"SureForms"}],"post-status":"publish","post-content":"","post-excerpt":"","pages":{"id-85874":{"title":"Home","featured-image-url":"https:\/\/websitedemos.net\/wp-content\/uploads\/2024\/02\/wine-bar-and-restaurant-07.jpg","thumbnail-image-url":"https:\/\/websitedemos.net\/wp-content\/uploads\/2024\/02\/wine-bar-and-restaurant-07-600x3389.jpg","astra-page-api-url":"https:\/\/websitedemos.net\/wine-bar-and-restaurant-07\/wp-json\/wp\/v2\/pages\/881","dynamic-page":"no","astra-page-url":"\/\/websitedemos.net\/wine-bar-and-restaurant-07\/","astra-sites-tag":{"423":"home"},"site-pages-type":"agency-mini","site-pages-page-builder":"gutenberg","site-pages-category":[],"site-pages-parent-category":{"60":"business"},"required-plugins":[{"slug":"ultimate-addons-for-gutenberg","init":"ultimate-addons-for-gutenberg\/ultimate-addons-for-gutenberg.php","name":"Spectra"}]},"id-85873":{"title":"History","featured-image-url":"https:\/\/websitedemos.net\/wp-content\/uploads\/2024\/02\/wine-bar-and-restaurant-07-history.jpg","thumbnail-image-url":"https:\/\/websitedemos.net\/wp-content\/uploads\/2024\/02\/wine-bar-and-restaurant-07-history-600x2537.jpg","astra-page-api-url":"https:\/\/websitedemos.net\/wine-bar-and-restaurant-07\/wp-json\/wp\/v2\/pages\/882","dynamic-page":"no","astra-page-url":"\/\/websitedemos.net\/wine-bar-and-restaurant-07\/history\/","astra-sites-tag":{"645":"history"},"site-pages-type":"agency-mini","site-pages-page-builder":"gutenberg","site-pages-category":[],"site-pages-parent-category":{"60":"business"},"required-plugins":[{"slug":"ultimate-addons-for-gutenberg","init":"ultimate-addons-for-gutenberg\/ultimate-addons-for-gutenberg.php","name":"Spectra"}]},"id-85872":{"title":"Grills","featured-image-url":"https:\/\/websitedemos.net\/wp-content\/uploads\/2024\/02\/wine-bar-and-restaurant-07-grills.jpg","thumbnail-image-url":"https:\/\/websitedemos.net\/wp-content\/uploads\/2024\/02\/wine-bar-and-restaurant-07-grills-600x1703.jpg","astra-page-api-url":"https:\/\/websitedemos.net\/wine-bar-and-restaurant-07\/wp-json\/wp\/v2\/pages\/1010","dynamic-page":"no","astra-page-url":"\/\/websitedemos.net\/wine-bar-and-restaurant-07\/grills\/","astra-sites-tag":{"2027":"grills"},"site-pages-type":"agency-mini","site-pages-page-builder":"gutenberg","site-pages-category":[],"site-pages-parent-category":{"60":"business"},"required-plugins":[{"slug":"ultimate-addons-for-gutenberg","init":"ultimate-addons-for-gutenberg\/ultimate-addons-for-gutenberg.php","name":"Spectra"}]},"id-85875":{"title":"Wines","featured-image-url":"https:\/\/websitedemos.net\/wp-content\/uploads\/2024\/02\/wine-bar-and-restaurant-07-wines.jpg","thumbnail-image-url":"https:\/\/websitedemos.net\/wp-content\/uploads\/2024\/02\/wine-bar-and-restaurant-07-wines-600x2165.jpg","astra-page-api-url":"https:\/\/websitedemos.net\/wine-bar-and-restaurant-07\/wp-json\/wp\/v2\/pages\/884","dynamic-page":"no","astra-page-url":"\/\/websitedemos.net\/wine-bar-and-restaurant-07\/wines\/","astra-sites-tag":{"2602":"wines"},"site-pages-type":"agency-mini","site-pages-page-builder":"gutenberg","site-pages-category":[],"site-pages-parent-category":{"60":"business"},"required-plugins":[{"slug":"ultimate-addons-for-gutenberg","init":"ultimate-addons-for-gutenberg\/ultimate-addons-for-gutenberg.php","name":"Spectra"}]},"id-85871":{"title":"Events","featured-image-url":"https:\/\/websitedemos.net\/wp-content\/uploads\/2024\/02\/wine-bar-and-restaurant-07-events.jpg","thumbnail-image-url":"https:\/\/websitedemos.net\/wp-content\/uploads\/2024\/02\/wine-bar-and-restaurant-07-events-600x1358.jpg","astra-page-api-url":"https:\/\/websitedemos.net\/wine-bar-and-restaurant-07\/wp-json\/wp\/v2\/pages\/885","dynamic-page":"no","astra-page-url":"\/\/websitedemos.net\/wine-bar-and-restaurant-07\/events\/","astra-sites-tag":{"1569":"events"},"site-pages-type":"agency-mini","site-pages-page-builder":"gutenberg","site-pages-category":[],"site-pages-parent-category":{"60":"business"},"required-plugins":[{"slug":"ultimate-addons-for-gutenberg","init":"ultimate-addons-for-gutenberg\/ultimate-addons-for-gutenberg.php","name":"Spectra"}]},"id-85870":{"title":"Contact","featured-image-url":"https:\/\/websitedemos.net\/wp-content\/uploads\/2024\/02\/wine-bar-and-restaurant-07-contact.jpg","thumbnail-image-url":"https:\/\/websitedemos.net\/wp-content\/uploads\/2024\/02\/wine-bar-and-restaurant-07-contact-600x864.jpg","astra-page-api-url":"https:\/\/websitedemos.net\/wine-bar-and-restaurant-07\/wp-json\/wp\/v2\/pages\/886","dynamic-page":"no","astra-page-url":"\/\/websitedemos.net\/wine-bar-and-restaurant-07\/contact\/","astra-sites-tag":{"415":"contact"},"site-pages-type":"agency-mini","site-pages-page-builder":"gutenberg","site-pages-category":[],"site-pages-parent-category":{"60":"business"},"required-plugins":[{"slug":"ultimate-addons-for-gutenberg","init":"ultimate-addons-for-gutenberg\/ultimate-addons-for-gutenberg.php","name":"Spectra"},{"slug":"sureforms","init":"sureforms\/sureforms.php","name":"SureForms"}]}},"related-bb-template":"","related-elementor-template":"","related-gutenberg-template":"","related_ecommerce_template":"","ecommerce_parent_template":""},"id-47896":{"title":"Online Programming Course","id":47896,"publish-date":1603825611,"featured-image-url":"https:\/\/websitedemos.net\/wp-content\/uploads\/2020\/10\/online-programming-08.jpg","thumbnail-image-url":"https:\/\/websitedemos.net\/wp-content\/uploads\/2020\/10\/online-programming-08-600x2335.jpg","fullpage-thumbnail-image-url":"https:\/\/websitedemos.net\/wp-content\/uploads\/2020\/10\/online-programming-08-400x1557.jpg","astra-site-url":"\/\/websitedemos.net\/online-coding-course-08","astra-site-parent-id":1681,"astra-sites-tag":{"462":"courses","469":"ecourse","468":"elearning","467":"learndash","466":"online-courses","975":"online-learning","1673":"programming-course"},"astra-sites-type":"free","astra-site-category":{"27":"business","39":"free"},"astra-sites-template-category":[],"astra-site-page-builder":"gutenberg","categories":{"2494":"elearning"},"required-plugins":[{"slug":"ultimate-addons-for-gutenberg","init":"ultimate-addons-for-gutenberg\/ultimate-addons-for-gutenberg.php","name":"Spectra"},{"slug":"sfwd-lms","init":"sfwd-lms\/sfwd_lms.php","name":"LearnDash LMS"},{"slug":"learndash-course-grid","init":"learndash-course-grid\/learndash_course_grid.php","name":"LearnDash LMS - Course Grid"},{"slug":"presto-player","init":"presto-player\/presto-player.php","name":"Presto Player"},{"slug":"sureforms","init":"sureforms\/sureforms.php","name":"SureForms"}],"post-status":"publish","post-content":"","post-excerpt":"","pages":{"id-47900":{"title":"Home","featured-image-url":"https:\/\/websitedemos.net\/wp-content\/uploads\/2020\/10\/online-programming-08.jpg","thumbnail-image-url":"https:\/\/websitedemos.net\/wp-content\/uploads\/2020\/10\/online-programming-08-600x2335.jpg","astra-page-api-url":"https:\/\/websitedemos.net\/online-coding-course-08\/wp-json\/wp\/v2\/pages\/523","dynamic-page":"no","astra-page-url":"\/\/websitedemos.net\/online-coding-course-08\/","astra-sites-tag":{"423":"home"},"site-pages-type":"free","site-pages-page-builder":"gutenberg","site-pages-category":[],"site-pages-parent-category":{"60":"business","61":"free"},"required-plugins":[{"slug":"ultimate-addons-for-gutenberg","init":"ultimate-addons-for-gutenberg\/ultimate-addons-for-gutenberg.php","name":"Spectra"}]},"id-47898":{"title":"All Courses","featured-image-url":"https:\/\/websitedemos.net\/wp-content\/uploads\/2020\/10\/online-programming-08-courses.jpg","thumbnail-image-url":"https:\/\/websitedemos.net\/wp-content\/uploads\/2020\/10\/online-programming-08-courses-600x1348.jpg","astra-page-api-url":"https:\/\/websitedemos.net\/online-coding-course-08\/wp-json\/wp\/v2\/pages\/519","dynamic-page":"yes","astra-page-url":"\/\/websitedemos.net\/online-coding-course-08\/all-courses\/","astra-sites-tag":{"462":"courses"},"site-pages-type":"free","site-pages-page-builder":"gutenberg","site-pages-category":[],"site-pages-parent-category":{"60":"business","61":"free"},"required-plugins":[{"slug":"sfwd-lms","init":"sfwd-lms\/sfwd_lms.php","name":"LearnDash LMS"},{"slug":"learndash-course-grid","init":"learndash-course-grid\/learndash_course_grid.php","name":"LearnDash LMS - Course Grid"},{"slug":"ultimate-addons-for-gutenberg","init":"ultimate-addons-for-gutenberg\/ultimate-addons-for-gutenberg.php","name":"Spectra"}]},"id-47897":{"title":"About","featured-image-url":"https:\/\/websitedemos.net\/wp-content\/uploads\/2020\/10\/online-programming-08-about.jpg","thumbnail-image-url":"https:\/\/websitedemos.net\/wp-content\/uploads\/2020\/10\/online-programming-08-about-600x1986.jpg","astra-page-api-url":"https:\/\/websitedemos.net\/online-coding-course-08\/wp-json\/wp\/v2\/pages\/517","dynamic-page":"no","astra-page-url":"\/\/websitedemos.net\/online-coding-course-08\/about\/","astra-sites-tag":{"352":"about"},"site-pages-type":"free","site-pages-page-builder":"gutenberg","site-pages-category":[],"site-pages-parent-category":{"60":"business","61":"free"},"required-plugins":[{"slug":"ultimate-addons-for-gutenberg","init":"ultimate-addons-for-gutenberg\/ultimate-addons-for-gutenberg.php","name":"Spectra"}]},"id-47899":{"title":"Contact","featured-image-url":"https:\/\/websitedemos.net\/wp-content\/uploads\/2020\/10\/online-programming-08-contact.jpg","thumbnail-image-url":"https:\/\/websitedemos.net\/wp-content\/uploads\/2020\/10\/online-programming-08-contact-600x1047.jpg","astra-page-api-url":"https:\/\/websitedemos.net\/online-coding-course-08\/wp-json\/wp\/v2\/pages\/521","dynamic-page":"no","astra-page-url":"\/\/websitedemos.net\/online-coding-course-08\/contact\/","astra-sites-tag":{"415":"contact"},"site-pages-type":"free","site-pages-page-builder":"gutenberg","site-pages-category":[],"site-pages-parent-category":{"60":"business","61":"free"},"required-plugins":[{"slug":"ultimate-addons-for-gutenberg","init":"ultimate-addons-for-gutenberg\/ultimate-addons-for-gutenberg.php","name":"Spectra"},{"slug":"sureforms","init":"sureforms\/sureforms.php","name":"SureForms"}]}},"related-bb-template":"","related-elementor-template":"","related-gutenberg-template":"","related_ecommerce_template":"","ecommerce_parent_template":""},"id-85878":{"title":"Event Management Agency","id":85878,"publish-date":1707162795,"featured-image-url":"https:\/\/websitedemos.net\/wp-content\/uploads\/2024\/02\/event-management-07.jpg","thumbnail-image-url":"https:\/\/websitedemos.net\/wp-content\/uploads\/2024\/02\/event-management-07-600x2693.jpg","fullpage-thumbnail-image-url":"https:\/\/websitedemos.net\/wp-content\/uploads\/2024\/02\/event-management-07-400x1795.jpg","astra-site-url":"\/\/websitedemos.net\/event-management-07","astra-site-parent-id":3459,"astra-sites-tag":{"663":"agency","1611":"corporate-events","1612":"event-agency","1610":"event-management"},"astra-sites-type":"agency-mini","astra-site-category":{"27":"business"},"astra-sites-template-category":{"2777":"business","2784":"event","2768":"portfolio"},"astra-site-page-builder":"gutenberg","categories":{"2487":"agency","2483":"expert-services"},"required-plugins":[{"slug":"ultimate-addons-for-gutenberg","init":"ultimate-addons-for-gutenberg\/ultimate-addons-for-gutenberg.php","name":"Spectra"}],"post-status":"publish","post-content":"","post-excerpt":"","pages":{"id-85881":{"title":"Home","featured-image-url":"https:\/\/websitedemos.net\/wp-content\/uploads\/2024\/02\/event-management-07.jpg","thumbnail-image-url":"https:\/\/websitedemos.net\/wp-content\/uploads\/2024\/02\/event-management-07-600x2693.jpg","astra-page-api-url":"https:\/\/websitedemos.net\/event-management-07\/wp-json\/wp\/v2\/pages\/359","dynamic-page":"no","astra-page-url":"\/\/websitedemos.net\/event-management-07\/","astra-sites-tag":{"423":"home"},"site-pages-type":"agency-mini","site-pages-page-builder":"gutenberg","site-pages-category":[],"site-pages-parent-category":{"60":"business"},"required-plugins":[{"slug":"ultimate-addons-for-gutenberg","init":"ultimate-addons-for-gutenberg\/ultimate-addons-for-gutenberg.php","name":"Spectra"}]},"id-85879":{"title":"About Us","featured-image-url":"https:\/\/websitedemos.net\/wp-content\/uploads\/2024\/02\/event-management-07-about-us.jpg","thumbnail-image-url":"https:\/\/websitedemos.net\/wp-content\/uploads\/2024\/02\/event-management-07-about-us-600x1940.jpg","astra-page-api-url":"https:\/\/websitedemos.net\/event-management-07\/wp-json\/wp\/v2\/pages\/364","dynamic-page":"no","astra-page-url":"\/\/websitedemos.net\/event-management-07\/about-us\/","astra-sites-tag":{"352":"about"},"site-pages-type":"agency-mini","site-pages-page-builder":"gutenberg","site-pages-category":[],"site-pages-parent-category":{"60":"business"},"required-plugins":[{"slug":"ultimate-addons-for-gutenberg","init":"ultimate-addons-for-gutenberg\/ultimate-addons-for-gutenberg.php","name":"Spectra"}]},"id-85882":{"title":"Services","featured-image-url":"https:\/\/websitedemos.net\/wp-content\/uploads\/2024\/02\/event-management-07-services.jpg","thumbnail-image-url":"https:\/\/websitedemos.net\/wp-content\/uploads\/2024\/02\/event-management-07-services-600x1841.jpg","astra-page-api-url":"https:\/\/websitedemos.net\/event-management-07\/wp-json\/wp\/v2\/pages\/363","dynamic-page":"no","astra-page-url":"\/\/websitedemos.net\/event-management-07\/services\/","astra-sites-tag":{"425":"services"},"site-pages-type":"agency-mini","site-pages-page-builder":"gutenberg","site-pages-category":[],"site-pages-parent-category":{"60":"business"},"required-plugins":[{"slug":"ultimate-addons-for-gutenberg","init":"ultimate-addons-for-gutenberg\/ultimate-addons-for-gutenberg.php","name":"Spectra"}]},"id-85883":{"title":"Works","featured-image-url":"https:\/\/websitedemos.net\/wp-content\/uploads\/2024\/02\/event-management-07-work.jpg","thumbnail-image-url":"https:\/\/websitedemos.net\/wp-content\/uploads\/2024\/02\/event-management-07-work-600x1862.jpg","astra-page-api-url":"https:\/\/websitedemos.net\/event-management-07\/wp-json\/wp\/v2\/pages\/362","dynamic-page":"no","astra-page-url":"\/\/websitedemos.net\/event-management-07\/works\/","astra-sites-tag":{"2895":"works"},"site-pages-type":"agency-mini","site-pages-page-builder":"gutenberg","site-pages-category":[],"site-pages-parent-category":{"60":"business"},"required-plugins":[{"slug":"ultimate-addons-for-gutenberg","init":"ultimate-addons-for-gutenberg\/ultimate-addons-for-gutenberg.php","name":"Spectra"}]},"id-85880":{"title":"Contact Us","featured-image-url":"https:\/\/websitedemos.net\/wp-content\/uploads\/2024\/02\/event-management-07-contact.jpg","thumbnail-image-url":"https:\/\/websitedemos.net\/wp-content\/uploads\/2024\/02\/event-management-07-contact-600x1244.jpg","astra-page-api-url":"https:\/\/websitedemos.net\/event-management-07\/wp-json\/wp\/v2\/pages\/365","dynamic-page":"no","astra-page-url":"\/\/websitedemos.net\/event-management-07\/contact-us\/","astra-sites-tag":{"415":"contact"},"site-pages-type":"agency-mini","site-pages-page-builder":"gutenberg","site-pages-category":[],"site-pages-parent-category":{"60":"business"},"required-plugins":[{"slug":"ultimate-addons-for-gutenberg","init":"ultimate-addons-for-gutenberg\/ultimate-addons-for-gutenberg.php","name":"Spectra"}]}},"related-bb-template":"","related-elementor-template":"","related-gutenberg-template":"","related_ecommerce_template":"","ecommerce_parent_template":""},"id-47672":{"title":"Diagnostics Lab","id":47672,"publish-date":1603984733,"featured-image-url":"https:\/\/websitedemos.net\/wp-content\/uploads\/2020\/10\/diagnostics-lab-08.jpg","thumbnail-image-url":"https:\/\/websitedemos.net\/wp-content\/uploads\/2020\/10\/diagnostics-lab-08-600x3865.jpg","fullpage-thumbnail-image-url":"https:\/\/websitedemos.net\/wp-content\/uploads\/2020\/10\/diagnostics-lab-08-400x2577.jpg","astra-site-url":"\/\/websitedemos.net\/diagnostics-lab-08","astra-site-parent-id":1657,"astra-sites-tag":{"1637":"clinical-diagnosis","1636":"diagnosis","1640":"laboratory","1638":"test"},"astra-sites-type":"free","astra-site-category":{"27":"business","39":"free"},"astra-sites-template-category":{"2777":"business","2834":"healthcare","2841":"medical-clinic"},"astra-site-page-builder":"gutenberg","categories":{"2490":"healthcare"},"required-plugins":[{"slug":"ultimate-addons-for-gutenberg","init":"ultimate-addons-for-gutenberg\/ultimate-addons-for-gutenberg.php","name":"Spectra"}],"post-status":"publish","post-content":"","post-excerpt":"","pages":{"id-47675":{"title":"Home","featured-image-url":"https:\/\/websitedemos.net\/wp-content\/uploads\/2020\/10\/diagnostics-lab-08.jpg","thumbnail-image-url":"https:\/\/websitedemos.net\/wp-content\/uploads\/2020\/10\/diagnostics-lab-08-600x3865.jpg","astra-page-api-url":"https:\/\/websitedemos.net\/diagnostics-lab-08\/wp-json\/wp\/v2\/pages\/242","dynamic-page":"no","astra-page-url":"\/\/websitedemos.net\/diagnostics-lab-08\/","astra-sites-tag":{"423":"home"},"site-pages-type":"free","site-pages-page-builder":"gutenberg","site-pages-category":[],"site-pages-parent-category":{"60":"business","61":"free"},"required-plugins":[{"slug":"ultimate-addons-for-gutenberg","init":"ultimate-addons-for-gutenberg\/ultimate-addons-for-gutenberg.php","name":"Spectra"}]},"id-47673":{"title":"About Us","featured-image-url":"https:\/\/websitedemos.net\/wp-content\/uploads\/2020\/10\/diagnostics-lab-08-about-us.jpg","thumbnail-image-url":"https:\/\/websitedemos.net\/wp-content\/uploads\/2020\/10\/diagnostics-lab-08-about-us-600x1665.jpg","astra-page-api-url":"https:\/\/websitedemos.net\/diagnostics-lab-08\/wp-json\/wp\/v2\/pages\/247","dynamic-page":"no","astra-page-url":"\/\/websitedemos.net\/diagnostics-lab-08\/about-us\/","astra-sites-tag":{"352":"about"},"site-pages-type":"free","site-pages-page-builder":"gutenberg","site-pages-category":[],"site-pages-parent-category":{"60":"business","61":"free"},"required-plugins":[{"slug":"ultimate-addons-for-gutenberg","init":"ultimate-addons-for-gutenberg\/ultimate-addons-for-gutenberg.php","name":"Spectra"}]},"id-47676":{"title":"Services","featured-image-url":"https:\/\/websitedemos.net\/wp-content\/uploads\/2020\/10\/diagnostics-lab-08-services.jpg","thumbnail-image-url":"https:\/\/websitedemos.net\/wp-content\/uploads\/2020\/10\/diagnostics-lab-08-services-600x1566.jpg","astra-page-api-url":"https:\/\/websitedemos.net\/diagnostics-lab-08\/wp-json\/wp\/v2\/pages\/252","dynamic-page":"no","astra-page-url":"\/\/websitedemos.net\/diagnostics-lab-08\/services\/","astra-sites-tag":{"425":"services","451":"work"},"site-pages-type":"free","site-pages-page-builder":"gutenberg","site-pages-category":[],"site-pages-parent-category":{"60":"business","61":"free"},"required-plugins":[{"slug":"ultimate-addons-for-gutenberg","init":"ultimate-addons-for-gutenberg\/ultimate-addons-for-gutenberg.php","name":"Spectra"}]},"id-47677":{"title":"Testimonial","featured-image-url":"https:\/\/websitedemos.net\/wp-content\/uploads\/2020\/10\/diagnostics-lab-08-testimonial.jpg","thumbnail-image-url":"https:\/\/websitedemos.net\/wp-content\/uploads\/2020\/10\/diagnostics-lab-08-testimonial-600x1606.jpg","astra-page-api-url":"https:\/\/websitedemos.net\/diagnostics-lab-08\/wp-json\/wp\/v2\/pages\/254","dynamic-page":"no","astra-page-url":"\/\/websitedemos.net\/diagnostics-lab-08\/testimonial\/","astra-sites-tag":{"1615":"reviews","433":"testimonials"},"site-pages-type":"free","site-pages-page-builder":"gutenberg","site-pages-category":[],"site-pages-parent-category":{"60":"business","61":"free"},"required-plugins":[{"slug":"ultimate-addons-for-gutenberg","init":"ultimate-addons-for-gutenberg\/ultimate-addons-for-gutenberg.php","name":"Spectra"}]},"id-47674":{"title":"Contact Us","featured-image-url":"https:\/\/websitedemos.net\/wp-content\/uploads\/2020\/10\/diagnostics-lab-08-contact-us.jpg","thumbnail-image-url":"https:\/\/websitedemos.net\/wp-content\/uploads\/2020\/10\/diagnostics-lab-08-contact-us-600x1026.jpg","astra-page-api-url":"https:\/\/websitedemos.net\/diagnostics-lab-08\/wp-json\/wp\/v2\/pages\/256","dynamic-page":"no","astra-page-url":"\/\/websitedemos.net\/diagnostics-lab-08\/contact-us\/","astra-sites-tag":{"415":"contact"},"site-pages-type":"free","site-pages-page-builder":"gutenberg","site-pages-category":[],"site-pages-parent-category":{"60":"business","61":"free"},"required-plugins":[{"slug":"ultimate-addons-for-gutenberg","init":"ultimate-addons-for-gutenberg\/ultimate-addons-for-gutenberg.php","name":"Spectra"}]}},"related-bb-template":"","related-elementor-template":"","related-gutenberg-template":"","related_ecommerce_template":"","ecommerce_parent_template":""}}