{"id-85763":{"title":"AppPlus","id":85763,"publish-date":1706628678,"featured-image-url":"https:\/\/websitedemos.net\/wp-content\/uploads\/2024\/01\/app-landing-page-07.jpg","thumbnail-image-url":"https:\/\/websitedemos.net\/wp-content\/uploads\/2024\/01\/app-landing-page-07-600x3370.jpg","fullpage-thumbnail-image-url":"https:\/\/websitedemos.net\/wp-content\/uploads\/2024\/01\/app-landing-page-07-400x2247.jpg","astra-site-url":"\/\/websitedemos.net\/app-landing-page-07","astra-site-parent-id":3452,"astra-sites-tag":{"1583":"app-landing-page","423":"home","850":"landing-page","629":"product-landing-page"},"astra-sites-type":"agency-mini","astra-site-category":{"27":"business"},"astra-sites-template-category":{"2777":"business","2863":"landing-page","2881":"mobile-app","2771":"one-page"},"astra-site-page-builder":"gutenberg","categories":{"2927":"one-page","2499":"technology"},"required-plugins":[{"slug":"ultimate-addons-for-gutenberg","init":"ultimate-addons-for-gutenberg\/ultimate-addons-for-gutenberg.php","name":"Spectra"}],"post-status":"publish","post-content":"","post-excerpt":"","pages":{"id-85764":{"title":"Landing Page","featured-image-url":"https:\/\/websitedemos.net\/wp-content\/uploads\/2024\/01\/app-landing-page-07.jpg","thumbnail-image-url":"https:\/\/websitedemos.net\/wp-content\/uploads\/2024\/01\/app-landing-page-07-600x3370.jpg","astra-page-api-url":"https:\/\/websitedemos.net\/app-landing-page-07\/wp-json\/wp\/v2\/pages\/268","dynamic-page":"no","astra-page-url":"\/\/websitedemos.net\/app-landing-page-07\/","astra-sites-tag":{"850":"landing-page"},"site-pages-type":"agency-mini","site-pages-page-builder":"gutenberg","site-pages-category":[],"site-pages-parent-category":{"60":"business"},"required-plugins":[{"slug":"ultimate-addons-for-gutenberg","init":"ultimate-addons-for-gutenberg\/ultimate-addons-for-gutenberg.php","name":"Spectra"}]}},"related-bb-template":"","related-elementor-template":"","related-gutenberg-template":"","related_ecommerce_template":"","ecommerce_parent_template":""},"id-48318":{"title":"Nutritionist","id":48318,"publish-date":1603908961,"featured-image-url":"https:\/\/websitedemos.net\/wp-content\/uploads\/2020\/10\/nutritionist-08.jpg","thumbnail-image-url":"https:\/\/websitedemos.net\/wp-content\/uploads\/2020\/10\/nutritionist-08-600x2730.jpg","fullpage-thumbnail-image-url":"https:\/\/websitedemos.net\/wp-content\/uploads\/2020\/10\/nutritionist-08-400x1820.jpg","astra-site-url":"\/\/websitedemos.net\/nutritionist-08","astra-site-parent-id":1722,"astra-sites-tag":{"753":"dietitian","1726":"nutrition-coach","1727":"nutrition-coaching","1725":"nutrition-trainer","754":"nutritionist","1454":"personal-trainer"},"astra-sites-type":"free","astra-site-category":{"27":"business","39":"free"},"astra-sites-template-category":[],"astra-site-page-builder":"gutenberg","categories":{"2480":"fitness-wellness"},"required-plugins":[{"slug":"ultimate-addons-for-gutenberg","init":"ultimate-addons-for-gutenberg\/ultimate-addons-for-gutenberg.php","name":"Spectra"}],"post-status":"publish","post-content":"","post-excerpt":"","pages":{"id-69529":{"title":"Blog","featured-image-url":"https:\/\/websitedemos.net\/wp-content\/uploads\/2020\/10\/nutritionist-08-blog.jpg","thumbnail-image-url":"https:\/\/websitedemos.net\/wp-content\/uploads\/2020\/10\/nutritionist-08-blog-600x1061.jpg","astra-page-api-url":"https:\/\/websitedemos.net\/nutritionist-08\/wp-json\/wp\/v2\/pages\/728","dynamic-page":"yes","astra-page-url":"\/\/websitedemos.net\/nutritionist-08\/blog\/","astra-sites-tag":[],"site-pages-type":"free","site-pages-page-builder":"gutenberg","site-pages-category":[],"site-pages-parent-category":{"60":"business","61":"free"},"required-plugins":[{"slug":"ultimate-addons-for-gutenberg","init":"ultimate-addons-for-gutenberg\/ultimate-addons-for-gutenberg.php","name":"Spectra"}]},"id-48321":{"title":"Home","featured-image-url":"https:\/\/websitedemos.net\/wp-content\/uploads\/2020\/10\/nutritionist-08.jpg","thumbnail-image-url":"https:\/\/websitedemos.net\/wp-content\/uploads\/2020\/10\/nutritionist-08-600x2730.jpg","astra-page-api-url":"https:\/\/websitedemos.net\/nutritionist-08\/wp-json\/wp\/v2\/pages\/6","dynamic-page":"no","astra-page-url":"\/\/websitedemos.net\/nutritionist-08\/","astra-sites-tag":{"423":"home"},"site-pages-type":"free","site-pages-page-builder":"gutenberg","site-pages-category":[],"site-pages-parent-category":{"60":"business","61":"free"},"required-plugins":[{"slug":"ultimate-addons-for-gutenberg","init":"ultimate-addons-for-gutenberg\/ultimate-addons-for-gutenberg.php","name":"Spectra"}]},"id-48319":{"title":"About","featured-image-url":"https:\/\/websitedemos.net\/wp-content\/uploads\/2020\/10\/nutritionist-08-about-1.jpg","thumbnail-image-url":"https:\/\/websitedemos.net\/wp-content\/uploads\/2020\/10\/nutritionist-08-about-1-600x1230.jpg","astra-page-api-url":"https:\/\/websitedemos.net\/nutritionist-08\/wp-json\/wp\/v2\/pages\/134","dynamic-page":"no","astra-page-url":"\/\/websitedemos.net\/nutritionist-08\/about\/","astra-sites-tag":{"352":"about"},"site-pages-type":"free","site-pages-page-builder":"gutenberg","site-pages-category":[],"site-pages-parent-category":{"60":"business","61":"free"},"required-plugins":[{"slug":"ultimate-addons-for-gutenberg","init":"ultimate-addons-for-gutenberg\/ultimate-addons-for-gutenberg.php","name":"Spectra"}]},"id-48322":{"title":"Programs","featured-image-url":"https:\/\/websitedemos.net\/wp-content\/uploads\/2020\/10\/nutritionist-08-programs.jpg","thumbnail-image-url":"https:\/\/websitedemos.net\/wp-content\/uploads\/2020\/10\/nutritionist-08-programs-600x1480.jpg","astra-page-api-url":"https:\/\/websitedemos.net\/nutritionist-08\/wp-json\/wp\/v2\/pages\/164","dynamic-page":"no","astra-page-url":"\/\/websitedemos.net\/nutritionist-08\/programs\/","astra-sites-tag":{"989":"programs"},"site-pages-type":"free","site-pages-page-builder":"gutenberg","site-pages-category":[],"site-pages-parent-category":{"60":"business","61":"free"},"required-plugins":[{"slug":"ultimate-addons-for-gutenberg","init":"ultimate-addons-for-gutenberg\/ultimate-addons-for-gutenberg.php","name":"Spectra"}]},"id-48323":{"title":"Success Stories","featured-image-url":"https:\/\/websitedemos.net\/wp-content\/uploads\/2020\/10\/nutritionist-08-success-stories-1.jpg","thumbnail-image-url":"https:\/\/websitedemos.net\/wp-content\/uploads\/2020\/10\/nutritionist-08-success-stories-1-600x942.jpg","astra-page-api-url":"https:\/\/websitedemos.net\/nutritionist-08\/wp-json\/wp\/v2\/pages\/180","dynamic-page":"no","astra-page-url":"\/\/websitedemos.net\/nutritionist-08\/success-stories\/","astra-sites-tag":{"432":"review","990":"success-stories","433":"testimonials"},"site-pages-type":"free","site-pages-page-builder":"gutenberg","site-pages-category":[],"site-pages-parent-category":{"60":"business","61":"free"},"required-plugins":[{"slug":"ultimate-addons-for-gutenberg","init":"ultimate-addons-for-gutenberg\/ultimate-addons-for-gutenberg.php","name":"Spectra"}]},"id-48320":{"title":"Contact","featured-image-url":"https:\/\/websitedemos.net\/wp-content\/uploads\/2020\/10\/nutritionist-08-contact-1.jpg","thumbnail-image-url":"https:\/\/websitedemos.net\/wp-content\/uploads\/2020\/10\/nutritionist-08-contact-1-600x808.jpg","astra-page-api-url":"https:\/\/websitedemos.net\/nutritionist-08\/wp-json\/wp\/v2\/pages\/196","dynamic-page":"no","astra-page-url":"\/\/websitedemos.net\/nutritionist-08\/contact\/","astra-sites-tag":{"415":"contact"},"site-pages-type":"free","site-pages-page-builder":"gutenberg","site-pages-category":[],"site-pages-parent-category":{"60":"business","61":"free"},"required-plugins":[{"slug":"ultimate-addons-for-gutenberg","init":"ultimate-addons-for-gutenberg\/ultimate-addons-for-gutenberg.php","name":"Spectra"}]}},"related-bb-template":"","related-elementor-template":"","related-gutenberg-template":"","related_ecommerce_template":"","ecommerce_parent_template":""},"id-85621":{"title":"Coffee Shop","id":85621,"publish-date":1706626568,"featured-image-url":"https:\/\/websitedemos.net\/wp-content\/uploads\/2024\/01\/coffee-shop-07.jpg","thumbnail-image-url":"https:\/\/websitedemos.net\/wp-content\/uploads\/2024\/01\/coffee-shop-07-600x2281.jpg","fullpage-thumbnail-image-url":"https:\/\/websitedemos.net\/wp-content\/uploads\/2024\/01\/coffee-shop-07-400x1520.jpg","astra-site-url":"\/\/websitedemos.net\/coffee-shop-07","astra-site-parent-id":3441,"astra-sites-tag":{"693":"cafe","2042":"cafe-bar","1527":"cafeteria","2043":"coffee-house","1575":"coffee-shop","399":"one-page","2421":"purchases","2417":"reseller","335":"restaurant","2041":"snack-bar"},"astra-sites-type":"agency-mini","astra-site-category":{"27":"business"},"astra-sites-template-category":{"2777":"business","2785":"food","2776":"restaurant"},"astra-site-page-builder":"gutenberg","categories":{"2496":"restaurant-food"},"required-plugins":[{"slug":"ultimate-addons-for-gutenberg","init":"ultimate-addons-for-gutenberg\/ultimate-addons-for-gutenberg.php","name":"Spectra"},{"slug":"sureforms","init":"sureforms\/sureforms.php","name":"SureForms"}],"post-status":"publish","post-content":"","post-excerpt":"","pages":{"id-85625":{"title":"Home","featured-image-url":"https:\/\/websitedemos.net\/wp-content\/uploads\/2024\/01\/coffee-shop-07.jpg","thumbnail-image-url":"https:\/\/websitedemos.net\/wp-content\/uploads\/2024\/01\/coffee-shop-07-600x2281.jpg","astra-page-api-url":"https:\/\/websitedemos.net\/coffee-shop-07\/wp-json\/wp\/v2\/pages\/597","dynamic-page":"no","astra-page-url":"\/\/websitedemos.net\/coffee-shop-07\/","astra-sites-tag":{"423":"home"},"site-pages-type":"agency-mini","site-pages-page-builder":"gutenberg","site-pages-category":[],"site-pages-parent-category":{"60":"business"},"required-plugins":[{"slug":"ultimate-addons-for-gutenberg","init":"ultimate-addons-for-gutenberg\/ultimate-addons-for-gutenberg.php","name":"Spectra"}]},"id-85622":{"title":"About","featured-image-url":"https:\/\/websitedemos.net\/wp-content\/uploads\/2024\/01\/coffee-shop-07-about.jpg","thumbnail-image-url":"https:\/\/websitedemos.net\/wp-content\/uploads\/2024\/01\/coffee-shop-07-about-600x1362.jpg","astra-page-api-url":"https:\/\/websitedemos.net\/coffee-shop-07\/wp-json\/wp\/v2\/pages\/599","dynamic-page":"no","astra-page-url":"\/\/websitedemos.net\/coffee-shop-07\/about\/","astra-sites-tag":{"352":"about"},"site-pages-type":"agency-mini","site-pages-page-builder":"gutenberg","site-pages-category":[],"site-pages-parent-category":{"60":"business"},"required-plugins":[{"slug":"ultimate-addons-for-gutenberg","init":"ultimate-addons-for-gutenberg\/ultimate-addons-for-gutenberg.php","name":"Spectra"}]},"id-85626":{"title":"Our Menu","featured-image-url":"https:\/\/websitedemos.net\/wp-content\/uploads\/2024\/01\/coffee-shop-07-our-menu.jpg","thumbnail-image-url":"https:\/\/websitedemos.net\/wp-content\/uploads\/2024\/01\/coffee-shop-07-our-menu-600x1167.jpg","astra-page-api-url":"https:\/\/websitedemos.net\/coffee-shop-07\/wp-json\/wp\/v2\/pages\/598","dynamic-page":"no","astra-page-url":"\/\/websitedemos.net\/coffee-shop-07\/our-menu\/","astra-sites-tag":{"1578":"our-menu"},"site-pages-type":"agency-mini","site-pages-page-builder":"gutenberg","site-pages-category":[],"site-pages-parent-category":{"60":"business"},"required-plugins":[{"slug":"ultimate-addons-for-gutenberg","init":"ultimate-addons-for-gutenberg\/ultimate-addons-for-gutenberg.php","name":"Spectra"}]},"id-85624":{"title":"Gallery","featured-image-url":"https:\/\/websitedemos.net\/wp-content\/uploads\/2024\/01\/coffee-shop-07-gallery.jpg","thumbnail-image-url":"https:\/\/websitedemos.net\/wp-content\/uploads\/2024\/01\/coffee-shop-07-gallery-600x987.jpg","astra-page-api-url":"https:\/\/websitedemos.net\/coffee-shop-07\/wp-json\/wp\/v2\/pages\/600","dynamic-page":"no","astra-page-url":"\/\/websitedemos.net\/coffee-shop-07\/gallery\/","astra-sites-tag":{"461":"gallery"},"site-pages-type":"agency-mini","site-pages-page-builder":"gutenberg","site-pages-category":[],"site-pages-parent-category":{"60":"business"},"required-plugins":[{"slug":"ultimate-addons-for-gutenberg","init":"ultimate-addons-for-gutenberg\/ultimate-addons-for-gutenberg.php","name":"Spectra"}]},"id-85623":{"title":"Contact","featured-image-url":"https:\/\/websitedemos.net\/wp-content\/uploads\/2024\/01\/coffee-shop-07-contact.jpg","thumbnail-image-url":"https:\/\/websitedemos.net\/wp-content\/uploads\/2024\/01\/coffee-shop-07-contact-600x819.jpg","astra-page-api-url":"https:\/\/websitedemos.net\/coffee-shop-07\/wp-json\/wp\/v2\/pages\/601","dynamic-page":"no","astra-page-url":"\/\/websitedemos.net\/coffee-shop-07\/contact\/","astra-sites-tag":{"415":"contact"},"site-pages-type":"agency-mini","site-pages-page-builder":"gutenberg","site-pages-category":[],"site-pages-parent-category":{"60":"business"},"required-plugins":[{"slug":"ultimate-addons-for-gutenberg","init":"ultimate-addons-for-gutenberg\/ultimate-addons-for-gutenberg.php","name":"Spectra"},{"slug":"sureforms","init":"sureforms\/sureforms.php","name":"SureForms"}]}},"related-bb-template":"","related-elementor-template":"","related-gutenberg-template":"","related_ecommerce_template":"","ecommerce_parent_template":""},"id-48631":{"title":"Yoga Instructor","id":48631,"publish-date":1603984609,"featured-image-url":"https:\/\/websitedemos.net\/wp-content\/uploads\/2020\/10\/yoga-instructor-08.jpg","thumbnail-image-url":"https:\/\/websitedemos.net\/wp-content\/uploads\/2020\/10\/yoga-instructor-08-600x2239.jpg","fullpage-thumbnail-image-url":"https:\/\/websitedemos.net\/wp-content\/uploads\/2020\/10\/yoga-instructor-08-400x1493.jpg","astra-site-url":"\/\/websitedemos.net\/yoga-instructor-08","astra-site-parent-id":1753,"astra-sites-tag":{"499":"fitness","976":"gym-instructor","849":"health-yoga","1020":"personal","395":"yoga-instructor","397":"yoga-studio","398":"yoga-trainer"},"astra-sites-type":"free","astra-site-category":{"27":"business","39":"free"},"astra-sites-template-category":{"2787":"gym-fitness","2770":"personal","2808":"yoga"},"astra-site-page-builder":"gutenberg","categories":{"2480":"fitness-wellness"},"required-plugins":[{"slug":"ultimate-addons-for-gutenberg","init":"ultimate-addons-for-gutenberg\/ultimate-addons-for-gutenberg.php","name":"Spectra"},{"slug":"sureforms","init":"sureforms\/sureforms.php","name":"SureForms"}],"post-status":"publish","post-content":"","post-excerpt":"","pages":{"id-48635":{"title":"Home","featured-image-url":"https:\/\/websitedemos.net\/wp-content\/uploads\/2020\/10\/yoga-instructor-08.jpg","thumbnail-image-url":"https:\/\/websitedemos.net\/wp-content\/uploads\/2020\/10\/yoga-instructor-08-600x2239.jpg","astra-page-api-url":"https:\/\/websitedemos.net\/yoga-instructor-08\/wp-json\/wp\/v2\/pages\/51","dynamic-page":"no","astra-page-url":"\/\/websitedemos.net\/yoga-instructor-08\/","astra-sites-tag":{"423":"home"},"site-pages-type":"free","site-pages-page-builder":"gutenberg","site-pages-category":[],"site-pages-parent-category":{"60":"business","61":"free"},"required-plugins":[{"slug":"ultimate-addons-for-gutenberg","init":"ultimate-addons-for-gutenberg\/ultimate-addons-for-gutenberg.php","name":"Spectra"}]},"id-48632":{"title":"About Me","featured-image-url":"https:\/\/websitedemos.net\/wp-content\/uploads\/2020\/10\/yoga-instructor-08-about-me-1.jpg","thumbnail-image-url":"https:\/\/websitedemos.net\/wp-content\/uploads\/2020\/10\/yoga-instructor-08-about-me-1-600x1297.jpg","astra-page-api-url":"https:\/\/websitedemos.net\/yoga-instructor-08\/wp-json\/wp\/v2\/pages\/52","dynamic-page":"no","astra-page-url":"\/\/websitedemos.net\/yoga-instructor-08\/about-me\/","astra-sites-tag":{"352":"about"},"site-pages-type":"free","site-pages-page-builder":"gutenberg","site-pages-category":[],"site-pages-parent-category":{"60":"business","61":"free"},"required-plugins":[{"slug":"ultimate-addons-for-gutenberg","init":"ultimate-addons-for-gutenberg\/ultimate-addons-for-gutenberg.php","name":"Spectra"}]},"id-48633":{"title":"Classes","featured-image-url":"https:\/\/websitedemos.net\/wp-content\/uploads\/2020\/10\/yoga-instructor-08-classes-1.jpg","thumbnail-image-url":"https:\/\/websitedemos.net\/wp-content\/uploads\/2020\/10\/yoga-instructor-08-classes-1-600x1746.jpg","astra-page-api-url":"https:\/\/websitedemos.net\/yoga-instructor-08\/wp-json\/wp\/v2\/pages\/53","dynamic-page":"no","astra-page-url":"\/\/websitedemos.net\/yoga-instructor-08\/classes\/","astra-sites-tag":{"557":"classes"},"site-pages-type":"free","site-pages-page-builder":"gutenberg","site-pages-category":[],"site-pages-parent-category":{"60":"business","61":"free"},"required-plugins":[{"slug":"ultimate-addons-for-gutenberg","init":"ultimate-addons-for-gutenberg\/ultimate-addons-for-gutenberg.php","name":"Spectra"}]},"id-48636":{"title":"Publications","featured-image-url":"https:\/\/websitedemos.net\/wp-content\/uploads\/2020\/10\/yoga-instructor-08-publications-1.jpg","thumbnail-image-url":"https:\/\/websitedemos.net\/wp-content\/uploads\/2020\/10\/yoga-instructor-08-publications-1-600x1082.jpg","astra-page-api-url":"https:\/\/websitedemos.net\/yoga-instructor-08\/wp-json\/wp\/v2\/pages\/54","dynamic-page":"no","astra-page-url":"\/\/websitedemos.net\/yoga-instructor-08\/publications\/","astra-sites-tag":{"558":"publication"},"site-pages-type":"free","site-pages-page-builder":"gutenberg","site-pages-category":[],"site-pages-parent-category":{"60":"business","61":"free"},"required-plugins":[{"slug":"ultimate-addons-for-gutenberg","init":"ultimate-addons-for-gutenberg\/ultimate-addons-for-gutenberg.php","name":"Spectra"}]},"id-48634":{"title":"Get Fit","featured-image-url":"https:\/\/websitedemos.net\/wp-content\/uploads\/2020\/10\/yoga-instructor-08-get-fit-1.jpg","thumbnail-image-url":"https:\/\/websitedemos.net\/wp-content\/uploads\/2020\/10\/yoga-instructor-08-get-fit-1-600x1079.jpg","astra-page-api-url":"https:\/\/websitedemos.net\/yoga-instructor-08\/wp-json\/wp\/v2\/pages\/55","dynamic-page":"no","astra-page-url":"\/\/websitedemos.net\/yoga-instructor-08\/get-fit\/","astra-sites-tag":{"415":"contact","377":"get-in-touch"},"site-pages-type":"free","site-pages-page-builder":"gutenberg","site-pages-category":[],"site-pages-parent-category":{"60":"business","61":"free"},"required-plugins":[{"slug":"ultimate-addons-for-gutenberg","init":"ultimate-addons-for-gutenberg\/ultimate-addons-for-gutenberg.php","name":"Spectra"},{"slug":"sureforms","init":"sureforms\/sureforms.php","name":"SureForms"}]}},"related-bb-template":"","related-elementor-template":"","related-gutenberg-template":"","related_ecommerce_template":"","ecommerce_parent_template":""},"id-85733":{"title":"Plant Shop","id":85733,"publish-date":1706554719,"featured-image-url":"https:\/\/websitedemos.net\/wp-content\/uploads\/2024\/01\/plant-shop-07.jpg","thumbnail-image-url":"https:\/\/websitedemos.net\/wp-content\/uploads\/2024\/01\/plant-shop-07-600x2615.jpg","fullpage-thumbnail-image-url":"https:\/\/websitedemos.net\/wp-content\/uploads\/2024\/01\/plant-shop-07-400x1743.jpg","astra-site-url":"\/\/websitedemos.net\/plant-shop-07","astra-site-parent-id":3448,"astra-sites-tag":{"2418":"commerce","1017":"e-commerce","496":"ecommerce","2419":"eshopping","2422":"online-market","2420":"online-shopping","383":"online-store","497":"plant-store","495":"plants","2421":"purchases","2417":"reseller","733":"shop","2416":"shopping","749":"store","1024":"woocommerce"},"astra-sites-type":"agency-mini","astra-site-category":{"27":"business","38":"ecommerce"},"astra-sites-template-category":{"2777":"business","2769":"ecommerce","2830":"nature","2857":"online-shopping"},"astra-site-page-builder":"gutenberg","categories":{"2495":"ecommerce","2476":"gardening"},"required-plugins":[{"slug":"ultimate-addons-for-gutenberg","init":"ultimate-addons-for-gutenberg\/ultimate-addons-for-gutenberg.php","name":"Spectra"},{"slug":"variation-swatches-woo","init":"variation-swatches-woo\/variation-swatches-woo.php","name":"Variation Swatches for WooCommerce"},{"slug":"woocommerce","init":"woocommerce\/woocommerce.php","name":"WooCommerce"},{"slug":"woo-cart-abandonment-recovery","init":"woo-cart-abandonment-recovery\/woo-cart-abandonment-recovery.php","name":"WooCommerce Cart Abandonment Recovery"},{"slug":"astra-addon","init":"astra-addon\/astra-addon.php","name":"Astra Pro"},{"slug":"woocommerce-payments","init":"woocommerce-payments\/woocommerce-payments.php","name":"WooPayments"}],"post-status":"publish","post-content":"","post-excerpt":"","pages":{"id-85734":{"title":"Home","featured-image-url":"https:\/\/websitedemos.net\/wp-content\/uploads\/2024\/01\/plant-shop-07.jpg","thumbnail-image-url":"https:\/\/websitedemos.net\/wp-content\/uploads\/2024\/01\/plant-shop-07-600x2615.jpg","astra-page-api-url":"https:\/\/websitedemos.net\/plant-shop-07\/wp-json\/wp\/v2\/pages\/884","dynamic-page":"yes","astra-page-url":"\/\/websitedemos.net\/plant-shop-07\/","astra-sites-tag":{"423":"home"},"site-pages-type":"agency-mini","site-pages-page-builder":"gutenberg","site-pages-category":[],"site-pages-parent-category":{"60":"business","64":"ecommerce"},"required-plugins":[{"slug":"astra-addon","init":"astra-addon\/astra-addon.php","name":"Astra Pro"},{"slug":"ultimate-addons-for-gutenberg","init":"ultimate-addons-for-gutenberg\/ultimate-addons-for-gutenberg.php","name":"Spectra"},{"slug":"variation-swatches-woo","init":"variation-swatches-woo\/variation-swatches-woo.php","name":"Variation Swatches for WooCommerce"},{"slug":"woocommerce","init":"woocommerce\/woocommerce.php","name":"WooCommerce"},{"slug":"woo-cart-abandonment-recovery","init":"woo-cart-abandonment-recovery\/woo-cart-abandonment-recovery.php","name":"WooCommerce Cart Abandonment Recovery"},{"slug":"woocommerce-payments","init":"woocommerce-payments\/woocommerce-payments.php","name":"WooPayments"}]}},"related-bb-template":"","related-elementor-template":"","related-gutenberg-template":"","related_ecommerce_template":"","ecommerce_parent_template":""},"id-49936":{"title":"Recipe Blog","id":49936,"publish-date":1614595588,"featured-image-url":"https:\/\/websitedemos.net\/wp-content\/uploads\/2021\/03\/recipe-blog-08-1.jpg","thumbnail-image-url":"https:\/\/websitedemos.net\/wp-content\/uploads\/2021\/03\/recipe-blog-08-1-600x1623.jpg","fullpage-thumbnail-image-url":"https:\/\/websitedemos.net\/wp-content\/uploads\/2021\/03\/recipe-blog-08-1-400x1082.jpg","astra-site-url":"\/\/websitedemos.net\/recipe-blog-08","astra-site-parent-id":1858,"astra-sites-tag":{"792":"cooking","787":"dinner","336":"food","793":"food-making","788":"snack"},"astra-sites-type":"free","astra-site-category":{"37":"blog","39":"free"},"astra-sites-template-category":{"2828":"blog","2785":"food","2770":"personal","2776":"restaurant"},"astra-site-page-builder":"gutenberg","categories":{"2497":"blog"},"required-plugins":[{"slug":"ultimate-addons-for-gutenberg","init":"ultimate-addons-for-gutenberg\/ultimate-addons-for-gutenberg.php","name":"Spectra"},{"slug":"sureforms","init":"sureforms\/sureforms.php","name":"SureForms"}],"post-status":"publish","post-content":"","post-excerpt":"","pages":{"id-49940":{"title":"Home","featured-image-url":"https:\/\/websitedemos.net\/wp-content\/uploads\/2021\/03\/recipe-blog-08-1.jpg","thumbnail-image-url":"https:\/\/websitedemos.net\/wp-content\/uploads\/2021\/03\/recipe-blog-08-1-600x1623.jpg","astra-page-api-url":"https:\/\/websitedemos.net\/recipe-blog-08\/wp-json\/wp\/v2\/pages\/1055","dynamic-page":"no","astra-page-url":"\/\/websitedemos.net\/recipe-blog-08\/","astra-sites-tag":{"814":"homepage"},"site-pages-type":"free","site-pages-page-builder":"gutenberg","site-pages-category":[],"site-pages-parent-category":{"74":"blog","61":"free"},"required-plugins":[{"slug":"ultimate-addons-for-gutenberg","init":"ultimate-addons-for-gutenberg\/ultimate-addons-for-gutenberg.php","name":"Spectra"}]},"id-49937":{"title":"About Me","featured-image-url":"https:\/\/websitedemos.net\/wp-content\/uploads\/2021\/03\/recipe-blog-08-about-me-1.jpg","thumbnail-image-url":"https:\/\/websitedemos.net\/wp-content\/uploads\/2021\/03\/recipe-blog-08-about-me-1-600x897.jpg","astra-page-api-url":"https:\/\/websitedemos.net\/recipe-blog-08\/wp-json\/wp\/v2\/pages\/1071","dynamic-page":"no","astra-page-url":"\/\/websitedemos.net\/recipe-blog-08\/about-me\/","astra-sites-tag":{"1007":"about-me"},"site-pages-type":"free","site-pages-page-builder":"gutenberg","site-pages-category":[],"site-pages-parent-category":{"74":"blog","61":"free"},"required-plugins":[{"slug":"ultimate-addons-for-gutenberg","init":"ultimate-addons-for-gutenberg\/ultimate-addons-for-gutenberg.php","name":"Spectra"}]},"id-49938":{"title":"Blog","featured-image-url":"https:\/\/websitedemos.net\/wp-content\/uploads\/2021\/03\/recipe-blog-08-blog-1.jpg","thumbnail-image-url":"https:\/\/websitedemos.net\/wp-content\/uploads\/2021\/03\/recipe-blog-08-blog-1-600x1429.jpg","astra-page-api-url":"https:\/\/websitedemos.net\/recipe-blog-08\/wp-json\/wp\/v2\/pages\/1067","dynamic-page":"no","astra-page-url":"\/\/websitedemos.net\/recipe-blog-08\/blog\/","astra-sites-tag":{"480":"blog"},"site-pages-type":"free","site-pages-page-builder":"gutenberg","site-pages-category":[],"site-pages-parent-category":{"74":"blog","61":"free"},"required-plugins":[{"slug":"ultimate-addons-for-gutenberg","init":"ultimate-addons-for-gutenberg\/ultimate-addons-for-gutenberg.php","name":"Spectra"}]},"id-49939":{"title":"Contact","featured-image-url":"https:\/\/websitedemos.net\/wp-content\/uploads\/2021\/03\/recipe-blog-08-contact-1.jpg","thumbnail-image-url":"https:\/\/websitedemos.net\/wp-content\/uploads\/2021\/03\/recipe-blog-08-contact-1-600x758.jpg","astra-page-api-url":"https:\/\/websitedemos.net\/recipe-blog-08\/wp-json\/wp\/v2\/pages\/1074","dynamic-page":"no","astra-page-url":"\/\/websitedemos.net\/recipe-blog-08\/contact\/","astra-sites-tag":{"415":"contact"},"site-pages-type":"free","site-pages-page-builder":"gutenberg","site-pages-category":[],"site-pages-parent-category":{"74":"blog","61":"free"},"required-plugins":[{"slug":"ultimate-addons-for-gutenberg","init":"ultimate-addons-for-gutenberg\/ultimate-addons-for-gutenberg.php","name":"Spectra"},{"slug":"sureforms","init":"sureforms\/sureforms.php","name":"SureForms"}]}},"related-bb-template":"","related-elementor-template":"","related-gutenberg-template":"","related_ecommerce_template":"","ecommerce_parent_template":""},"id-85518":{"title":"Shoe Store","id":85518,"publish-date":1706550951,"featured-image-url":"https:\/\/websitedemos.net\/wp-content\/uploads\/2024\/01\/shoe-store-07.jpg","thumbnail-image-url":"https:\/\/websitedemos.net\/wp-content\/uploads\/2024\/01\/shoe-store-07-600x1814.jpg","fullpage-thumbnail-image-url":"https:\/\/websitedemos.net\/wp-content\/uploads\/2024\/01\/shoe-store-07-400x1209.jpg","astra-site-url":"\/\/websitedemos.net\/shoe-store-07","astra-site-parent-id":3436,"astra-sites-tag":{"2418":"commerce","1017":"e-commerce","496":"ecommerce","1817":"ecommerce-store","2419":"eshopping","2422":"online-market","732":"online-shop","2420":"online-shopping","383":"online-store","2421":"purchases","2417":"reseller","384":"running-shoes","382":"shoe-store","385":"shoes","733":"shop","2416":"shopping","2427":"sports-shoes","749":"store","966":"woo-commerce","1024":"woocommerce"},"astra-sites-type":"agency-mini","astra-site-category":{"27":"business","38":"ecommerce"},"astra-sites-template-category":{"2769":"ecommerce","2857":"online-shopping","2878":"shoes"},"astra-site-page-builder":"gutenberg","categories":{"2495":"ecommerce"},"required-plugins":[{"slug":"astra-addon","init":"astra-addon\/astra-addon.php","name":"Astra Pro"},{"slug":"ultimate-addons-for-gutenberg","init":"ultimate-addons-for-gutenberg\/ultimate-addons-for-gutenberg.php","name":"Spectra"},{"slug":"variation-swatches-woo","init":"variation-swatches-woo\/variation-swatches-woo.php","name":"Variation Swatches for WooCommerce"},{"slug":"woocommerce","init":"woocommerce\/woocommerce.php","name":"WooCommerce"},{"slug":"woo-cart-abandonment-recovery","init":"woo-cart-abandonment-recovery\/woo-cart-abandonment-recovery.php","name":"WooCommerce Cart Abandonment Recovery"},{"slug":"woocommerce-gateway-paypal-express-checkout","init":"woocommerce-gateway-paypal-express-checkout\/woocommerce-gateway-paypal-express-checkout.php","name":"WooCommerce PayPal Checkout Gateway"},{"slug":"woocommerce-payments","init":"woocommerce-payments\/woocommerce-payments.php","name":"WooPayments"}],"post-status":"publish","post-content":"","post-excerpt":"","pages":{"id-85521":{"title":"Home","featured-image-url":"https:\/\/websitedemos.net\/wp-content\/uploads\/2024\/01\/shoe-store-07.jpg","thumbnail-image-url":"https:\/\/websitedemos.net\/wp-content\/uploads\/2024\/01\/shoe-store-07-600x1814.jpg","astra-page-api-url":"https:\/\/websitedemos.net\/shoe-store-07\/wp-json\/wp\/v2\/pages\/1041","dynamic-page":"yes","astra-page-url":"\/\/websitedemos.net\/shoe-store-07\/","astra-sites-tag":{"423":"home"},"site-pages-type":"agency-mini","site-pages-page-builder":"gutenberg","site-pages-category":[],"site-pages-parent-category":{"60":"business","64":"ecommerce"},"required-plugins":[{"slug":"astra-addon","init":"astra-addon\/astra-addon.php","name":"Astra Pro"},{"slug":"ultimate-addons-for-gutenberg","init":"ultimate-addons-for-gutenberg\/ultimate-addons-for-gutenberg.php","name":"Spectra"},{"slug":"variation-swatches-woo","init":"variation-swatches-woo\/variation-swatches-woo.php","name":"Variation Swatches for WooCommerce"},{"slug":"woocommerce","init":"woocommerce\/woocommerce.php","name":"WooCommerce"},{"slug":"woo-cart-abandonment-recovery","init":"woo-cart-abandonment-recovery\/woo-cart-abandonment-recovery.php","name":"WooCommerce Cart Abandonment Recovery"},{"slug":"woocommerce-gateway-paypal-express-checkout","init":"woocommerce-gateway-paypal-express-checkout\/woocommerce-gateway-paypal-express-checkout.php","name":"WooCommerce PayPal Checkout Gateway"},{"slug":"woocommerce-payments","init":"woocommerce-payments\/woocommerce-payments.php","name":"WooPayments"}]},"id-85519":{"title":"About","featured-image-url":"https:\/\/websitedemos.net\/wp-content\/uploads\/2024\/01\/shoe-store-07-about.jpg","thumbnail-image-url":"https:\/\/websitedemos.net\/wp-content\/uploads\/2024\/01\/shoe-store-07-about-600x1628.jpg","astra-page-api-url":"https:\/\/websitedemos.net\/shoe-store-07\/wp-json\/wp\/v2\/pages\/1044","dynamic-page":"no","astra-page-url":"\/\/websitedemos.net\/shoe-store-07\/about\/","astra-sites-tag":{"352":"about"},"site-pages-type":"agency-mini","site-pages-page-builder":"gutenberg","site-pages-category":[],"site-pages-parent-category":{"60":"business","64":"ecommerce"},"required-plugins":[{"slug":"astra-addon","init":"astra-addon\/astra-addon.php","name":"Astra Pro"},{"slug":"ultimate-addons-for-gutenberg","init":"ultimate-addons-for-gutenberg\/ultimate-addons-for-gutenberg.php","name":"Spectra"}]},"id-85520":{"title":"Contact","featured-image-url":"https:\/\/websitedemos.net\/wp-content\/uploads\/2024\/01\/shoe-store-07-contact.jpg","thumbnail-image-url":"https:\/\/websitedemos.net\/wp-content\/uploads\/2024\/01\/shoe-store-07-contact-600x1336.jpg","astra-page-api-url":"https:\/\/websitedemos.net\/shoe-store-07\/wp-json\/wp\/v2\/pages\/1046","dynamic-page":"no","astra-page-url":"\/\/websitedemos.net\/shoe-store-07\/contact\/","astra-sites-tag":{"415":"contact"},"site-pages-type":"agency-mini","site-pages-page-builder":"gutenberg","site-pages-category":[],"site-pages-parent-category":{"60":"business","64":"ecommerce"},"required-plugins":[{"slug":"astra-addon","init":"astra-addon\/astra-addon.php","name":"Astra Pro"},{"slug":"ultimate-addons-for-gutenberg","init":"ultimate-addons-for-gutenberg\/ultimate-addons-for-gutenberg.php","name":"Spectra"}]}},"related-bb-template":"","related-elementor-template":"","related-gutenberg-template":"","related_ecommerce_template":"","ecommerce_parent_template":""},"id-48076":{"title":"Personal Fitness Trainer","id":48076,"publish-date":1603893488,"featured-image-url":"https:\/\/websitedemos.net\/wp-content\/uploads\/2020\/10\/fitness-trainer-08.jpg","thumbnail-image-url":"https:\/\/websitedemos.net\/wp-content\/uploads\/2020\/10\/fitness-trainer-08-600x3142.jpg","fullpage-thumbnail-image-url":"https:\/\/websitedemos.net\/wp-content\/uploads\/2020\/10\/fitness-trainer-08-400x2094.jpg","astra-site-url":"\/\/websitedemos.net\/fitness-trainer-08","astra-site-parent-id":1697,"astra-sites-tag":{"502":"exercise","499":"fitness","506":"functional-training","500":"gym","504":"gym-trainer","399":"one-page","463":"single-page","503":"trainer","501":"work-out"},"astra-sites-type":"free","astra-site-category":{"27":"business","39":"free"},"astra-sites-template-category":[],"astra-site-page-builder":"gutenberg","categories":{"2480":"fitness-wellness"},"required-plugins":[{"slug":"ultimate-addons-for-gutenberg","init":"ultimate-addons-for-gutenberg\/ultimate-addons-for-gutenberg.php","name":"Spectra"}],"post-status":"publish","post-content":"","post-excerpt":"","pages":{"id-48077":{"title":"Home","featured-image-url":"https:\/\/websitedemos.net\/wp-content\/uploads\/2020\/10\/fitness-trainer-08.jpg","thumbnail-image-url":"https:\/\/websitedemos.net\/wp-content\/uploads\/2020\/10\/fitness-trainer-08-600x3142.jpg","astra-page-api-url":"https:\/\/websitedemos.net\/fitness-trainer-08\/wp-json\/wp\/v2\/pages\/10","dynamic-page":"no","astra-page-url":"\/\/websitedemos.net\/fitness-trainer-08\/","astra-sites-tag":{"423":"home","814":"homepage","463":"single-page"},"site-pages-type":"free","site-pages-page-builder":"gutenberg","site-pages-category":[],"site-pages-parent-category":{"60":"business","61":"free"},"required-plugins":[{"slug":"ultimate-addons-for-gutenberg","init":"ultimate-addons-for-gutenberg\/ultimate-addons-for-gutenberg.php","name":"Spectra"}]}},"related-bb-template":"","related-elementor-template":"","related-gutenberg-template":"","related_ecommerce_template":"","ecommerce_parent_template":""},"id-85590":{"title":"Brandstore Pro","id":85590,"publish-date":1706532719,"featured-image-url":"https:\/\/websitedemos.net\/wp-content\/uploads\/2024\/01\/store-07.jpg","thumbnail-image-url":"https:\/\/websitedemos.net\/wp-content\/uploads\/2024\/01\/store-07-600x2027.jpg","fullpage-thumbnail-image-url":"https:\/\/websitedemos.net\/wp-content\/uploads\/2024\/01\/store-07-400x1351.jpg","astra-site-url":"\/\/websitedemos.net\/store-07","astra-site-parent-id":3440,"astra-sites-tag":{"639":"accessories","638":"brand-store","880":"cartflows","640":"cloth-store","637":"clothing","2418":"commerce","1017":"e-commerce","496":"ecommerce","2422":"online-market","732":"online-shop","2420":"online-shopping","383":"online-store","967":"product-store","2421":"purchases","2417":"reseller","733":"shop","2416":"shopping","749":"store","966":"woo-commerce","1024":"woocommerce"},"astra-sites-type":"agency-mini","astra-site-category":{"38":"ecommerce"},"astra-sites-template-category":{"2777":"business","2769":"ecommerce","2858":"fashion-clothing","2857":"online-shopping"},"astra-site-page-builder":"gutenberg","categories":{"2479":"beauty","2495":"ecommerce"},"required-plugins":[{"slug":"astra-addon","init":"astra-addon\/astra-addon.php","name":"Astra Pro"},{"slug":"ultimate-addons-for-gutenberg","init":"ultimate-addons-for-gutenberg\/ultimate-addons-for-gutenberg.php","name":"Spectra"},{"slug":"woocommerce","init":"woocommerce\/woocommerce.php","name":"WooCommerce"},{"slug":"woo-cart-abandonment-recovery","init":"woo-cart-abandonment-recovery\/woo-cart-abandonment-recovery.php","name":"WooCommerce Cart Abandonment Recovery"},{"slug":"woocommerce-gateway-paypal-express-checkout","init":"woocommerce-gateway-paypal-express-checkout\/woocommerce-gateway-paypal-express-checkout.php","name":"WooCommerce PayPal Checkout Gateway"},{"slug":"variation-swatches-woo","init":"variation-swatches-woo\/variation-swatches-woo.php","name":"Variation Swatches for WooCommerce"},{"slug":"sureforms","init":"sureforms\/sureforms.php","name":"SureForms"},{"slug":"woocommerce-payments","init":"woocommerce-payments\/woocommerce-payments.php","name":"WooPayments"}],"post-status":"publish","post-content":"","post-excerpt":"","pages":{"id-85593":{"title":"Home","featured-image-url":"https:\/\/websitedemos.net\/wp-content\/uploads\/2024\/01\/store-07.jpg","thumbnail-image-url":"https:\/\/websitedemos.net\/wp-content\/uploads\/2024\/01\/store-07-600x2027.jpg","astra-page-api-url":"https:\/\/websitedemos.net\/store-07\/wp-json\/wp\/v2\/pages\/1314","dynamic-page":"yes","astra-page-url":"\/\/websitedemos.net\/store-07\/","astra-sites-tag":{"423":"home"},"site-pages-type":"agency-mini","site-pages-page-builder":"gutenberg","site-pages-category":[],"site-pages-parent-category":{"64":"ecommerce"},"required-plugins":[{"slug":"astra-addon","init":"astra-addon\/astra-addon.php","name":"Astra Pro"},{"slug":"ultimate-addons-for-gutenberg","init":"ultimate-addons-for-gutenberg\/ultimate-addons-for-gutenberg.php","name":"Spectra"},{"slug":"variation-swatches-woo","init":"variation-swatches-woo\/variation-swatches-woo.php","name":"Variation Swatches for WooCommerce"},{"slug":"woocommerce","init":"woocommerce\/woocommerce.php","name":"WooCommerce"},{"slug":"woo-cart-abandonment-recovery","init":"woo-cart-abandonment-recovery\/woo-cart-abandonment-recovery.php","name":"WooCommerce Cart Abandonment Recovery"},{"slug":"woocommerce-gateway-paypal-express-checkout","init":"woocommerce-gateway-paypal-express-checkout\/woocommerce-gateway-paypal-express-checkout.php","name":"WooCommerce PayPal Checkout Gateway"},{"slug":"woocommerce-payments","init":"woocommerce-payments\/woocommerce-payments.php","name":"WooPayments"}]},"id-85591":{"title":"About Us","featured-image-url":"https:\/\/websitedemos.net\/wp-content\/uploads\/2024\/01\/store-07-about-us.jpg","thumbnail-image-url":"https:\/\/websitedemos.net\/wp-content\/uploads\/2024\/01\/store-07-about-us-600x1358.jpg","astra-page-api-url":"https:\/\/websitedemos.net\/store-07\/wp-json\/wp\/v2\/pages\/1317","dynamic-page":"no","astra-page-url":"\/\/websitedemos.net\/store-07\/about-us\/","astra-sites-tag":{"352":"about"},"site-pages-type":"agency-mini","site-pages-page-builder":"gutenberg","site-pages-category":[],"site-pages-parent-category":{"64":"ecommerce"},"required-plugins":[{"slug":"astra-addon","init":"astra-addon\/astra-addon.php","name":"Astra Pro"},{"slug":"ultimate-addons-for-gutenberg","init":"ultimate-addons-for-gutenberg\/ultimate-addons-for-gutenberg.php","name":"Spectra"}]},"id-85594":{"title":"Lookbook","featured-image-url":"https:\/\/websitedemos.net\/wp-content\/uploads\/2024\/01\/store-07-lookbook.jpg","thumbnail-image-url":"https:\/\/websitedemos.net\/wp-content\/uploads\/2024\/01\/store-07-lookbook-600x1583.jpg","astra-page-api-url":"https:\/\/websitedemos.net\/store-07\/wp-json\/wp\/v2\/pages\/1322","dynamic-page":"no","astra-page-url":"\/\/websitedemos.net\/store-07\/lookbook\/","astra-sites-tag":{"752":"lookbook"},"site-pages-type":"agency-mini","site-pages-page-builder":"gutenberg","site-pages-category":[],"site-pages-parent-category":{"64":"ecommerce"},"required-plugins":[{"slug":"astra-addon","init":"astra-addon\/astra-addon.php","name":"Astra Pro"},{"slug":"ultimate-addons-for-gutenberg","init":"ultimate-addons-for-gutenberg\/ultimate-addons-for-gutenberg.php","name":"Spectra"}]},"id-85592":{"title":"Contact Us","featured-image-url":"https:\/\/websitedemos.net\/wp-content\/uploads\/2024\/01\/store-07-contact-us.jpg","thumbnail-image-url":"https:\/\/websitedemos.net\/wp-content\/uploads\/2024\/01\/store-07-contact-us-600x1534.jpg","astra-page-api-url":"https:\/\/websitedemos.net\/store-07\/wp-json\/wp\/v2\/pages\/1319","dynamic-page":"yes","astra-page-url":"\/\/websitedemos.net\/store-07\/contact-us\/","astra-sites-tag":{"415":"contact"},"site-pages-type":"agency-mini","site-pages-page-builder":"gutenberg","site-pages-category":[],"site-pages-parent-category":{"64":"ecommerce"},"required-plugins":[{"slug":"astra-addon","init":"astra-addon\/astra-addon.php","name":"Astra Pro"},{"slug":"ultimate-addons-for-gutenberg","init":"ultimate-addons-for-gutenberg\/ultimate-addons-for-gutenberg.php","name":"Spectra"},{"slug":"sureforms","init":"sureforms\/sureforms.php","name":"SureForms"},{"slug":"variation-swatches-woo","init":"variation-swatches-woo\/variation-swatches-woo.php","name":"Variation Swatches for WooCommerce"},{"slug":"woocommerce","init":"woocommerce\/woocommerce.php","name":"WooCommerce"},{"slug":"woo-cart-abandonment-recovery","init":"woo-cart-abandonment-recovery\/woo-cart-abandonment-recovery.php","name":"WooCommerce Cart Abandonment Recovery"},{"slug":"woocommerce-gateway-paypal-express-checkout","init":"woocommerce-gateway-paypal-express-checkout\/woocommerce-gateway-paypal-express-checkout.php","name":"WooCommerce PayPal Checkout Gateway"},{"slug":"woocommerce-payments","init":"woocommerce-payments\/woocommerce-payments.php","name":"WooPayments"}]}},"related-bb-template":"","related-elementor-template":"","related-gutenberg-template":"","related_ecommerce_template":"","ecommerce_parent_template":""},"id-75418":{"title":"Cosmetics Store","id":75418,"publish-date":1690994681,"featured-image-url":"https:\/\/websitedemos.net\/wp-content\/uploads\/2023\/08\/cosmetic-store-08.jpg","thumbnail-image-url":"https:\/\/websitedemos.net\/wp-content\/uploads\/2023\/08\/cosmetic-store-08-600x2228.jpg","fullpage-thumbnail-image-url":"https:\/\/websitedemos.net\/wp-content\/uploads\/2023\/08\/cosmetic-store-08-400x1485.jpg","astra-site-url":"\/\/websitedemos.net\/cosmetic-store-08","astra-site-parent-id":3371,"astra-sites-tag":{"1465":"beauty-products","1466":"cosmetic-products","1464":"cosmetic-store","1463":"cosmetics","496":"ecommerce"},"astra-sites-type":"free","astra-site-category":{"38":"ecommerce","39":"free"},"astra-sites-template-category":{"2790":"beauty-fashion","2777":"business","2769":"ecommerce","2890":"makeup-cosmetic"},"astra-site-page-builder":"gutenberg","categories":{"2495":"ecommerce"},"required-plugins":[{"slug":"ultimate-addons-for-gutenberg","init":"ultimate-addons-for-gutenberg\/ultimate-addons-for-gutenberg.php","name":"Spectra"},{"slug":"surecart","init":"surecart\/surecart.php","name":"SureCart"},{"slug":"sureforms","init":"sureforms\/sureforms.php","name":"SureForms"}],"post-status":"publish","post-content":"","post-excerpt":"","pages":{"id-75421":{"title":"Home","featured-image-url":"https:\/\/websitedemos.net\/wp-content\/uploads\/2023\/08\/cosmetic-store-08.jpg","thumbnail-image-url":"https:\/\/websitedemos.net\/wp-content\/uploads\/2023\/08\/cosmetic-store-08-600x2228.jpg","astra-page-api-url":"https:\/\/websitedemos.net\/cosmetic-store-08\/wp-json\/wp\/v2\/pages\/1147","dynamic-page":"yes","astra-page-url":"\/\/websitedemos.net\/cosmetic-store-08\/","astra-sites-tag":{"423":"home"},"site-pages-type":"free","site-pages-page-builder":"gutenberg","site-pages-category":[],"site-pages-parent-category":{"64":"ecommerce","61":"free"},"required-plugins":[{"slug":"ultimate-addons-for-gutenberg","init":"ultimate-addons-for-gutenberg\/ultimate-addons-for-gutenberg.php","name":"Spectra"},{"slug":"surecart","init":"surecart\/surecart.php","name":"SureCart"},{"slug":"sureforms","init":"sureforms\/sureforms.php","name":"SureForms"}]},"id-75419":{"title":"About","featured-image-url":"https:\/\/websitedemos.net\/wp-content\/uploads\/2023\/08\/cosmetic-store-08-about.jpg","thumbnail-image-url":"https:\/\/websitedemos.net\/wp-content\/uploads\/2023\/08\/cosmetic-store-08-about-600x1259.jpg","astra-page-api-url":"https:\/\/websitedemos.net\/cosmetic-store-08\/wp-json\/wp\/v2\/pages\/1160","dynamic-page":"no","astra-page-url":"\/\/websitedemos.net\/cosmetic-store-08\/about\/","astra-sites-tag":{"352":"about"},"site-pages-type":"free","site-pages-page-builder":"gutenberg","site-pages-category":[],"site-pages-parent-category":{"64":"ecommerce","61":"free"},"required-plugins":[{"slug":"ultimate-addons-for-gutenberg","init":"ultimate-addons-for-gutenberg\/ultimate-addons-for-gutenberg.php","name":"Spectra"}]},"id-75502":{"title":"Shop","featured-image-url":"","thumbnail-image-url":"","astra-page-api-url":"https:\/\/websitedemos.net\/cosmetic-store-08\/wp-json\/wp\/v2\/pages\/287","dynamic-page":"no","astra-page-url":"\/\/websitedemos.net\/cosmetic-store-08\/shop\/","astra-sites-tag":[],"site-pages-type":"free","site-pages-page-builder":"gutenberg","site-pages-category":[],"site-pages-parent-category":{"64":"ecommerce","61":"free"},"required-plugins":[{"slug":"surecart","init":"surecart\/surecart.php","name":"SureCart"}]},"id-75500":{"title":"Checkout","featured-image-url":"","thumbnail-image-url":"","astra-page-api-url":"https:\/\/websitedemos.net\/cosmetic-store-08\/wp-json\/wp\/v2\/pages\/284","dynamic-page":"no","astra-page-url":"\/\/websitedemos.net\/cosmetic-store-08\/checkout\/","astra-sites-tag":[],"site-pages-type":"free","site-pages-page-builder":"gutenberg","site-pages-category":[],"site-pages-parent-category":{"64":"ecommerce","61":"free"},"required-plugins":[{"slug":"surecart","init":"surecart\/surecart.php","name":"SureCart"}]},"id-75501":{"title":"Dashboard","featured-image-url":"","thumbnail-image-url":"","astra-page-api-url":"https:\/\/websitedemos.net\/cosmetic-store-08\/wp-json\/wp\/v2\/pages\/285","dynamic-page":"no","astra-page-url":"\/\/websitedemos.net\/cosmetic-store-08\/customer-dashboard\/","astra-sites-tag":[],"site-pages-type":"free","site-pages-page-builder":"gutenberg","site-pages-category":[],"site-pages-parent-category":{"64":"ecommerce","61":"free"},"required-plugins":[{"slug":"surecart","init":"surecart\/surecart.php","name":"SureCart"}]},"id-75422":{"title":"Testimonials","featured-image-url":"https:\/\/websitedemos.net\/wp-content\/uploads\/2023\/08\/cosmetic-store-08-testimonials.jpg","thumbnail-image-url":"https:\/\/websitedemos.net\/wp-content\/uploads\/2023\/08\/cosmetic-store-08-testimonials-600x1191.jpg","astra-page-api-url":"https:\/\/websitedemos.net\/cosmetic-store-08\/wp-json\/wp\/v2\/pages\/1164","dynamic-page":"no","astra-page-url":"\/\/websitedemos.net\/cosmetic-store-08\/testimonials\/","astra-sites-tag":{"433":"testimonials"},"site-pages-type":"free","site-pages-page-builder":"gutenberg","site-pages-category":[],"site-pages-parent-category":{"64":"ecommerce","61":"free"},"required-plugins":[{"slug":"ultimate-addons-for-gutenberg","init":"ultimate-addons-for-gutenberg\/ultimate-addons-for-gutenberg.php","name":"Spectra"},{"slug":"sureforms","init":"sureforms\/sureforms.php","name":"SureForms"}]},"id-75420":{"title":"Contact","featured-image-url":"https:\/\/websitedemos.net\/wp-content\/uploads\/2023\/08\/cosmetic-store-08-contact.jpg","thumbnail-image-url":"https:\/\/websitedemos.net\/wp-content\/uploads\/2023\/08\/cosmetic-store-08-contact-600x1200.jpg","astra-page-api-url":"https:\/\/websitedemos.net\/cosmetic-store-08\/wp-json\/wp\/v2\/pages\/1162","dynamic-page":"no","astra-page-url":"\/\/websitedemos.net\/cosmetic-store-08\/contact\/","astra-sites-tag":{"415":"contact"},"site-pages-type":"free","site-pages-page-builder":"gutenberg","site-pages-category":[],"site-pages-parent-category":{"64":"ecommerce","61":"free"},"required-plugins":[{"slug":"ultimate-addons-for-gutenberg","init":"ultimate-addons-for-gutenberg\/ultimate-addons-for-gutenberg.php","name":"Spectra"},{"slug":"sureforms","init":"sureforms\/sureforms.php","name":"SureForms"}]}},"related-bb-template":"","related-elementor-template":"","related-gutenberg-template":"","related_ecommerce_template":48591,"ecommerce_parent_template":""},"id-48591":{"title":"Cosmetics Store","id":48591,"publish-date":1603984615,"featured-image-url":"https:\/\/websitedemos.net\/wp-content\/uploads\/2020\/10\/cosmetics-store-08.jpg","thumbnail-image-url":"https:\/\/websitedemos.net\/wp-content\/uploads\/2020\/10\/cosmetics-store-08-600x2401.jpg","fullpage-thumbnail-image-url":"https:\/\/websitedemos.net\/wp-content\/uploads\/2020\/10\/cosmetics-store-08-400x1601.jpg","astra-site-url":"\/\/websitedemos.net\/cosmetics-store-08","astra-site-parent-id":1748,"astra-sites-tag":{"1023":"beauty","1465":"beauty-products","1466":"cosmetic-products","1464":"cosmetic-store","1463":"cosmetics","496":"ecommerce","1024":"woocommerce"},"astra-sites-type":"free","astra-site-category":{"38":"ecommerce","39":"free"},"astra-sites-template-category":[],"astra-site-page-builder":"gutenberg","categories":{"2495":"ecommerce"},"required-plugins":[{"slug":"woocommerce","init":"woocommerce\/woocommerce.php","name":"WooCommerce"},{"slug":"ultimate-addons-for-gutenberg","init":"ultimate-addons-for-gutenberg\/ultimate-addons-for-gutenberg.php","name":"Spectra"},{"slug":"variation-swatches-woo","init":"variation-swatches-woo\/variation-swatches-woo.php","name":"Variation Swatches for WooCommerce"},{"slug":"woocommerce-payments","init":"woocommerce-payments\/woocommerce-payments.php","name":"WooPayments"}],"post-status":"publish","post-content":"","post-excerpt":"","pages":{"id-48594":{"title":"Home","featured-image-url":"https:\/\/websitedemos.net\/wp-content\/uploads\/2020\/10\/cosmetics-store-08.jpg","thumbnail-image-url":"https:\/\/websitedemos.net\/wp-content\/uploads\/2020\/10\/cosmetics-store-08-600x2401.jpg","astra-page-api-url":"https:\/\/websitedemos.net\/cosmetics-store-08\/wp-json\/wp\/v2\/pages\/542","dynamic-page":"yes","astra-page-url":"\/\/websitedemos.net\/cosmetics-store-08\/","astra-sites-tag":{"423":"home"},"site-pages-type":"free","site-pages-page-builder":"gutenberg","site-pages-category":[],"site-pages-parent-category":{"64":"ecommerce","61":"free"},"required-plugins":[{"slug":"ultimate-addons-for-gutenberg","init":"ultimate-addons-for-gutenberg\/ultimate-addons-for-gutenberg.php","name":"Spectra"},{"slug":"variation-swatches-woo","init":"variation-swatches-woo\/variation-swatches-woo.php","name":"Variation Swatches for WooCommerce"},{"slug":"woocommerce","init":"woocommerce\/woocommerce.php","name":"WooCommerce"},{"slug":"woocommerce-payments","init":"woocommerce-payments\/woocommerce-payments.php","name":"WooPayments"}]},"id-48592":{"title":"About","featured-image-url":"https:\/\/websitedemos.net\/wp-content\/uploads\/2020\/10\/cosmetics-store-08-about-1.jpg","thumbnail-image-url":"https:\/\/websitedemos.net\/wp-content\/uploads\/2020\/10\/cosmetics-store-08-about-1-600x1218.jpg","astra-page-api-url":"https:\/\/websitedemos.net\/cosmetics-store-08\/wp-json\/wp\/v2\/pages\/545","dynamic-page":"no","astra-page-url":"\/\/websitedemos.net\/cosmetics-store-08\/about\/","astra-sites-tag":{"352":"about"},"site-pages-type":"free","site-pages-page-builder":"gutenberg","site-pages-category":[],"site-pages-parent-category":{"64":"ecommerce","61":"free"},"required-plugins":[{"slug":"ultimate-addons-for-gutenberg","init":"ultimate-addons-for-gutenberg\/ultimate-addons-for-gutenberg.php","name":"Spectra"}]},"id-48595":{"title":"Testimonials","featured-image-url":"https:\/\/websitedemos.net\/wp-content\/uploads\/2020\/10\/cosmetics-store-08-testimonials.jpg","thumbnail-image-url":"https:\/\/websitedemos.net\/wp-content\/uploads\/2020\/10\/cosmetics-store-08-testimonials-600x1164.jpg","astra-page-api-url":"https:\/\/websitedemos.net\/cosmetics-store-08\/wp-json\/wp\/v2\/pages\/544","dynamic-page":"no","astra-page-url":"\/\/websitedemos.net\/cosmetics-store-08\/testimonials\/","astra-sites-tag":{"433":"testimonials"},"site-pages-type":"free","site-pages-page-builder":"gutenberg","site-pages-category":[],"site-pages-parent-category":{"64":"ecommerce","61":"free"},"required-plugins":[{"slug":"ultimate-addons-for-gutenberg","init":"ultimate-addons-for-gutenberg\/ultimate-addons-for-gutenberg.php","name":"Spectra"}]},"id-48593":{"title":"Contact","featured-image-url":"https:\/\/websitedemos.net\/wp-content\/uploads\/2020\/10\/cosmetics-store-08-contact-1.jpg","thumbnail-image-url":"https:\/\/websitedemos.net\/wp-content\/uploads\/2020\/10\/cosmetics-store-08-contact-1-600x1187.jpg","astra-page-api-url":"https:\/\/websitedemos.net\/cosmetics-store-08\/wp-json\/wp\/v2\/pages\/546","dynamic-page":"no","astra-page-url":"\/\/websitedemos.net\/cosmetics-store-08\/contact\/","astra-sites-tag":{"415":"contact"},"site-pages-type":"free","site-pages-page-builder":"gutenberg","site-pages-category":[],"site-pages-parent-category":{"64":"ecommerce","61":"free"},"required-plugins":[{"slug":"ultimate-addons-for-gutenberg","init":"ultimate-addons-for-gutenberg\/ultimate-addons-for-gutenberg.php","name":"Spectra"}]}},"related-bb-template":"","related-elementor-template":"","related-gutenberg-template":"","related_ecommerce_template":75418,"ecommerce_parent_template":75418},"id-85545":{"title":"Business Magazine","id":85545,"publish-date":1706299881,"featured-image-url":"https:\/\/websitedemos.net\/wp-content\/uploads\/2024\/01\/business-magazine-07.jpg","thumbnail-image-url":"https:\/\/websitedemos.net\/wp-content\/uploads\/2024\/01\/business-magazine-07-600x3468.jpg","fullpage-thumbnail-image-url":"https:\/\/websitedemos.net\/wp-content\/uploads\/2024\/01\/business-magazine-07-400x2312.jpg","astra-site-url":"\/\/websitedemos.net\/business-magazine-07","astra-site-parent-id":3439,"astra-sites-tag":{"480":"blog","2275":"business-blog","2277":"business-magazine","2276":"business-news","2273":"editorial","2274":"magazine","2271":"news","2272":"publishing","2278":"publishing-house"},"astra-sites-type":"agency-mini","astra-site-category":{"37":"blog"},"astra-sites-template-category":{"2828":"blog","2774":"magazine","2859":"news"},"astra-site-page-builder":"gutenberg","categories":{"2497":"blog"},"required-plugins":[{"slug":"ultimate-addons-for-gutenberg","init":"ultimate-addons-for-gutenberg\/ultimate-addons-for-gutenberg.php","name":"Spectra"},{"slug":"sureforms","init":"sureforms\/sureforms.php","name":"SureForms"}],"post-status":"publish","post-content":"","post-excerpt":"","pages":{"id-85548":{"title":"Home","featured-image-url":"https:\/\/websitedemos.net\/wp-content\/uploads\/2024\/01\/business-magazine-07.jpg","thumbnail-image-url":"https:\/\/websitedemos.net\/wp-content\/uploads\/2024\/01\/business-magazine-07-600x3468.jpg","astra-page-api-url":"https:\/\/websitedemos.net\/business-magazine-07\/wp-json\/wp\/v2\/pages\/891","dynamic-page":"no","astra-page-url":"\/\/websitedemos.net\/business-magazine-07\/","astra-sites-tag":{"423":"home"},"site-pages-type":"agency-mini","site-pages-page-builder":"gutenberg","site-pages-category":[],"site-pages-parent-category":{"74":"blog"},"required-plugins":[{"slug":"ultimate-addons-for-gutenberg","init":"ultimate-addons-for-gutenberg\/ultimate-addons-for-gutenberg.php","name":"Spectra"},{"slug":"sureforms","init":"sureforms\/sureforms.php","name":"SureForms"}]},"id-85546":{"title":"About Us","featured-image-url":"https:\/\/websitedemos.net\/wp-content\/uploads\/2024\/01\/business-magazine-07-about.jpg","thumbnail-image-url":"https:\/\/websitedemos.net\/wp-content\/uploads\/2024\/01\/business-magazine-07-about-600x1564.jpg","astra-page-api-url":"https:\/\/websitedemos.net\/business-magazine-07\/wp-json\/wp\/v2\/pages\/892","dynamic-page":"no","astra-page-url":"\/\/websitedemos.net\/business-magazine-07\/about-us\/","astra-sites-tag":{"352":"about"},"site-pages-type":"agency-mini","site-pages-page-builder":"gutenberg","site-pages-category":[],"site-pages-parent-category":{"74":"blog"},"required-plugins":[{"slug":"ultimate-addons-for-gutenberg","init":"ultimate-addons-for-gutenberg\/ultimate-addons-for-gutenberg.php","name":"Spectra"},{"slug":"sureforms","init":"sureforms\/sureforms.php","name":"SureForms"}]},"id-85547":{"title":"Contact","featured-image-url":"https:\/\/websitedemos.net\/wp-content\/uploads\/2024\/01\/business-magazine-07-contact.jpg","thumbnail-image-url":"https:\/\/websitedemos.net\/wp-content\/uploads\/2024\/01\/business-magazine-07-contact-600x950.jpg","astra-page-api-url":"https:\/\/websitedemos.net\/business-magazine-07\/wp-json\/wp\/v2\/pages\/893","dynamic-page":"no","astra-page-url":"\/\/websitedemos.net\/business-magazine-07\/contact\/","astra-sites-tag":{"415":"contact"},"site-pages-type":"agency-mini","site-pages-page-builder":"gutenberg","site-pages-category":[],"site-pages-parent-category":{"74":"blog"},"required-plugins":[{"slug":"ultimate-addons-for-gutenberg","init":"ultimate-addons-for-gutenberg\/ultimate-addons-for-gutenberg.php","name":"Spectra"},{"slug":"sureforms","init":"sureforms\/sureforms.php","name":"SureForms"}]}},"related-bb-template":"","related-elementor-template":"","related-gutenberg-template":"","related_ecommerce_template":"","ecommerce_parent_template":""},"id-56682":{"title":"Chartered Accountant","id":56682,"publish-date":1614963624,"featured-image-url":"https:\/\/websitedemos.net\/wp-content\/uploads\/2021\/03\/accountant-08.jpg","thumbnail-image-url":"https:\/\/websitedemos.net\/wp-content\/uploads\/2021\/03\/accountant-08-600x2501.jpg","fullpage-thumbnail-image-url":"https:\/\/websitedemos.net\/wp-content\/uploads\/2021\/03\/accountant-08-400x1667.jpg","astra-site-url":"\/\/websitedemos.net\/accountant-08","astra-site-parent-id":2252,"astra-sites-tag":{"447":"accountant","449":"chartered-accountant","2254":"finance-and-accounting"},"astra-sites-type":"free","astra-site-category":{"27":"business","39":"free"},"astra-sites-template-category":[],"astra-site-page-builder":"gutenberg","categories":{"2481":"finance-service"},"required-plugins":[{"slug":"ultimate-addons-for-gutenberg","init":"ultimate-addons-for-gutenberg\/ultimate-addons-for-gutenberg.php","name":"Spectra"}],"post-status":"publish","post-content":"","post-excerpt":"","pages":{"id-56685":{"title":"Home","featured-image-url":"https:\/\/websitedemos.net\/wp-content\/uploads\/2021\/03\/accountant-08.jpg","thumbnail-image-url":"https:\/\/websitedemos.net\/wp-content\/uploads\/2021\/03\/accountant-08-600x2501.jpg","astra-page-api-url":"https:\/\/websitedemos.net\/accountant-08\/wp-json\/wp\/v2\/pages\/6","dynamic-page":"no","astra-page-url":"\/\/websitedemos.net\/accountant-08\/","astra-sites-tag":{"423":"home"},"site-pages-type":"free","site-pages-page-builder":"gutenberg","site-pages-category":[],"site-pages-parent-category":{"60":"business","61":"free"},"required-plugins":[{"slug":"ultimate-addons-for-gutenberg","init":"ultimate-addons-for-gutenberg\/ultimate-addons-for-gutenberg.php","name":"Spectra"}]},"id-56683":{"title":"About","featured-image-url":"https:\/\/websitedemos.net\/wp-content\/uploads\/2021\/03\/accountant-08-about.jpg","thumbnail-image-url":"https:\/\/websitedemos.net\/wp-content\/uploads\/2021\/03\/accountant-08-about-600x1203.jpg","astra-page-api-url":"https:\/\/websitedemos.net\/accountant-08\/wp-json\/wp\/v2\/pages\/7","dynamic-page":"no","astra-page-url":"\/\/websitedemos.net\/accountant-08\/about\/","astra-sites-tag":{"352":"about"},"site-pages-type":"free","site-pages-page-builder":"gutenberg","site-pages-category":[],"site-pages-parent-category":{"60":"business","61":"free"},"required-plugins":[{"slug":"ultimate-addons-for-gutenberg","init":"ultimate-addons-for-gutenberg\/ultimate-addons-for-gutenberg.php","name":"Spectra"}]},"id-56686":{"title":"Services","featured-image-url":"https:\/\/websitedemos.net\/wp-content\/uploads\/2021\/03\/accountant-08-services.jpg","thumbnail-image-url":"https:\/\/websitedemos.net\/wp-content\/uploads\/2021\/03\/accountant-08-services-600x1364.jpg","astra-page-api-url":"https:\/\/websitedemos.net\/accountant-08\/wp-json\/wp\/v2\/pages\/8","dynamic-page":"no","astra-page-url":"\/\/websitedemos.net\/accountant-08\/services\/","astra-sites-tag":{"425":"services"},"site-pages-type":"free","site-pages-page-builder":"gutenberg","site-pages-category":[],"site-pages-parent-category":{"60":"business","61":"free"},"required-plugins":[{"slug":"ultimate-addons-for-gutenberg","init":"ultimate-addons-for-gutenberg\/ultimate-addons-for-gutenberg.php","name":"Spectra"}]},"id-56688":{"title":"Why Choose Me","featured-image-url":"https:\/\/websitedemos.net\/wp-content\/uploads\/2021\/03\/accountant-08-why-choose-me.jpg","thumbnail-image-url":"https:\/\/websitedemos.net\/wp-content\/uploads\/2021\/03\/accountant-08-why-choose-me-600x1040.jpg","astra-page-api-url":"https:\/\/websitedemos.net\/accountant-08\/wp-json\/wp\/v2\/pages\/9","dynamic-page":"no","astra-page-url":"\/\/websitedemos.net\/accountant-08\/why-choose-me\/","astra-sites-tag":{"453":"features","760":"why-choose-us","852":"why-us"},"site-pages-type":"free","site-pages-page-builder":"gutenberg","site-pages-category":[],"site-pages-parent-category":{"60":"business","61":"free"},"required-plugins":[{"slug":"ultimate-addons-for-gutenberg","init":"ultimate-addons-for-gutenberg\/ultimate-addons-for-gutenberg.php","name":"Spectra"}]},"id-56687":{"title":"Testimonials","featured-image-url":"https:\/\/websitedemos.net\/wp-content\/uploads\/2021\/03\/accountant-08-testimonials.jpg","thumbnail-image-url":"https:\/\/websitedemos.net\/wp-content\/uploads\/2021\/03\/accountant-08-testimonials-600x1326.jpg","astra-page-api-url":"https:\/\/websitedemos.net\/accountant-08\/wp-json\/wp\/v2\/pages\/10","dynamic-page":"no","astra-page-url":"\/\/websitedemos.net\/accountant-08\/testimonials\/","astra-sites-tag":{"433":"testimonials"},"site-pages-type":"free","site-pages-page-builder":"gutenberg","site-pages-category":[],"site-pages-parent-category":{"60":"business","61":"free"},"required-plugins":[{"slug":"ultimate-addons-for-gutenberg","init":"ultimate-addons-for-gutenberg\/ultimate-addons-for-gutenberg.php","name":"Spectra"}]},"id-56684":{"title":"Contact","featured-image-url":"https:\/\/websitedemos.net\/wp-content\/uploads\/2021\/03\/accountant-08-contact.jpg","thumbnail-image-url":"https:\/\/websitedemos.net\/wp-content\/uploads\/2021\/03\/accountant-08-contact-600x975.jpg","astra-page-api-url":"https:\/\/websitedemos.net\/accountant-08\/wp-json\/wp\/v2\/pages\/11","dynamic-page":"no","astra-page-url":"\/\/websitedemos.net\/accountant-08\/contact\/","astra-sites-tag":{"415":"contact"},"site-pages-type":"free","site-pages-page-builder":"gutenberg","site-pages-category":[],"site-pages-parent-category":{"60":"business","61":"free"},"required-plugins":[{"slug":"ultimate-addons-for-gutenberg","init":"ultimate-addons-for-gutenberg\/ultimate-addons-for-gutenberg.php","name":"Spectra"}]}},"related-bb-template":"","related-elementor-template":"","related-gutenberg-template":"","related_ecommerce_template":"","ecommerce_parent_template":""},"id-85526":{"title":"Blockchain Technology","id":85526,"publish-date":1706286197,"featured-image-url":"https:\/\/websitedemos.net\/wp-content\/uploads\/2024\/01\/blockchain-technology-07.jpg","thumbnail-image-url":"https:\/\/websitedemos.net\/wp-content\/uploads\/2024\/01\/blockchain-technology-07-600x2329.jpg","fullpage-thumbnail-image-url":"https:\/\/websitedemos.net\/wp-content\/uploads\/2024\/01\/blockchain-technology-07-400x1553.jpg","astra-site-url":"\/\/websitedemos.net\/blockchain-technology-07","astra-site-parent-id":3437,"astra-sites-tag":{"3097":"bitcoin","3095":"blockchain","3096":"blockchaintechnology","3101":"blockchaintrends","3098":"crypto","3100":"cryptoart","3102":"cryptoartist","3099":"nfts"},"astra-sites-type":"agency-mini","astra-site-category":{"37":"blog","27":"business"},"astra-sites-template-category":{"2828":"blog","2777":"business","2817":"technology"},"astra-site-page-builder":"gutenberg","categories":{"2497":"blog","2499":"technology"},"required-plugins":[{"slug":"ultimate-addons-for-gutenberg","init":"ultimate-addons-for-gutenberg\/ultimate-addons-for-gutenberg.php","name":"Spectra"},{"slug":"sureforms","init":"sureforms\/sureforms.php","name":"SureForms"}],"post-status":"publish","post-content":"","post-excerpt":"","pages":{"id-85529":{"title":"Home","featured-image-url":"https:\/\/websitedemos.net\/wp-content\/uploads\/2024\/01\/blockchain-technology-07.jpg","thumbnail-image-url":"https:\/\/websitedemos.net\/wp-content\/uploads\/2024\/01\/blockchain-technology-07-600x2329.jpg","astra-page-api-url":"https:\/\/websitedemos.net\/blockchain-technology-07\/wp-json\/wp\/v2\/pages\/564","dynamic-page":"no","astra-page-url":"\/\/websitedemos.net\/blockchain-technology-07\/","astra-sites-tag":{"423":"home"},"site-pages-type":"agency-mini","site-pages-page-builder":"gutenberg","site-pages-category":[],"site-pages-parent-category":{"74":"blog","60":"business"},"required-plugins":[{"slug":"ultimate-addons-for-gutenberg","init":"ultimate-addons-for-gutenberg\/ultimate-addons-for-gutenberg.php","name":"Spectra"},{"slug":"sureforms","init":"sureforms\/sureforms.php","name":"SureForms"}]},"id-85527":{"title":"About","featured-image-url":"https:\/\/websitedemos.net\/wp-content\/uploads\/2024\/01\/blockchain-technology-07-about.jpg","thumbnail-image-url":"https:\/\/websitedemos.net\/wp-content\/uploads\/2024\/01\/blockchain-technology-07-about-600x1287.jpg","astra-page-api-url":"https:\/\/websitedemos.net\/blockchain-technology-07\/wp-json\/wp\/v2\/pages\/565","dynamic-page":"no","astra-page-url":"\/\/websitedemos.net\/blockchain-technology-07\/about\/","astra-sites-tag":{"352":"about"},"site-pages-type":"agency-mini","site-pages-page-builder":"gutenberg","site-pages-category":[],"site-pages-parent-category":{"74":"blog","60":"business"},"required-plugins":[{"slug":"ultimate-addons-for-gutenberg","init":"ultimate-addons-for-gutenberg\/ultimate-addons-for-gutenberg.php","name":"Spectra"}]},"id-85530":{"title":"Resources","featured-image-url":"https:\/\/websitedemos.net\/wp-content\/uploads\/2024\/01\/blockchain-technology-07-resources.jpg","thumbnail-image-url":"https:\/\/websitedemos.net\/wp-content\/uploads\/2024\/01\/blockchain-technology-07-resources-600x1305.jpg","astra-page-api-url":"https:\/\/websitedemos.net\/blockchain-technology-07\/wp-json\/wp\/v2\/pages\/567","dynamic-page":"no","astra-page-url":"\/\/websitedemos.net\/blockchain-technology-07\/resources\/","astra-sites-tag":{"3103":"resources"},"site-pages-type":"agency-mini","site-pages-page-builder":"gutenberg","site-pages-category":[],"site-pages-parent-category":{"74":"blog","60":"business"},"required-plugins":[{"slug":"ultimate-addons-for-gutenberg","init":"ultimate-addons-for-gutenberg\/ultimate-addons-for-gutenberg.php","name":"Spectra"}]},"id-85528":{"title":"Contact","featured-image-url":"https:\/\/websitedemos.net\/wp-content\/uploads\/2024\/01\/blockchain-technology-07-contact.jpg","thumbnail-image-url":"https:\/\/websitedemos.net\/wp-content\/uploads\/2024\/01\/blockchain-technology-07-contact-600x763.jpg","astra-page-api-url":"https:\/\/websitedemos.net\/blockchain-technology-07\/wp-json\/wp\/v2\/pages\/568","dynamic-page":"no","astra-page-url":"\/\/websitedemos.net\/blockchain-technology-07\/contact\/","astra-sites-tag":{"415":"contact"},"site-pages-type":"agency-mini","site-pages-page-builder":"gutenberg","site-pages-category":[],"site-pages-parent-category":{"74":"blog","60":"business"},"required-plugins":[{"slug":"ultimate-addons-for-gutenberg","init":"ultimate-addons-for-gutenberg\/ultimate-addons-for-gutenberg.php","name":"Spectra"},{"slug":"sureforms","init":"sureforms\/sureforms.php","name":"SureForms"}]}},"related-bb-template":"","related-elementor-template":"","related-gutenberg-template":"","related_ecommerce_template":"","ecommerce_parent_template":""},"id-48490":{"title":"Animal Welfare","id":48490,"publish-date":1603984632,"featured-image-url":"https:\/\/websitedemos.net\/wp-content\/uploads\/2020\/10\/animal-welfare-08.jpg","thumbnail-image-url":"https:\/\/websitedemos.net\/wp-content\/uploads\/2020\/10\/animal-welfare-08-600x2724.jpg","fullpage-thumbnail-image-url":"https:\/\/websitedemos.net\/wp-content\/uploads\/2020\/10\/animal-welfare-08-400x1816.jpg","astra-site-url":"\/\/websitedemos.net\/animal-welfare-08","astra-site-parent-id":1741,"astra-sites-tag":{"625":"charity","735":"donate","1013":"donation","624":"foundation","1482":"givewp","745":"organization","1012":"welfare"},"astra-sites-type":"free","astra-site-category":{"39":"free","36":"other"},"astra-sites-template-category":[],"astra-site-page-builder":"gutenberg","categories":{"2492":"non-profit"},"required-plugins":[{"slug":"astra-widgets","init":"astra-widgets\/astra-widgets.php","name":"Astra Widgets"},{"slug":"give","init":"give\/give.php","name":"Give - Donation Plugin"},{"slug":"ultimate-addons-for-gutenberg","init":"ultimate-addons-for-gutenberg\/ultimate-addons-for-gutenberg.php","name":"Spectra"},{"slug":"sureforms","init":"sureforms\/sureforms.php","name":"SureForms"}],"post-status":"publish","post-content":"","post-excerpt":"","pages":{"id-57933":{"title":"Donor Dashboard","featured-image-url":"","thumbnail-image-url":"","astra-page-api-url":"https:\/\/websitedemos.net\/animal-welfare-08\/wp-json\/wp\/v2\/pages\/1485","dynamic-page":"no","astra-page-url":"\/\/websitedemos.net\/animal-welfare-08\/donor-dashboard\/","astra-sites-tag":[],"site-pages-type":[],"site-pages-page-builder":"gutenberg","site-pages-category":[],"site-pages-parent-category":[],"required-plugins":""},"id-57934":{"title":"Donor Dashboard","featured-image-url":"","thumbnail-image-url":"","astra-page-api-url":"https:\/\/websitedemos.net\/animal-welfare-08\/wp-json\/wp\/v2\/pages\/1486","dynamic-page":"no","astra-page-url":"\/\/websitedemos.net\/animal-welfare-08\/donor-dashboard-2\/","astra-sites-tag":[],"site-pages-type":[],"site-pages-page-builder":"gutenberg","site-pages-category":[],"site-pages-parent-category":[],"required-plugins":""},"id-57935":{"title":"Donor Dashboard","featured-image-url":"","thumbnail-image-url":"","astra-page-api-url":"https:\/\/websitedemos.net\/animal-welfare-08\/wp-json\/wp\/v2\/pages\/1488","dynamic-page":"no","astra-page-url":"\/\/websitedemos.net\/animal-welfare-08\/donor-dashboard-3\/","astra-sites-tag":[],"site-pages-type":[],"site-pages-page-builder":"gutenberg","site-pages-category":[],"site-pages-parent-category":[],"required-plugins":""},"id-57936":{"title":"Donor Dashboard","featured-image-url":"","thumbnail-image-url":"","astra-page-api-url":"https:\/\/websitedemos.net\/animal-welfare-08\/wp-json\/wp\/v2\/pages\/1489","dynamic-page":"no","astra-page-url":"\/\/websitedemos.net\/animal-welfare-08\/donor-dashboard-3-5\/","astra-sites-tag":[],"site-pages-type":[],"site-pages-page-builder":"gutenberg","site-pages-category":[],"site-pages-parent-category":[],"required-plugins":""},"id-57937":{"title":"Donor Dashboard","featured-image-url":"","thumbnail-image-url":"","astra-page-api-url":"https:\/\/websitedemos.net\/animal-welfare-08\/wp-json\/wp\/v2\/pages\/1490","dynamic-page":"no","astra-page-url":"\/\/websitedemos.net\/animal-welfare-08\/donor-dashboard-3-4\/","astra-sites-tag":[],"site-pages-type":[],"site-pages-page-builder":"gutenberg","site-pages-category":[],"site-pages-parent-category":[],"required-plugins":""},"id-57938":{"title":"Donor Dashboard","featured-image-url":"","thumbnail-image-url":"","astra-page-api-url":"https:\/\/websitedemos.net\/animal-welfare-08\/wp-json\/wp\/v2\/pages\/1491","dynamic-page":"no","astra-page-url":"\/\/websitedemos.net\/animal-welfare-08\/donor-dashboard-3-3\/","astra-sites-tag":[],"site-pages-type":[],"site-pages-page-builder":"gutenberg","site-pages-category":[],"site-pages-parent-category":[],"required-plugins":""},"id-57939":{"title":"Donor Dashboard","featured-image-url":"","thumbnail-image-url":"","astra-page-api-url":"https:\/\/websitedemos.net\/animal-welfare-08\/wp-json\/wp\/v2\/pages\/1492","dynamic-page":"no","astra-page-url":"\/\/websitedemos.net\/animal-welfare-08\/donor-dashboard-3-2\/","astra-sites-tag":[],"site-pages-type":[],"site-pages-page-builder":"gutenberg","site-pages-category":[],"site-pages-parent-category":[],"required-plugins":""},"id-57940":{"title":"Donor Dashboard","featured-image-url":"","thumbnail-image-url":"","astra-page-api-url":"https:\/\/websitedemos.net\/animal-welfare-08\/wp-json\/wp\/v2\/pages\/1493","dynamic-page":"no","astra-page-url":"\/\/websitedemos.net\/animal-welfare-08\/donor-dashboard-4\/","astra-sites-tag":[],"site-pages-type":[],"site-pages-page-builder":"gutenberg","site-pages-category":[],"site-pages-parent-category":[],"required-plugins":""},"id-48493":{"title":"Home","featured-image-url":"https:\/\/websitedemos.net\/wp-content\/uploads\/2020\/10\/animal-welfare-08.jpg","thumbnail-image-url":"https:\/\/websitedemos.net\/wp-content\/uploads\/2020\/10\/animal-welfare-08-600x2724.jpg","astra-page-api-url":"https:\/\/websitedemos.net\/animal-welfare-08\/wp-json\/wp\/v2\/pages\/1026","dynamic-page":"no","astra-page-url":"\/\/websitedemos.net\/animal-welfare-08\/","astra-sites-tag":{"423":"home"},"site-pages-type":"free","site-pages-page-builder":"gutenberg","site-pages-category":[],"site-pages-parent-category":{"61":"free","139":"other"},"required-plugins":[{"slug":"astra-widgets","init":"astra-widgets\/astra-widgets.php","name":"Astra Widgets"},{"slug":"ultimate-addons-for-gutenberg","init":"ultimate-addons-for-gutenberg\/ultimate-addons-for-gutenberg.php","name":"Spectra"}]},"id-48491":{"title":"About","featured-image-url":"https:\/\/websitedemos.net\/wp-content\/uploads\/2020\/10\/animal-welfare-08-about-1.jpg","thumbnail-image-url":"https:\/\/websitedemos.net\/wp-content\/uploads\/2020\/10\/animal-welfare-08-about-1-600x1695.jpg","astra-page-api-url":"https:\/\/websitedemos.net\/animal-welfare-08\/wp-json\/wp\/v2\/pages\/1027","dynamic-page":"no","astra-page-url":"\/\/websitedemos.net\/animal-welfare-08\/about\/","astra-sites-tag":{"352":"about"},"site-pages-type":"free","site-pages-page-builder":"gutenberg","site-pages-category":[],"site-pages-parent-category":{"61":"free","139":"other"},"required-plugins":[{"slug":"astra-widgets","init":"astra-widgets\/astra-widgets.php","name":"Astra Widgets"},{"slug":"ultimate-addons-for-gutenberg","init":"ultimate-addons-for-gutenberg\/ultimate-addons-for-gutenberg.php","name":"Spectra"}]},"id-48494":{"title":"See All Campaigns","featured-image-url":"https:\/\/websitedemos.net\/wp-content\/uploads\/2020\/10\/animal-welfare-08-see-all-campaigns.jpg","thumbnail-image-url":"https:\/\/websitedemos.net\/wp-content\/uploads\/2020\/10\/animal-welfare-08-see-all-campaigns-600x1711.jpg","astra-page-api-url":"https:\/\/websitedemos.net\/animal-welfare-08\/wp-json\/wp\/v2\/pages\/1028","dynamic-page":"yes","astra-page-url":"\/\/websitedemos.net\/animal-welfare-08\/see-all-campaigns\/","astra-sites-tag":{"1479":"campaigns"},"site-pages-type":"free","site-pages-page-builder":"gutenberg","site-pages-category":[],"site-pages-parent-category":{"61":"free","139":"other"},"required-plugins":[{"slug":"give","init":"give\/give.php","name":"Give - Donation Plugin"},{"slug":"ultimate-addons-for-gutenberg","init":"ultimate-addons-for-gutenberg\/ultimate-addons-for-gutenberg.php","name":"Spectra"}]},"id-48495":{"title":"Star Contributors","featured-image-url":"https:\/\/websitedemos.net\/wp-content\/uploads\/2020\/10\/animal-welfare-08-star-contributor.jpg","thumbnail-image-url":"https:\/\/websitedemos.net\/wp-content\/uploads\/2020\/10\/animal-welfare-08-star-contributor-600x1625.jpg","astra-page-api-url":"https:\/\/websitedemos.net\/animal-welfare-08\/wp-json\/wp\/v2\/pages\/1029","dynamic-page":"yes","astra-page-url":"\/\/websitedemos.net\/animal-welfare-08\/star-contributors\/","astra-sites-tag":{"1014":"contribute","1481":"star-donors"},"site-pages-type":"free","site-pages-page-builder":"gutenberg","site-pages-category":[],"site-pages-parent-category":{"61":"free","139":"other"},"required-plugins":[{"slug":"give","init":"give\/give.php","name":"Give - Donation Plugin"},{"slug":"ultimate-addons-for-gutenberg","init":"ultimate-addons-for-gutenberg\/ultimate-addons-for-gutenberg.php","name":"Spectra"}]},"id-48492":{"title":"Contact","featured-image-url":"https:\/\/websitedemos.net\/wp-content\/uploads\/2020\/10\/animal-welfare-08-contact-1.jpg","thumbnail-image-url":"https:\/\/websitedemos.net\/wp-content\/uploads\/2020\/10\/animal-welfare-08-contact-1-600x1230.jpg","astra-page-api-url":"https:\/\/websitedemos.net\/animal-welfare-08\/wp-json\/wp\/v2\/pages\/1030","dynamic-page":"no","astra-page-url":"\/\/websitedemos.net\/animal-welfare-08\/contact\/","astra-sites-tag":{"415":"contact","454":"contact-us"},"site-pages-type":"free","site-pages-page-builder":"gutenberg","site-pages-category":[],"site-pages-parent-category":{"61":"free","139":"other"},"required-plugins":[{"slug":"astra-widgets","init":"astra-widgets\/astra-widgets.php","name":"Astra Widgets"},{"slug":"ultimate-addons-for-gutenberg","init":"ultimate-addons-for-gutenberg\/ultimate-addons-for-gutenberg.php","name":"Spectra"},{"slug":"sureforms","init":"sureforms\/sureforms.php","name":"SureForms"}]}},"related-bb-template":"","related-elementor-template":"","related-gutenberg-template":"","related_ecommerce_template":"","ecommerce_parent_template":""}}