{"id-60460":{"title":"Language Tutors","id":60460,"publish-date":1704285763,"featured-image-url":"https:\/\/websitedemos.net\/wp-content\/uploads\/2022\/04\/language-tutors-01.jpg","thumbnail-image-url":"https:\/\/websitedemos.net\/wp-content\/uploads\/2022\/04\/language-tutors-01-600x2555.jpg","fullpage-thumbnail-image-url":"https:\/\/websitedemos.net\/wp-content\/uploads\/2022\/04\/language-tutors-01-400x1703.jpg","astra-site-url":"\/\/websitedemos.net\/language-tutors-01","astra-site-parent-id":2746,"astra-sites-tag":{"2747":"language","2749":"language-tutor","719":"online-coaching","466":"online-courses","975":"online-learning","2748":"tutor","720":"tutorials"},"astra-sites-type":"free","astra-site-category":{"27":"business","39":"free"},"astra-sites-template-category":[],"astra-site-page-builder":"beaver-builder","categories":{"2494":"elearning"},"required-plugins":[{"slug":"beaver-builder-lite-version","init":"beaver-builder-lite-version\/fl-builder.php","name":"Beaver Builder Plugin (Lite Version)"},{"slug":"ultimate-addons-for-beaver-builder-lite","init":"ultimate-addons-for-beaver-builder-lite\/bb-ultimate-addon.php","name":"Ultimate Addons for Beaver Builder - Lite"},{"slug":"wpforms-lite","init":"wpforms-lite\/wpforms.php","name":"WPForms Lite"}],"post-status":"publish","post-content":"","post-excerpt":"","pages":{"id-60464":{"title":"Home","featured-image-url":"https:\/\/websitedemos.net\/wp-content\/uploads\/2022\/04\/language-tutors-01.jpg","thumbnail-image-url":"https:\/\/websitedemos.net\/wp-content\/uploads\/2022\/04\/language-tutors-01-600x2555.jpg","astra-page-api-url":"https:\/\/websitedemos.net\/language-tutors-01\/wp-json\/wp\/v2\/pages\/322","dynamic-page":"no","astra-page-url":"\/\/websitedemos.net\/language-tutors-01\/","astra-sites-tag":{"469":"ecourse","423":"home","814":"homepage","2747":"language","2752":"language-course","2749":"language-tutor","466":"online-courses"},"site-pages-type":"free","site-pages-page-builder":"beaver-builder","site-pages-category":[],"site-pages-parent-category":{"60":"business","61":"free"},"required-plugins":[{"slug":"beaver-builder-lite-version","init":"beaver-builder-lite-version\/fl-builder.php","name":"Beaver Builder Plugin (Lite Version)"},{"slug":"ultimate-addons-for-beaver-builder-lite","init":"ultimate-addons-for-beaver-builder-lite\/bb-ultimate-addon.php","name":"Ultimate Addons for Beaver Builder - Lite"}]},"id-60463":{"title":"Courses","featured-image-url":"https:\/\/websitedemos.net\/wp-content\/uploads\/2022\/04\/language-tutors-courses-01.jpg","thumbnail-image-url":"https:\/\/websitedemos.net\/wp-content\/uploads\/2022\/04\/language-tutors-courses-01-600x1438.jpg","astra-page-api-url":"https:\/\/websitedemos.net\/language-tutors-01\/wp-json\/wp\/v2\/pages\/323","dynamic-page":"no","astra-page-url":"\/\/websitedemos.net\/language-tutors-01\/courses\/","astra-sites-tag":{"462":"courses","469":"ecourse","2747":"language","2752":"language-course","2749":"language-tutor","466":"online-courses"},"site-pages-type":"free","site-pages-page-builder":"beaver-builder","site-pages-category":[],"site-pages-parent-category":{"60":"business","61":"free"},"required-plugins":[{"slug":"beaver-builder-lite-version","init":"beaver-builder-lite-version\/fl-builder.php","name":"Beaver Builder Plugin (Lite Version)"},{"slug":"ultimate-addons-for-beaver-builder-lite","init":"ultimate-addons-for-beaver-builder-lite\/bb-ultimate-addon.php","name":"Ultimate Addons for Beaver Builder - Lite"}]},"id-60465":{"title":"Our Teachers","featured-image-url":"https:\/\/websitedemos.net\/wp-content\/uploads\/2022\/04\/language-tutors-teachers-01.jpg","thumbnail-image-url":"https:\/\/websitedemos.net\/wp-content\/uploads\/2022\/04\/language-tutors-teachers-01-600x1721.jpg","astra-page-api-url":"https:\/\/websitedemos.net\/language-tutors-01\/wp-json\/wp\/v2\/pages\/324","dynamic-page":"no","astra-page-url":"\/\/websitedemos.net\/language-tutors-01\/our-teachers\/","astra-sites-tag":{"468":"elearning","2747":"language","2749":"language-tutor","460":"learning","466":"online-courses","975":"online-learning","2751":"our-teachers","2750":"teachers"},"site-pages-type":"free","site-pages-page-builder":"beaver-builder","site-pages-category":[],"site-pages-parent-category":{"60":"business","61":"free"},"required-plugins":[{"slug":"beaver-builder-lite-version","init":"beaver-builder-lite-version\/fl-builder.php","name":"Beaver Builder Plugin (Lite Version)"},{"slug":"ultimate-addons-for-beaver-builder-lite","init":"ultimate-addons-for-beaver-builder-lite\/bb-ultimate-addon.php","name":"Ultimate Addons for Beaver Builder - Lite"}]},"id-60461":{"title":"About","featured-image-url":"https:\/\/websitedemos.net\/wp-content\/uploads\/2022\/04\/language-tutors-about-01.jpg","thumbnail-image-url":"https:\/\/websitedemos.net\/wp-content\/uploads\/2022\/04\/language-tutors-about-01-600x1774.jpg","astra-page-api-url":"https:\/\/websitedemos.net\/language-tutors-01\/wp-json\/wp\/v2\/pages\/325","dynamic-page":"no","astra-page-url":"\/\/websitedemos.net\/language-tutors-01\/about\/","astra-sites-tag":{"352":"about","455":"about-us","2749":"language-tutor","460":"learning","975":"online-learning","2748":"tutor","628":"what-we-do","1542":"what-we-offer"},"site-pages-type":"free","site-pages-page-builder":"beaver-builder","site-pages-category":[],"site-pages-parent-category":{"60":"business","61":"free"},"required-plugins":[{"slug":"beaver-builder-lite-version","init":"beaver-builder-lite-version\/fl-builder.php","name":"Beaver Builder Plugin (Lite Version)"},{"slug":"ultimate-addons-for-beaver-builder-lite","init":"ultimate-addons-for-beaver-builder-lite\/bb-ultimate-addon.php","name":"Ultimate Addons for Beaver Builder - Lite"}]},"id-60462":{"title":"Contact","featured-image-url":"https:\/\/websitedemos.net\/wp-content\/uploads\/2022\/04\/language-tutors-contact-01.jpg","thumbnail-image-url":"https:\/\/websitedemos.net\/wp-content\/uploads\/2022\/04\/language-tutors-contact-01-600x1222.jpg","astra-page-api-url":"https:\/\/websitedemos.net\/language-tutors-01\/wp-json\/wp\/v2\/pages\/326","dynamic-page":"no","astra-page-url":"\/\/websitedemos.net\/language-tutors-01\/contact\/","astra-sites-tag":{"415":"contact","454":"contact-us","468":"elearning","2747":"language","2749":"language-tutor","460":"learning","466":"online-courses","975":"online-learning"},"site-pages-type":"free","site-pages-page-builder":"beaver-builder","site-pages-category":[],"site-pages-parent-category":{"60":"business","61":"free"},"required-plugins":[{"slug":"beaver-builder-lite-version","init":"beaver-builder-lite-version\/fl-builder.php","name":"Beaver Builder Plugin (Lite Version)"},{"slug":"ultimate-addons-for-beaver-builder-lite","init":"ultimate-addons-for-beaver-builder-lite\/bb-ultimate-addon.php","name":"Ultimate Addons for Beaver Builder - Lite"},{"slug":"wpforms-lite","init":"wpforms-lite\/wpforms.php","name":"WPForms Lite"}]}},"related-bb-template":"","related-elementor-template":"","related-gutenberg-template":"","related_ecommerce_template":"","ecommerce_parent_template":""},"id-60418":{"title":"Visual Artist Portfolio","id":60418,"publish-date":1701884774,"featured-image-url":"https:\/\/websitedemos.net\/wp-content\/uploads\/2022\/04\/visual-artist-portfolio-02.jpg","thumbnail-image-url":"https:\/\/websitedemos.net\/wp-content\/uploads\/2022\/04\/visual-artist-portfolio-02-600x3714.jpg","fullpage-thumbnail-image-url":"https:\/\/websitedemos.net\/wp-content\/uploads\/2022\/04\/visual-artist-portfolio-02-400x2476.jpg","astra-site-url":"\/\/websitedemos.net\/visual-artist-portfolio-02","astra-site-parent-id":2725,"astra-sites-tag":{"2728":"art-director","339":"artist","2299":"artist-portfolio","2730":"brand-experience","3416":"elementor","2731":"motion-design","2726":"visual-artist","2727":"visual-designer","2729":"visual-identity"},"astra-sites-type":"free","astra-site-category":{"39":"free","36":"other"},"astra-sites-template-category":{"2802":"artist","2791":"creative","2770":"personal","2768":"portfolio"},"astra-site-page-builder":"elementor","categories":{"2486":"art-music","3427":"default","3428":"free","2488":"portfolio"},"required-plugins":[{"slug":"elementor","init":"elementor\/elementor.php","name":"Elementor"},{"slug":"wpforms-lite","init":"wpforms-lite\/wpforms.php","name":"WPForms Lite"},{"slug":"header-footer-elementor","init":"header-footer-elementor\/header-footer-elementor.php","name":"Ultimate Addons for Elementor Lite"}],"post-status":"publish","post-content":"<!-- wp:paragraph -->\n<p>The Visual Artist Portfolio template uses minimalist design to let your work speak for itself. It\u2019s a well-balanced portfolio template that provides an attractive framework to show off your work, engage visitors and attract new clients.<\/p>\n<!-- \/wp:paragraph -->\n\n<!-- wp:paragraph -->\n<p>The template includes an attractive frameless portfolio section, biography section, an area for testimonials and a contact form. There\u2019s also a great-looking dedicated portfolio page where you can share all your best work for the world to see.<\/p>\n<!-- \/wp:paragraph -->\n\n<!-- wp:heading -->\n<h2 class=\"wp-block-heading\"><strong>Key features of the Visual Artist Portfolio template<\/strong><\/h2>\n<!-- \/wp:heading -->\n\n<!-- wp:list -->\n<ul><!-- wp:list-item -->\n<li>Minimalist design that\u2019s clean and modern<\/li>\n<!-- \/wp:list-item -->\n\n<!-- wp:list-item -->\n<li>Provides the framework to let your work shine through<\/li>\n<!-- \/wp:list-item -->\n\n<!-- wp:list-item -->\n<li>Lots of whitespace so images really stand out<\/li>\n<!-- \/wp:list-item -->\n\n<!-- wp:list-item -->\n<li>Includes all portfolio essentials<\/li>\n<!-- \/wp:list-item -->\n\n<!-- wp:list-item -->\n<li>Fully compatible with leading page builders<\/li>\n<!-- \/wp:list-item --><\/ul>\n<!-- \/wp:list -->","post-excerpt":"The Visual Artist Portfolio template is a minimalist design with just enough to engage while allowing your work to shine through. It\u2019s the perfect balance!","pages":{"id-60420":{"title":"Home","featured-image-url":"https:\/\/websitedemos.net\/wp-content\/uploads\/2022\/04\/visual-artist-portfolio-02.jpg","thumbnail-image-url":"https:\/\/websitedemos.net\/wp-content\/uploads\/2022\/04\/visual-artist-portfolio-02-600x3714.jpg","astra-page-api-url":"https:\/\/websitedemos.net\/visual-artist-portfolio-02\/wp-json\/wp\/v2\/pages\/5","dynamic-page":"no","astra-page-url":"\/\/websitedemos.net\/visual-artist-portfolio-02\/","astra-sites-tag":{"2728":"art-director","2730":"brand-experience","670":"designer","2350":"designer-cloths-store","423":"home","814":"homepage","2731":"motion-design","2726":"visual-artist","2727":"visual-designer","2729":"visual-identity"},"site-pages-type":"free","site-pages-page-builder":"elementor","site-pages-category":[],"site-pages-parent-category":{"61":"free","139":"other"},"required-plugins":[{"slug":"elementor","init":"elementor\/elementor.php","name":"Elementor"},{"slug":"header-footer-elementor","init":"header-footer-elementor\/header-footer-elementor.php","name":"Ultimate Addons for Elementor Lite"}]},"id-60421":{"title":"Work","featured-image-url":"https:\/\/websitedemos.net\/wp-content\/uploads\/2022\/04\/visual-artist-portfolio-work-02.jpg","thumbnail-image-url":"https:\/\/websitedemos.net\/wp-content\/uploads\/2022\/04\/visual-artist-portfolio-work-02-600x2096.jpg","astra-page-api-url":"https:\/\/websitedemos.net\/visual-artist-portfolio-02\/wp-json\/wp\/v2\/pages\/349","dynamic-page":"no","astra-page-url":"\/\/websitedemos.net\/visual-artist-portfolio-02\/works\/","astra-sites-tag":{"2728":"art-director","2730":"brand-experience","670":"designer","2350":"designer-cloths-store","2731":"motion-design","2726":"visual-artist","2727":"visual-designer","2729":"visual-identity","451":"work","784":"work-with-me"},"site-pages-type":"free","site-pages-page-builder":"elementor","site-pages-category":[],"site-pages-parent-category":{"61":"free","139":"other"},"required-plugins":[{"slug":"elementor","init":"elementor\/elementor.php","name":"Elementor"}]},"id-60419":{"title":"Contact","featured-image-url":"https:\/\/websitedemos.net\/wp-content\/uploads\/2022\/04\/visual-artist-portfolio-contact-02.jpg","thumbnail-image-url":"https:\/\/websitedemos.net\/wp-content\/uploads\/2022\/04\/visual-artist-portfolio-contact-02-600x869.jpg","astra-page-api-url":"https:\/\/websitedemos.net\/visual-artist-portfolio-02\/wp-json\/wp\/v2\/pages\/389","dynamic-page":"no","astra-page-url":"\/\/websitedemos.net\/visual-artist-portfolio-02\/contact\/","astra-sites-tag":{"2728":"art-director","2730":"brand-experience","415":"contact","1009":"contact-me","670":"designer","2350":"designer-cloths-store","2731":"motion-design","2726":"visual-artist","2727":"visual-designer","2729":"visual-identity"},"site-pages-type":"free","site-pages-page-builder":"elementor","site-pages-category":[],"site-pages-parent-category":{"61":"free","139":"other"},"required-plugins":[{"slug":"elementor","init":"elementor\/elementor.php","name":"Elementor"},{"slug":"wpforms-lite","init":"wpforms-lite\/wpforms.php","name":"WPForms Lite"}]}},"related-bb-template":"","related-elementor-template":60418,"related-gutenberg-template":"","related_ecommerce_template":"","ecommerce_parent_template":""},"id-93101":{"title":"Construction Equipment","id":93101,"publish-date":1727862955,"featured-image-url":"https:\/\/websitedemos.net\/wp-content\/uploads\/2024\/10\/construction-equipments-04.jpg","thumbnail-image-url":"https:\/\/websitedemos.net\/wp-content\/uploads\/2024\/10\/construction-equipments-04-600x1646.jpg","fullpage-thumbnail-image-url":"https:\/\/websitedemos.net\/wp-content\/uploads\/2024\/10\/construction-equipments-04-400x1097.jpg","astra-site-url":"\/\/websitedemos.net\/construction-equipment-04","astra-site-parent-id":3628,"astra-sites-tag":{"435":"architecture","2543":"building","2545":"building-foundation","979":"company","484":"construction","2546":"construction-services","2544":"fabricating","436":"interior","812":"office","485":"real-estate","687":"realty"},"astra-sites-type":"premium","astra-site-category":{"27":"business"},"astra-sites-template-category":{"2795":"architecture","2836":"construction","2793":"interior-design","2832":"property"},"astra-site-page-builder":"elementor","categories":{"2484":"real-estate"},"required-plugins":[{"slug":"elementor","init":"elementor\/elementor.php","name":"Elementor"}],"post-status":"publish","post-content":"<!-- wp:paragraph -->\n<p>The Construction Equipment template uses a corporate layout, alternating dark and light sections and bold contrast colors to draw the eye. Lots of content and image blocks help you tell your story along with testimonials, service pages and all you need to build a website.<\/p>\n<!-- \/wp:paragraph -->\n\n<!-- wp:paragraph -->\n<p>All Starter Templates are fully customizable. You can change the colors, typography, layout, header, footer and everything you see on the page using built-in tools. Templates are also compatible with page builders, making it easy to make this template your own.<\/p>\n<!-- \/wp:paragraph -->\n\n<!-- wp:heading -->\n<h2 class=\"wp-block-heading\">Key features of the Construction Equipment template<\/h2>\n<!-- \/wp:heading -->\n\n<!-- wp:list -->\n<ul class=\"wp-block-list\"><!-- wp:list-item -->\n<li>Corporate design ideal for the construction industry<\/li>\n<!-- \/wp:list-item -->\n\n<!-- wp:list-item -->\n<li>Colorful and engaging layout<\/li>\n<!-- \/wp:list-item -->\n\n<!-- wp:list-item -->\n<li>Includes everything you need for a business website<\/li>\n<!-- \/wp:list-item -->\n\n<!-- wp:list-item -->\n<li>SEO friendly and fully responsive<\/li>\n<!-- \/wp:list-item -->\n\n<!-- wp:list-item -->\n<li>Full compatibility with leading page builders<\/li>\n<!-- \/wp:list-item --><\/ul>\n<!-- \/wp:list -->","post-excerpt":"The Construction Equipment template is perfect for growing contractors and equipment rental businesses.","pages":{"id-93102":{"title":"About Us","featured-image-url":"https:\/\/websitedemos.net\/wp-content\/uploads\/2024\/10\/construction-equipments-04-about.jpg","thumbnail-image-url":"https:\/\/websitedemos.net\/wp-content\/uploads\/2024\/10\/construction-equipments-04-about-600x1526.jpg","astra-page-api-url":"https:\/\/websitedemos.net\/construction-equipment-04\/wp-json\/wp\/v2\/pages\/594","dynamic-page":"no","astra-page-url":"\/\/websitedemos.net\/construction-equipment-04\/about-us\/","astra-sites-tag":{"455":"about-us"},"site-pages-type":"premium","site-pages-page-builder":"elementor","site-pages-category":[],"site-pages-parent-category":{"60":"business"},"required-plugins":[{"slug":"elementor","init":"elementor\/elementor.php","name":"Elementor"}]},"id-93103":{"title":"Contact","featured-image-url":"https:\/\/websitedemos.net\/wp-content\/uploads\/2024\/10\/construction-equipments-04-contact.jpg","thumbnail-image-url":"https:\/\/websitedemos.net\/wp-content\/uploads\/2024\/10\/construction-equipments-04-contact-600x992.jpg","astra-page-api-url":"https:\/\/websitedemos.net\/construction-equipment-04\/wp-json\/wp\/v2\/pages\/591","dynamic-page":"no","astra-page-url":"\/\/websitedemos.net\/construction-equipment-04\/contact\/","astra-sites-tag":{"415":"contact"},"site-pages-type":"premium","site-pages-page-builder":"elementor","site-pages-category":[],"site-pages-parent-category":{"60":"business"},"required-plugins":[{"slug":"elementor","init":"elementor\/elementor.php","name":"Elementor"}]},"id-93104":{"title":"Home","featured-image-url":"https:\/\/websitedemos.net\/wp-content\/uploads\/2024\/10\/construction-equipments-04.jpg","thumbnail-image-url":"https:\/\/websitedemos.net\/wp-content\/uploads\/2024\/10\/construction-equipments-04-600x1646.jpg","astra-page-api-url":"https:\/\/websitedemos.net\/construction-equipment-04\/wp-json\/wp\/v2\/pages\/600","dynamic-page":"no","astra-page-url":"\/\/websitedemos.net\/construction-equipment-04\/","astra-sites-tag":{"423":"home"},"site-pages-type":"premium","site-pages-page-builder":"elementor","site-pages-category":[],"site-pages-parent-category":{"60":"business"},"required-plugins":[{"slug":"elementor","init":"elementor\/elementor.php","name":"Elementor"}]},"id-93105":{"title":"Industries","featured-image-url":"https:\/\/websitedemos.net\/wp-content\/uploads\/2024\/10\/construction-equipments-04-industries.jpg","thumbnail-image-url":"https:\/\/websitedemos.net\/wp-content\/uploads\/2024\/10\/construction-equipments-04-industries-600x863.jpg","astra-page-api-url":"https:\/\/websitedemos.net\/construction-equipment-04\/wp-json\/wp\/v2\/pages\/596","dynamic-page":"no","astra-page-url":"\/\/websitedemos.net\/construction-equipment-04\/industries\/","astra-sites-tag":{"493":"industries"},"site-pages-type":"premium","site-pages-page-builder":"elementor","site-pages-category":[],"site-pages-parent-category":{"60":"business"},"required-plugins":[{"slug":"elementor","init":"elementor\/elementor.php","name":"Elementor"}]},"id-93106":{"title":"Services","featured-image-url":"https:\/\/websitedemos.net\/wp-content\/uploads\/2024\/10\/construction-equipments-04-services.jpg","thumbnail-image-url":"https:\/\/websitedemos.net\/wp-content\/uploads\/2024\/10\/construction-equipments-04-services-600x1173.jpg","astra-page-api-url":"https:\/\/websitedemos.net\/construction-equipment-04\/wp-json\/wp\/v2\/pages\/598","dynamic-page":"no","astra-page-url":"\/\/websitedemos.net\/construction-equipment-04\/services\/","astra-sites-tag":{"2546":"construction-services"},"site-pages-type":"premium","site-pages-page-builder":"elementor","site-pages-category":[],"site-pages-parent-category":{"60":"business"},"required-plugins":[{"slug":"elementor","init":"elementor\/elementor.php","name":"Elementor"}]}},"related-bb-template":"","related-elementor-template":93101,"related-gutenberg-template":75040,"related_ecommerce_template":"","ecommerce_parent_template":""},"id-84975":{"title":"Language Tutors","id":84975,"publish-date":1702473877,"featured-image-url":"https:\/\/websitedemos.net\/wp-content\/uploads\/2023\/12\/language-tutors-02.jpg","thumbnail-image-url":"https:\/\/websitedemos.net\/wp-content\/uploads\/2023\/12\/language-tutors-02-600x2574.jpg","fullpage-thumbnail-image-url":"https:\/\/websitedemos.net\/wp-content\/uploads\/2023\/12\/language-tutors-02-400x1716.jpg","astra-site-url":"\/\/websitedemos.net\/language-tutors-02","astra-site-parent-id":3401,"astra-sites-tag":{"2747":"language","2749":"language-tutor","719":"online-coaching","466":"online-courses","975":"online-learning","2748":"tutor","720":"tutorials"},"astra-sites-type":"free","astra-site-category":{"27":"business","39":"free"},"astra-sites-template-category":{"2772":"education","2835":"elearning","2873":"tutor"},"astra-site-page-builder":"elementor","categories":{"3427":"default","2494":"elearning","3428":"free"},"required-plugins":[{"slug":"elementor","init":"elementor\/elementor.php","name":"Elementor"},{"slug":"wpforms-lite","init":"wpforms-lite\/wpforms.php","name":"WPForms Lite"},{"slug":"header-footer-elementor","init":"header-footer-elementor\/header-footer-elementor.php","name":"Ultimate Addons for Elementor Lite"}],"post-status":"publish","post-content":"<!-- wp:paragraph -->\n<p>The Language Tutor template has a smart, crisp look, with a large hero section and muted colors with a bold contrast color. It looks professional and is designed to help you showcase your language skills or promote a language school.<\/p>\n<!-- \/wp:paragraph -->\n\n<!-- wp:paragraph -->\n<p>The template features a natural color palette with pops of green and blue, which will be sure to make your website feel like a tranquil escape. The template has been carefully crafted to exhibit your services in the most elegant way possible.<\/p>\n<!-- \/wp:paragraph -->\n\n<!-- wp:heading -->\n<h2 class=\"wp-block-heading\"><strong>Key features of the Language Tutor template<\/strong><\/h2>\n<!-- \/wp:heading -->\n\n<!-- wp:list -->\n<ul><!-- wp:list-item -->\n<li>Inspired and inspiring website template<\/li>\n<!-- \/wp:list-item -->\n\n<!-- wp:list-item -->\n<li>Muted color palette with bold contrast color<\/li>\n<!-- \/wp:list-item -->\n\n<!-- wp:list-item -->\n<li>Includes all elements a typical language tutor needs<\/li>\n<!-- \/wp:list-item -->\n\n<!-- wp:list-item -->\n<li>Fully responsive and SEO friendly<\/li>\n<!-- \/wp:list-item -->\n\n<!-- wp:list-item -->\n<li>Compatible with leading page builders<\/li>\n<!-- \/wp:list-item --><\/ul>\n<!-- \/wp:list -->","post-excerpt":"Language Tutor template to help you share your knowledge with ease","pages":{"id-84979":{"title":"Home","featured-image-url":"https:\/\/websitedemos.net\/wp-content\/uploads\/2023\/12\/language-tutors-02.jpg","thumbnail-image-url":"https:\/\/websitedemos.net\/wp-content\/uploads\/2023\/12\/language-tutors-02-600x2574.jpg","astra-page-api-url":"https:\/\/websitedemos.net\/language-tutors-02\/wp-json\/wp\/v2\/pages\/5","dynamic-page":"no","astra-page-url":"\/\/websitedemos.net\/language-tutors-02\/","astra-sites-tag":{"423":"home"},"site-pages-type":"free","site-pages-page-builder":"elementor","site-pages-category":[],"site-pages-parent-category":{"60":"business","61":"free"},"required-plugins":[{"slug":"elementor","init":"elementor\/elementor.php","name":"Elementor"},{"slug":"header-footer-elementor","init":"header-footer-elementor\/header-footer-elementor.php","name":"Ultimate Addons for Elementor Lite"}]},"id-84976":{"title":"About","featured-image-url":"https:\/\/websitedemos.net\/wp-content\/uploads\/2023\/12\/language-tutors-02-about.jpg","thumbnail-image-url":"https:\/\/websitedemos.net\/wp-content\/uploads\/2023\/12\/language-tutors-02-about-600x1790.jpg","astra-page-api-url":"https:\/\/websitedemos.net\/language-tutors-02\/wp-json\/wp\/v2\/pages\/10","dynamic-page":"no","astra-page-url":"\/\/websitedemos.net\/language-tutors-02\/about\/","astra-sites-tag":{"352":"about"},"site-pages-type":"free","site-pages-page-builder":"elementor","site-pages-category":[],"site-pages-parent-category":{"60":"business","61":"free"},"required-plugins":[{"slug":"elementor","init":"elementor\/elementor.php","name":"Elementor"},{"slug":"header-footer-elementor","init":"header-footer-elementor\/header-footer-elementor.php","name":"Ultimate Addons for Elementor Lite"}]},"id-84978":{"title":"Courses","featured-image-url":"https:\/\/websitedemos.net\/wp-content\/uploads\/2023\/12\/language-tutors-02-courses.jpg","thumbnail-image-url":"https:\/\/websitedemos.net\/wp-content\/uploads\/2023\/12\/language-tutors-02-courses-600x1439.jpg","astra-page-api-url":"https:\/\/websitedemos.net\/language-tutors-02\/wp-json\/wp\/v2\/pages\/8","dynamic-page":"no","astra-page-url":"\/\/websitedemos.net\/language-tutors-02\/courses\/","astra-sites-tag":{"462":"courses"},"site-pages-type":"free","site-pages-page-builder":"elementor","site-pages-category":[],"site-pages-parent-category":{"60":"business","61":"free"},"required-plugins":[{"slug":"elementor","init":"elementor\/elementor.php","name":"Elementor"},{"slug":"header-footer-elementor","init":"header-footer-elementor\/header-footer-elementor.php","name":"Ultimate Addons for Elementor Lite"}]},"id-84980":{"title":"Our Teachers","featured-image-url":"https:\/\/websitedemos.net\/wp-content\/uploads\/2023\/12\/language-tutors-02-our-teacher.jpg","thumbnail-image-url":"https:\/\/websitedemos.net\/wp-content\/uploads\/2023\/12\/language-tutors-02-our-teacher-600x1709.jpg","astra-page-api-url":"https:\/\/websitedemos.net\/language-tutors-02\/wp-json\/wp\/v2\/pages\/133","dynamic-page":"no","astra-page-url":"\/\/websitedemos.net\/language-tutors-02\/our-teachers\/","astra-sites-tag":{"2751":"our-teachers"},"site-pages-type":"free","site-pages-page-builder":"elementor","site-pages-category":[],"site-pages-parent-category":{"60":"business","61":"free"},"required-plugins":[{"slug":"elementor","init":"elementor\/elementor.php","name":"Elementor"},{"slug":"header-footer-elementor","init":"header-footer-elementor\/header-footer-elementor.php","name":"Ultimate Addons for Elementor Lite"}]},"id-84977":{"title":"Contact","featured-image-url":"https:\/\/websitedemos.net\/wp-content\/uploads\/2023\/12\/language-tutors-02-contact.jpg","thumbnail-image-url":"https:\/\/websitedemos.net\/wp-content\/uploads\/2023\/12\/language-tutors-02-contact-600x1267.jpg","astra-page-api-url":"https:\/\/websitedemos.net\/language-tutors-02\/wp-json\/wp\/v2\/pages\/12","dynamic-page":"no","astra-page-url":"\/\/websitedemos.net\/language-tutors-02\/contact\/","astra-sites-tag":{"415":"contact"},"site-pages-type":"free","site-pages-page-builder":"elementor","site-pages-category":[],"site-pages-parent-category":{"60":"business","61":"free"},"required-plugins":[{"slug":"elementor","init":"elementor\/elementor.php","name":"Elementor"},{"slug":"header-footer-elementor","init":"header-footer-elementor\/header-footer-elementor.php","name":"Ultimate Addons for Elementor Lite"},{"slug":"wpforms-lite","init":"wpforms-lite\/wpforms.php","name":"WPForms Lite"}]}},"related-bb-template":60460,"related-elementor-template":84975,"related-gutenberg-template":71341,"related_ecommerce_template":"","ecommerce_parent_template":""},"id-93127":{"title":"Homestay","id":93127,"publish-date":1727866504,"featured-image-url":"https:\/\/websitedemos.net\/wp-content\/uploads\/2024\/10\/homestays-04.jpg","thumbnail-image-url":"https:\/\/websitedemos.net\/wp-content\/uploads\/2024\/10\/homestays-04-600x1992.jpg","fullpage-thumbnail-image-url":"https:\/\/websitedemos.net\/wp-content\/uploads\/2024\/10\/homestays-04-400x1328.jpg","astra-site-url":"\/\/websitedemos.net\/homestay-04","astra-site-parent-id":3629,"astra-sites-tag":{"2200":"apartment","2202":"bed-and-breakfast","1534":"bnb","2191":"budget-stay","2189":"guest-house","2188":"home-stay","2194":"hostels","350":"hotel","712":"lodge","2190":"lodging-house","2195":"stay"},"astra-sites-type":"premium","astra-site-category":{"27":"business"},"astra-sites-template-category":{"2777":"business","2788":"hotel-bnb","2775":"travel-tourism"},"astra-site-page-builder":"elementor","categories":{"3427":"default","2498":"hotel-travel","3429":"premium"},"required-plugins":[{"slug":"elementor","init":"elementor\/elementor.php","name":"Elementor"}],"post-status":"publish","post-content":"<!-- wp:paragraph -->\n<p>The Homestay template has a relaxed vibe reminiscent of a Caribbean getaway or somewhere tropical. It\u2019s chilled, inviting and delivers exactly the kind of feel that helps convert visitors into guests.<\/p>\n<!-- \/wp:paragraph -->\n\n<!-- wp:paragraph -->\n<p>It\u2019s a light fullscreen template that flows amazingly well and encourages you to follow the story down the page. Colors are great, typography is on point and there are lots of areas to promote your property. You can change anything you like using built-in tools so it\u2019s easy to create something completely unique.<\/p>\n<!-- \/wp:paragraph -->\n\n<!-- wp:heading -->\n<h2 class=\"wp-block-heading\">Key features of the Homestay template<\/h2>\n<!-- \/wp:heading -->\n\n<!-- wp:list -->\n<ul class=\"wp-block-list\"><!-- wp:list-item -->\n<li>Calm, relaxed feel ideal for vacation properties<\/li>\n<!-- \/wp:list-item -->\n\n<!-- wp:list-item -->\n<li>Lots of areas to show off your property and encourage bookings<\/li>\n<!-- \/wp:list-item -->\n\n<!-- wp:list-item -->\n<li>Fully customizable using built-in tools<\/li>\n<!-- \/wp:list-item -->\n\n<!-- wp:list-item -->\n<li>SEO friendly and fully responsive<\/li>\n<!-- \/wp:list-item -->\n\n<!-- wp:list-item -->\n<li>Full compatibility with leading page builders<\/li>\n<!-- \/wp:list-item --><\/ul>\n<!-- \/wp:list -->","post-excerpt":"The Homestay template is ideal for cozy guesthouses, vacation rentals, and family-run homestays.","pages":{"id-93132":{"title":"Rooms","featured-image-url":"https:\/\/websitedemos.net\/wp-content\/uploads\/2024\/10\/homestays-04-rooms.jpg","thumbnail-image-url":"https:\/\/websitedemos.net\/wp-content\/uploads\/2024\/10\/homestays-04-rooms-600x1237.jpg","astra-page-api-url":"https:\/\/websitedemos.net\/homestay-04\/wp-json\/wp\/v2\/pages\/733","dynamic-page":"no","astra-page-url":"\/\/websitedemos.net\/homestay-04\/rooms\/","astra-sites-tag":{"715":"rooms"},"site-pages-type":"premium","site-pages-page-builder":"elementor","site-pages-category":[],"site-pages-parent-category":{"60":"business"},"required-plugins":[{"slug":"elementor","init":"elementor\/elementor.php","name":"Elementor"}]},"id-93128":{"title":"About","featured-image-url":"https:\/\/websitedemos.net\/wp-content\/uploads\/2024\/10\/homestays-04-ourstory.jpg","thumbnail-image-url":"https:\/\/websitedemos.net\/wp-content\/uploads\/2024\/10\/homestays-04-ourstory-600x1030.jpg","astra-page-api-url":"https:\/\/websitedemos.net\/homestay-04\/wp-json\/wp\/v2\/pages\/735","dynamic-page":"no","astra-page-url":"\/\/websitedemos.net\/homestay-04\/about\/","astra-sites-tag":{"352":"about"},"site-pages-type":"premium","site-pages-page-builder":"elementor","site-pages-category":[],"site-pages-parent-category":{"60":"business"},"required-plugins":[{"slug":"elementor","init":"elementor\/elementor.php","name":"Elementor"}]},"id-93129":{"title":"Amenities","featured-image-url":"https:\/\/websitedemos.net\/wp-content\/uploads\/2024\/10\/homestays-04-amenities.jpg","thumbnail-image-url":"https:\/\/websitedemos.net\/wp-content\/uploads\/2024\/10\/homestays-04-amenities-600x1114.jpg","astra-page-api-url":"https:\/\/websitedemos.net\/homestay-04\/wp-json\/wp\/v2\/pages\/734","dynamic-page":"no","astra-page-url":"\/\/websitedemos.net\/homestay-04\/amenities\/","astra-sites-tag":{"777":"amenities"},"site-pages-type":"premium","site-pages-page-builder":"elementor","site-pages-category":[],"site-pages-parent-category":{"60":"business"},"required-plugins":[{"slug":"elementor","init":"elementor\/elementor.php","name":"Elementor"}]},"id-93130":{"title":"Contact","featured-image-url":"https:\/\/websitedemos.net\/wp-content\/uploads\/2024\/10\/homestays-04-contact.jpg","thumbnail-image-url":"https:\/\/websitedemos.net\/wp-content\/uploads\/2024\/10\/homestays-04-contact-600x817.jpg","astra-page-api-url":"https:\/\/websitedemos.net\/homestay-04\/wp-json\/wp\/v2\/pages\/736","dynamic-page":"no","astra-page-url":"\/\/websitedemos.net\/homestay-04\/contact\/","astra-sites-tag":{"415":"contact"},"site-pages-type":"premium","site-pages-page-builder":"elementor","site-pages-category":[],"site-pages-parent-category":{"60":"business"},"required-plugins":[{"slug":"elementor","init":"elementor\/elementor.php","name":"Elementor"}]},"id-93131":{"title":"Home","featured-image-url":"https:\/\/websitedemos.net\/wp-content\/uploads\/2024\/10\/homestays-04.jpg","thumbnail-image-url":"https:\/\/websitedemos.net\/wp-content\/uploads\/2024\/10\/homestays-04-600x1992.jpg","astra-page-api-url":"https:\/\/websitedemos.net\/homestay-04\/wp-json\/wp\/v2\/pages\/732","dynamic-page":"no","astra-page-url":"\/\/websitedemos.net\/homestay-04\/","astra-sites-tag":{"423":"home"},"site-pages-type":"premium","site-pages-page-builder":"elementor","site-pages-category":[],"site-pages-parent-category":{"60":"business"},"required-plugins":[{"slug":"elementor","init":"elementor\/elementor.php","name":"Elementor"}]}},"related-bb-template":"","related-elementor-template":93127,"related-gutenberg-template":86130,"related_ecommerce_template":"","ecommerce_parent_template":""},"id-60407":{"title":"Digital Download Store","id":60407,"publish-date":1701885694,"featured-image-url":"https:\/\/websitedemos.net\/wp-content\/uploads\/2022\/04\/digital-download-store-02.jpg","thumbnail-image-url":"https:\/\/websitedemos.net\/wp-content\/uploads\/2022\/04\/digital-download-store-02-600x4132.jpg","fullpage-thumbnail-image-url":"https:\/\/websitedemos.net\/wp-content\/uploads\/2022\/04\/digital-download-store-02-400x2754.jpg","astra-site-url":"\/\/websitedemos.net\/digital-download-store-02","astra-site-parent-id":2719,"astra-sites-tag":{"2720":"digital","2724":"digital-download","496":"ecommerce","1817":"ecommerce-store","3416":"elementor","383":"online-store","2722":"plugin","967":"product-store","749":"store","2721":"theme","1024":"woocommerce","2723":"wordpress"},"astra-sites-type":"free","astra-site-category":{"38":"ecommerce","39":"free"},"astra-sites-template-category":{"2769":"ecommerce","2835":"elearning","2857":"online-shopping"},"astra-site-page-builder":"elementor","categories":{"3427":"default","2495":"ecommerce","3428":"free","2499":"technology"},"required-plugins":[{"slug":"easy-digital-downloads","init":"easy-digital-downloads\/easy-digital-downloads.php","name":"Easy Digital Downloads"},{"slug":"elementor","init":"elementor\/elementor.php","name":"Elementor"},{"slug":"wpforms-lite","init":"wpforms-lite\/wpforms.php","name":"WPForms Lite"},{"slug":"woocommerce-payments","init":"woocommerce-payments\/woocommerce-payments.php","name":"WooPayments"},{"slug":"header-footer-elementor","init":"header-footer-elementor\/header-footer-elementor.php","name":"Ultimate Addons for Elementor Lite"}],"post-status":"publish","post-content":"<!-- wp:paragraph -->\n<p>The Digital Download Store template is a crisp, clean design with engaging colors and images and all the ingredients an online store needs. It has a compelling hero section with call to action, trust signals above the fold and lots of space to showcase your products.<\/p>\n<!-- \/wp:paragraph -->\n\n<!-- wp:paragraph -->\n<p>Product pages are simple and attractive, designed to let the product shine and convert customers. Cart pages, the checkout page, contact form and all supplementary pages reflect the clean design with minimum distractions.<\/p>\n<!-- \/wp:paragraph -->\n\n<!-- wp:heading -->\n<h2 class=\"wp-block-heading\"><strong>Key features of the Digital Download Store template<\/strong><\/h2>\n<!-- \/wp:heading -->\n\n<!-- wp:list -->\n<ul><!-- wp:list-item -->\n<li>Clean modern design for eCommerce stores<\/li>\n<!-- \/wp:list-item -->\n\n<!-- wp:list-item -->\n<li>Supports digital downloads and physical products<\/li>\n<!-- \/wp:list-item -->\n\n<!-- wp:list-item -->\n<li>Attractive product pages<\/li>\n<!-- \/wp:list-item -->\n\n<!-- wp:list-item -->\n<li>Exceptional customer journey throughout the store<\/li>\n<!-- \/wp:list-item -->\n\n<!-- wp:list-item -->\n<li>Full compatibility with leading page builders<\/li>\n<!-- \/wp:list-item --><\/ul>\n<!-- \/wp:list -->","post-excerpt":"The Digital Download Store template is a high performance design for eCommerce stores. ","pages":{"id-92651":{"title":"Checkout","featured-image-url":"","thumbnail-image-url":"","astra-page-api-url":"https:\/\/websitedemos.net\/digital-download-store-02\/wp-json\/wp\/v2\/pages\/1350","dynamic-page":"no","astra-page-url":"\/\/websitedemos.net\/digital-download-store-02\/checkout-2\/","astra-sites-tag":[],"site-pages-type":"free","site-pages-page-builder":"gutenberg","site-pages-category":[],"site-pages-parent-category":{"64":"ecommerce","61":"free"},"required-plugins":""},"id-92652":{"title":"My account","featured-image-url":"","thumbnail-image-url":"","astra-page-api-url":"https:\/\/websitedemos.net\/digital-download-store-02\/wp-json\/wp\/v2\/pages\/1351","dynamic-page":"no","astra-page-url":"\/\/websitedemos.net\/digital-download-store-02\/my-account\/","astra-sites-tag":[],"site-pages-type":"free","site-pages-page-builder":"gutenberg","site-pages-category":[],"site-pages-parent-category":{"64":"ecommerce","61":"free"},"required-plugins":""},"id-92653":{"title":"Shop","featured-image-url":"","thumbnail-image-url":"","astra-page-api-url":"https:\/\/websitedemos.net\/digital-download-store-02\/wp-json\/wp\/v2\/pages\/1348","dynamic-page":"no","astra-page-url":"\/\/websitedemos.net\/digital-download-store-02\/shop\/","astra-sites-tag":[],"site-pages-type":"free","site-pages-page-builder":"gutenberg","site-pages-category":[],"site-pages-parent-category":{"64":"ecommerce","61":"free"},"required-plugins":""},"id-92650":{"title":"Cart","featured-image-url":"","thumbnail-image-url":"","astra-page-api-url":"https:\/\/websitedemos.net\/digital-download-store-02\/wp-json\/wp\/v2\/pages\/1349","dynamic-page":"no","astra-page-url":"\/\/websitedemos.net\/digital-download-store-02\/cart\/","astra-sites-tag":[],"site-pages-type":"free","site-pages-page-builder":"gutenberg","site-pages-category":[],"site-pages-parent-category":{"64":"ecommerce","61":"free"},"required-plugins":""},"id-60410":{"title":"Home","featured-image-url":"https:\/\/websitedemos.net\/wp-content\/uploads\/2022\/04\/digital-download-store-02.jpg","thumbnail-image-url":"https:\/\/websitedemos.net\/wp-content\/uploads\/2022\/04\/digital-download-store-02-600x4132.jpg","astra-page-api-url":"https:\/\/websitedemos.net\/digital-download-store-02\/wp-json\/wp\/v2\/pages\/49","dynamic-page":"yes","astra-page-url":"\/\/websitedemos.net\/digital-download-store-02\/","astra-sites-tag":{"2720":"digital","2724":"digital-download","664":"digital-services","496":"ecommerce","1817":"ecommerce-store","423":"home","814":"homepage","383":"online-store","2722":"plugin","967":"product-store","749":"store","2721":"theme","2723":"wordpress"},"site-pages-type":"free","site-pages-page-builder":"elementor","site-pages-category":[],"site-pages-parent-category":{"64":"ecommerce","61":"free"},"required-plugins":[{"slug":"easy-digital-downloads","init":"easy-digital-downloads\/easy-digital-downloads.php","name":"Easy Digital Downloads"},{"slug":"elementor","init":"elementor\/elementor.php","name":"Elementor"},{"slug":"woocommerce-payments","init":"woocommerce-payments\/woocommerce-payments.php","name":"WooPayments"}]},"id-60408":{"title":"About","featured-image-url":"https:\/\/websitedemos.net\/wp-content\/uploads\/2022\/04\/digital-download-store-about-02.jpg","thumbnail-image-url":"https:\/\/websitedemos.net\/wp-content\/uploads\/2022\/04\/digital-download-store-about-02-600x2112.jpg","astra-page-api-url":"https:\/\/websitedemos.net\/digital-download-store-02\/wp-json\/wp\/v2\/pages\/550","dynamic-page":"no","astra-page-url":"\/\/websitedemos.net\/digital-download-store-02\/about\/","astra-sites-tag":{"352":"about","455":"about-us","2720":"digital","2724":"digital-download","664":"digital-services","496":"ecommerce","1817":"ecommerce-store","383":"online-store","2722":"plugin","967":"product-store","749":"store","2721":"theme","628":"what-we-do","1542":"what-we-offer","2723":"wordpress"},"site-pages-type":"free","site-pages-page-builder":"elementor","site-pages-category":[],"site-pages-parent-category":{"64":"ecommerce","61":"free"},"required-plugins":[{"slug":"elementor","init":"elementor\/elementor.php","name":"Elementor"},{"slug":"header-footer-elementor","init":"header-footer-elementor\/header-footer-elementor.php","name":"Ultimate Addons for Elementor Lite"}]},"id-60409":{"title":"Contact","featured-image-url":"https:\/\/websitedemos.net\/wp-content\/uploads\/2022\/04\/digital-download-store-contact-02.jpg","thumbnail-image-url":"https:\/\/websitedemos.net\/wp-content\/uploads\/2022\/04\/digital-download-store-contact-02-600x1290.jpg","astra-page-api-url":"https:\/\/websitedemos.net\/digital-download-store-02\/wp-json\/wp\/v2\/pages\/682","dynamic-page":"no","astra-page-url":"\/\/websitedemos.net\/digital-download-store-02\/contact\/","astra-sites-tag":{"415":"contact","454":"contact-us","2720":"digital","2724":"digital-download","664":"digital-services","496":"ecommerce","1817":"ecommerce-store","383":"online-store","2722":"plugin","967":"product-store","749":"store","2721":"theme","2723":"wordpress"},"site-pages-type":"free","site-pages-page-builder":"elementor","site-pages-category":[],"site-pages-parent-category":{"64":"ecommerce","61":"free"},"required-plugins":[{"slug":"elementor","init":"elementor\/elementor.php","name":"Elementor"},{"slug":"wpforms-lite","init":"wpforms-lite\/wpforms.php","name":"WPForms Lite"}]}},"related-bb-template":"","related-elementor-template":60407,"related-gutenberg-template":95504,"related_ecommerce_template":"","ecommerce_parent_template":""},"id-72529":{"title":"Web Developer Portfolio","id":72529,"publish-date":1679309020,"featured-image-url":"https:\/\/websitedemos.net\/wp-content\/uploads\/2023\/02\/web-developer-portfolio-04.jpg","thumbnail-image-url":"https:\/\/websitedemos.net\/wp-content\/uploads\/2023\/02\/web-developer-portfolio-04-600x2508.jpg","fullpage-thumbnail-image-url":"https:\/\/websitedemos.net\/wp-content\/uploads\/2023\/02\/web-developer-portfolio-04-400x1672.jpg","astra-site-url":"\/\/websitedemos.net\/web-developer-portfolio-04","astra-site-parent-id":3121,"astra-sites-tag":{"3112":"developer","3416":"elementor","1020":"personal","3124":"personal-portfolio","1903":"personal-website","444":"portfolio","1844":"premium","3123":"web","3122":"web-developer","3111":"webdesigner","3106":"webdeveloper","3107":"webdevelopment"},"astra-sites-type":"agency-mini","astra-site-category":{"27":"business"},"astra-sites-template-category":{"2770":"personal","2768":"portfolio"},"astra-site-page-builder":"elementor","categories":{"3430":"dark","3427":"default","2488":"portfolio","3429":"premium"},"required-plugins":[{"slug":"elementor","init":"elementor\/elementor.php","name":"Elementor"},{"slug":"ultimate-elementor","init":"ultimate-elementor\/ultimate-elementor.php","name":"Ultimate Addons for Elementor"},{"slug":"wpforms-lite","init":"wpforms-lite\/wpforms.php","name":"WPForms Lite"}],"post-status":"publish","post-content":"<!-- wp:paragraph -->\n<p>The Web Developer Portfolio template is a stylish dark design designed to communicate your skills immediately with stylized animation, code-like typography, and simple colors. There\u2019s instant recognition with this template that would work amazingly well to showcase your work.<\/p>\n<!-- \/wp:paragraph -->\n\n<!-- wp:paragraph -->\n<p>The template includes essential portfolio elements such as support for images, video, and audio. It also comes with readymade pages for your portfolio, services, resume, and biography so you can be up and running in no time.<\/p>\n<!-- \/wp:paragraph -->\n\n<!-- wp:heading -->\n<h2>Key features of the Web Developer Portfolio template<\/h2>\n<!-- \/wp:heading -->\n\n<!-- wp:list -->\n<ul><!-- wp:list-item -->\n<li>Stylized website theme ideal for the niche<\/li>\n<!-- \/wp:list-item -->\n\n<!-- wp:list-item -->\n<li>Smart animations to draw attention and engage<\/li>\n<!-- \/wp:list-item -->\n\n<!-- wp:list-item -->\n<li>Immediately reminiscent of code and development without being over the top<\/li>\n<!-- \/wp:list-item -->\n\n<!-- wp:list-item -->\n<li>Includes essential pages ideal for portfolios<\/li>\n<!-- \/wp:list-item -->\n\n<!-- wp:list-item -->\n<li>Full compatibility with leading page builders<\/li>\n<!-- \/wp:list-item --><\/ul>\n<!-- \/wp:list -->","post-excerpt":"The Web Developer Portfolio template is perfect for anyone who works with code","pages":{"id-72532":{"title":"_home","featured-image-url":"https:\/\/websitedemos.net\/wp-content\/uploads\/2023\/02\/web-developer-portfolio-04.jpg","thumbnail-image-url":"https:\/\/websitedemos.net\/wp-content\/uploads\/2023\/02\/web-developer-portfolio-04-600x2508.jpg","astra-page-api-url":"https:\/\/websitedemos.net\/web-developer-portfolio-04\/wp-json\/wp\/v2\/pages\/17","dynamic-page":"no","astra-page-url":"\/\/websitedemos.net\/web-developer-portfolio-04\/","astra-sites-tag":{"423":"home"},"site-pages-type":"agency-mini","site-pages-page-builder":"elementor","site-pages-category":[],"site-pages-parent-category":{"60":"business"},"required-plugins":[{"slug":"elementor","init":"elementor\/elementor.php","name":"Elementor"},{"slug":"ultimate-elementor","init":"ultimate-elementor\/ultimate-elementor.php","name":"Ultimate Addons for Elementor"},{"slug":"wpforms-lite","init":"wpforms-lite\/wpforms.php","name":"WPForms Lite"}]},"id-72530":{"title":"_about","featured-image-url":"https:\/\/websitedemos.net\/wp-content\/uploads\/2023\/02\/web-developer-portfolio-04-about.jpg","thumbnail-image-url":"https:\/\/websitedemos.net\/wp-content\/uploads\/2023\/02\/web-developer-portfolio-04-about-600x1452.jpg","astra-page-api-url":"https:\/\/websitedemos.net\/web-developer-portfolio-04\/wp-json\/wp\/v2\/pages\/11","dynamic-page":"no","astra-page-url":"\/\/websitedemos.net\/web-developer-portfolio-04\/about\/","astra-sites-tag":{"352":"about"},"site-pages-type":"agency-mini","site-pages-page-builder":"elementor","site-pages-category":[],"site-pages-parent-category":{"60":"business"},"required-plugins":[{"slug":"elementor","init":"elementor\/elementor.php","name":"Elementor"},{"slug":"ultimate-elementor","init":"ultimate-elementor\/ultimate-elementor.php","name":"Ultimate Addons for Elementor"},{"slug":"wpforms-lite","init":"wpforms-lite\/wpforms.php","name":"WPForms Lite"}]},"id-72535":{"title":"_services","featured-image-url":"https:\/\/websitedemos.net\/wp-content\/uploads\/2023\/02\/web-developer-portfolio-04-services.jpg","thumbnail-image-url":"https:\/\/websitedemos.net\/wp-content\/uploads\/2023\/02\/web-developer-portfolio-04-services-600x788.jpg","astra-page-api-url":"https:\/\/websitedemos.net\/web-developer-portfolio-04\/wp-json\/wp\/v2\/pages\/23","dynamic-page":"no","astra-page-url":"\/\/websitedemos.net\/web-developer-portfolio-04\/services\/","astra-sites-tag":{"425":"services"},"site-pages-type":"agency-mini","site-pages-page-builder":"elementor","site-pages-category":[],"site-pages-parent-category":{"60":"business"},"required-plugins":[{"slug":"elementor","init":"elementor\/elementor.php","name":"Elementor"},{"slug":"ultimate-elementor","init":"ultimate-elementor\/ultimate-elementor.php","name":"Ultimate Addons for Elementor"},{"slug":"wpforms-lite","init":"wpforms-lite\/wpforms.php","name":"WPForms Lite"}]},"id-72533":{"title":"_portfolio","featured-image-url":"https:\/\/websitedemos.net\/wp-content\/uploads\/2023\/02\/web-developer-portfolio-04-portfolio.jpg","thumbnail-image-url":"https:\/\/websitedemos.net\/wp-content\/uploads\/2023\/02\/web-developer-portfolio-04-portfolio-600x2195.jpg","astra-page-api-url":"https:\/\/websitedemos.net\/web-developer-portfolio-04\/wp-json\/wp\/v2\/pages\/19","dynamic-page":"no","astra-page-url":"\/\/websitedemos.net\/web-developer-portfolio-04\/portfolio\/","astra-sites-tag":{"444":"portfolio"},"site-pages-type":"agency-mini","site-pages-page-builder":"elementor","site-pages-category":[],"site-pages-parent-category":{"60":"business"},"required-plugins":[{"slug":"elementor","init":"elementor\/elementor.php","name":"Elementor"},{"slug":"ultimate-elementor","init":"ultimate-elementor\/ultimate-elementor.php","name":"Ultimate Addons for Elementor"},{"slug":"wpforms-lite","init":"wpforms-lite\/wpforms.php","name":"WPForms Lite"}]},"id-72534":{"title":"_resume","featured-image-url":"https:\/\/websitedemos.net\/wp-content\/uploads\/2023\/02\/web-developer-portfolio-04-resume.jpg","thumbnail-image-url":"https:\/\/websitedemos.net\/wp-content\/uploads\/2023\/02\/web-developer-portfolio-04-resume-600x1506.jpg","astra-page-api-url":"https:\/\/websitedemos.net\/web-developer-portfolio-04\/wp-json\/wp\/v2\/pages\/21","dynamic-page":"no","astra-page-url":"\/\/websitedemos.net\/web-developer-portfolio-04\/resume\/","astra-sites-tag":{"2153":"resume"},"site-pages-type":"agency-mini","site-pages-page-builder":"elementor","site-pages-category":[],"site-pages-parent-category":{"60":"business"},"required-plugins":[{"slug":"elementor","init":"elementor\/elementor.php","name":"Elementor"},{"slug":"ultimate-elementor","init":"ultimate-elementor\/ultimate-elementor.php","name":"Ultimate Addons for Elementor"},{"slug":"wpforms-lite","init":"wpforms-lite\/wpforms.php","name":"WPForms Lite"}]},"id-72531":{"title":"_contact","featured-image-url":"https:\/\/websitedemos.net\/wp-content\/uploads\/2023\/02\/web-developer-portfolio-04-contact.jpg","thumbnail-image-url":"https:\/\/websitedemos.net\/wp-content\/uploads\/2023\/02\/web-developer-portfolio-04-contact-600x793.jpg","astra-page-api-url":"https:\/\/websitedemos.net\/web-developer-portfolio-04\/wp-json\/wp\/v2\/pages\/15","dynamic-page":"no","astra-page-url":"\/\/websitedemos.net\/web-developer-portfolio-04\/contact\/","astra-sites-tag":{"415":"contact"},"site-pages-type":"agency-mini","site-pages-page-builder":"elementor","site-pages-category":[],"site-pages-parent-category":{"60":"business"},"required-plugins":[{"slug":"elementor","init":"elementor\/elementor.php","name":"Elementor"},{"slug":"ultimate-elementor","init":"ultimate-elementor\/ultimate-elementor.php","name":"Ultimate Addons for Elementor"},{"slug":"wpforms-lite","init":"wpforms-lite\/wpforms.php","name":"WPForms Lite"}]}},"related-bb-template":"","related-elementor-template":72529,"related-gutenberg-template":74746,"related_ecommerce_template":"","ecommerce_parent_template":""},"id-60361":{"title":"Home and Garden Decor","id":60361,"publish-date":1700650547,"featured-image-url":"https:\/\/websitedemos.net\/wp-content\/uploads\/2022\/04\/home-garden-decor-02.jpg","thumbnail-image-url":"https:\/\/websitedemos.net\/wp-content\/uploads\/2022\/04\/home-garden-decor-02-600x2687.jpg","fullpage-thumbnail-image-url":"https:\/\/websitedemos.net\/wp-content\/uploads\/2022\/04\/home-garden-decor-02-400x1791.jpg","astra-site-url":"\/\/websitedemos.net\/home-garden-decor-02","astra-site-parent-id":2704,"astra-sites-tag":{"496":"ecommerce","1817":"ecommerce-store","3416":"elementor","416":"garden-care","421":"garden-maintenance","420":"gardening","423":"home","862":"home-decor","1024":"woocommerce"},"astra-sites-type":"free","astra-site-category":{"38":"ecommerce","39":"free"},"astra-sites-template-category":{"2777":"business","2769":"ecommerce","2853":"florist-gardening"},"astra-site-page-builder":"elementor","categories":{"3427":"default","2495":"ecommerce","3428":"free","2476":"gardening"},"required-plugins":[{"slug":"elementor","init":"elementor\/elementor.php","name":"Elementor"},{"slug":"woocommerce","init":"woocommerce\/woocommerce.php","name":"WooCommerce"},{"slug":"wpforms-lite","init":"wpforms-lite\/wpforms.php","name":"WPForms Lite"},{"slug":"header-footer-elementor","init":"header-footer-elementor\/header-footer-elementor.php","name":"Ultimate Addons for Elementor Lite"},{"slug":"woocommerce-payments","init":"woocommerce-payments\/woocommerce-payments.php","name":"WooPayments"},{"slug":"cartflows","init":"cartflows\/cartflows.php","name":"CartFlows"},{"slug":"woo-cart-abandonment-recovery","init":"woo-cart-abandonment-recovery\/woo-cart-abandonment-recovery.php","name":"WooCommerce Cart Abandonment Recovery"}],"post-status":"publish","post-content":"<!-- wp:paragraph -->\n<p>The Home &amp; Garden D\u00e9cor template has a flat, modern feel with lots of whitespace, great colors and lots of opportunities to build a high conversion online store. The content blocks deliver lots of opportunities to showcase products, special offers and calls to action.<\/p>\n<!-- \/wp:paragraph -->\n\n<!-- wp:paragraph -->\n<p>The fully responsive template also includes attractive product pages, an effective cart page and a frictionless checkout page ready to sell. It looks amazing as it is but you can change everything you see using free tools.<\/p>\n<!-- \/wp:paragraph -->\n\n<!-- wp:heading -->\n<h2 class=\"wp-block-heading\"><strong>Key features of the Home &amp; Garden D\u00e9cor template<\/strong><\/h2>\n<!-- \/wp:heading -->\n\n<!-- wp:list -->\n<ul><!-- wp:list-item -->\n<li>Elegant eCommerce store template for home or garden<\/li>\n<!-- \/wp:list-item -->\n\n<!-- wp:list-item -->\n<li>Calm colors and welcoming layout<\/li>\n<!-- \/wp:list-item -->\n\n<!-- wp:list-item -->\n<li>Effective product, cart and checkout pages<\/li>\n<!-- \/wp:list-item -->\n\n<!-- wp:list-item -->\n<li>Customize everything you see on the page<\/li>\n<!-- \/wp:list-item -->\n\n<!-- wp:list-item -->\n<li>Full compatibility with leading page builders<\/li>\n<!-- \/wp:list-item --><\/ul>\n<!-- \/wp:list -->","post-excerpt":"Transform your living space into a sanctuary with our curated collection of exquisite home decor.","pages":{"id-60364":{"title":"Home","featured-image-url":"https:\/\/websitedemos.net\/wp-content\/uploads\/2022\/04\/home-garden-decor-02-1.jpg","thumbnail-image-url":"https:\/\/websitedemos.net\/wp-content\/uploads\/2022\/04\/home-garden-decor-02-1-600x2687.jpg","astra-page-api-url":"https:\/\/websitedemos.net\/home-garden-decor-02\/wp-json\/wp\/v2\/pages\/13","dynamic-page":"yes","astra-page-url":"\/\/websitedemos.net\/home-garden-decor-02\/","astra-sites-tag":{"496":"ecommerce","416":"garden-care","420":"gardening","2705":"gardening-plants","423":"home","862":"home-decor"},"site-pages-type":"free","site-pages-page-builder":"elementor","site-pages-category":[],"site-pages-parent-category":{"64":"ecommerce","61":"free"},"required-plugins":[{"slug":"elementor","init":"elementor\/elementor.php","name":"Elementor"},{"slug":"header-footer-elementor","init":"header-footer-elementor\/header-footer-elementor.php","name":"Ultimate Addons for Elementor Lite"},{"slug":"woocommerce","init":"woocommerce\/woocommerce.php","name":"WooCommerce"},{"slug":"woocommerce-payments","init":"woocommerce-payments\/woocommerce-payments.php","name":"WooPayments"}]},"id-60362":{"title":"About","featured-image-url":"https:\/\/websitedemos.net\/wp-content\/uploads\/2022\/04\/home-garden-decor-02-about.jpg","thumbnail-image-url":"https:\/\/websitedemos.net\/wp-content\/uploads\/2022\/04\/home-garden-decor-02-about-600x1274.jpg","astra-page-api-url":"https:\/\/websitedemos.net\/home-garden-decor-02\/wp-json\/wp\/v2\/pages\/103","dynamic-page":"no","astra-page-url":"\/\/websitedemos.net\/home-garden-decor-02\/about\/","astra-sites-tag":{"352":"about","455":"about-us","496":"ecommerce","420":"gardening","862":"home-decor","1024":"woocommerce"},"site-pages-type":"free","site-pages-page-builder":"elementor","site-pages-category":[],"site-pages-parent-category":{"64":"ecommerce","61":"free"},"required-plugins":[{"slug":"elementor","init":"elementor\/elementor.php","name":"Elementor"},{"slug":"header-footer-elementor","init":"header-footer-elementor\/header-footer-elementor.php","name":"Ultimate Addons for Elementor Lite"}]},"id-60363":{"title":"Contact","featured-image-url":"https:\/\/websitedemos.net\/wp-content\/uploads\/2022\/04\/home-garden-decor-02-contact.jpg","thumbnail-image-url":"https:\/\/websitedemos.net\/wp-content\/uploads\/2022\/04\/home-garden-decor-02-contact-600x744.jpg","astra-page-api-url":"https:\/\/websitedemos.net\/home-garden-decor-02\/wp-json\/wp\/v2\/pages\/108","dynamic-page":"no","astra-page-url":"\/\/websitedemos.net\/home-garden-decor-02\/contact\/","astra-sites-tag":{"415":"contact","454":"contact-us","496":"ecommerce","416":"garden-care","420":"gardening","862":"home-decor"},"site-pages-type":"free","site-pages-page-builder":"elementor","site-pages-category":[],"site-pages-parent-category":{"64":"ecommerce","61":"free"},"required-plugins":[{"slug":"elementor","init":"elementor\/elementor.php","name":"Elementor"},{"slug":"wpforms-lite","init":"wpforms-lite\/wpforms.php","name":"WPForms Lite"}]}},"related-bb-template":60181,"related-elementor-template":60361,"related-gutenberg-template":69655,"related_ecommerce_template":"","ecommerce_parent_template":""},"id-93049":{"title":"Pub &amp; Lounge","id":93049,"publish-date":1727806626,"featured-image-url":"https:\/\/websitedemos.net\/wp-content\/uploads\/2024\/10\/pub-and-lounges-04.jpg","thumbnail-image-url":"https:\/\/websitedemos.net\/wp-content\/uploads\/2024\/10\/pub-and-lounges-04-600x2165.jpg","fullpage-thumbnail-image-url":"https:\/\/websitedemos.net\/wp-content\/uploads\/2024\/10\/pub-and-lounges-04-400x1443.jpg","astra-site-url":"\/\/websitedemos.net\/pub-and-lounge-04","astra-site-parent-id":3626,"astra-sites-tag":{"2009":"bar-room","2007":"barbeque-restaurant","2010":"beer-bar","1988":"beer-joint","562":"bistro","635":"brewery","1989":"cocktail-lounge","1965":"drink","350":"hotel","657":"lounge","1983":"pub","2008":"pub-and-bar","335":"restaurant"},"astra-sites-type":"premium","astra-site-category":{"27":"business"},"astra-sites-template-category":{"2769":"ecommerce","2785":"food","2776":"restaurant","2813":"winery"},"astra-site-page-builder":"elementor","categories":{"3427":"default","3429":"premium","2496":"restaurant-food"},"required-plugins":[{"slug":"elementor","init":"elementor\/elementor.php","name":"Elementor"}],"post-status":"publish","post-content":"<!-- wp:paragraph -->\n<p>The Pub &amp; Lounge template is crisp fullscreen design that welcomes you in from the very beginning. It\u2019s lively and youthful and portrays the warm welcoming atmosphere people expect from a venue.<\/p>\n<!-- \/wp:paragraph -->\n\n<!-- wp:paragraph -->\n<p>The template uses alternating dark and light areas and includes attractive menu sections. It\u2019s a complete template an entertainment business needs to build a community. Everything you see can be fully customized and branded. You can add, remove or change anything on the page using built-in tools.<\/p>\n<!-- \/wp:paragraph -->\n\n<!-- wp:heading -->\n<h2 class=\"wp-block-heading\">Key features of the Pub &amp; Lounge template<\/h2>\n<!-- \/wp:heading -->\n\n<!-- wp:list -->\n<ul class=\"wp-block-list\"><!-- wp:list-item -->\n<li>Youthful and energetic entertainment template<\/li>\n<!-- \/wp:list-item -->\n\n<!-- wp:list-item -->\n<li>Crisp design with alternating dark and light<\/li>\n<!-- \/wp:list-item -->\n\n<!-- wp:list-item -->\n<li>Fast and easy to use<\/li>\n<!-- \/wp:list-item -->\n\n<!-- wp:list-item -->\n<li>SEO friendly and fully responsive<\/li>\n<!-- \/wp:list-item -->\n\n<!-- wp:list-item -->\n<li>Full compatibility with leading page builders<\/li>\n<!-- \/wp:list-item --><\/ul>\n<!-- \/wp:list -->","post-excerpt":"The Pub & Lounge template is ideal for vibrant bars, cozy pubs, and stylish lounges.","pages":{"id-93052":{"title":"Home","featured-image-url":"https:\/\/websitedemos.net\/wp-content\/uploads\/2024\/10\/pub-and-lounges-04.jpg","thumbnail-image-url":"https:\/\/websitedemos.net\/wp-content\/uploads\/2024\/10\/pub-and-lounges-04-600x2165.jpg","astra-page-api-url":"https:\/\/websitedemos.net\/pub-and-lounge-04\/wp-json\/wp\/v2\/pages\/876","dynamic-page":"no","astra-page-url":"\/\/websitedemos.net\/pub-and-lounge-04\/","astra-sites-tag":{"423":"home"},"site-pages-type":"premium","site-pages-page-builder":"elementor","site-pages-category":[],"site-pages-parent-category":{"60":"business"},"required-plugins":[{"slug":"elementor","init":"elementor\/elementor.php","name":"Elementor"}]},"id-93053":{"title":"Menus","featured-image-url":"https:\/\/websitedemos.net\/wp-content\/uploads\/2024\/10\/pub-and-lounges-04-menus.jpg","thumbnail-image-url":"https:\/\/websitedemos.net\/wp-content\/uploads\/2024\/10\/pub-and-lounges-04-menus-600x1307.jpg","astra-page-api-url":"https:\/\/websitedemos.net\/pub-and-lounge-04\/wp-json\/wp\/v2\/pages\/878","dynamic-page":"no","astra-page-url":"\/\/websitedemos.net\/pub-and-lounge-04\/menu\/","astra-sites-tag":{"565":"menu"},"site-pages-type":"premium","site-pages-page-builder":"elementor","site-pages-category":[],"site-pages-parent-category":{"60":"business"},"required-plugins":[{"slug":"elementor","init":"elementor\/elementor.php","name":"Elementor"}]},"id-93050":{"title":"About","featured-image-url":"https:\/\/websitedemos.net\/wp-content\/uploads\/2024\/10\/pub-and-lounges-04-about.jpg","thumbnail-image-url":"https:\/\/websitedemos.net\/wp-content\/uploads\/2024\/10\/pub-and-lounges-04-about-600x1232.jpg","astra-page-api-url":"https:\/\/websitedemos.net\/pub-and-lounge-04\/wp-json\/wp\/v2\/pages\/877","dynamic-page":"no","astra-page-url":"\/\/websitedemos.net\/pub-and-lounge-04\/about\/","astra-sites-tag":{"352":"about"},"site-pages-type":"premium","site-pages-page-builder":"elementor","site-pages-category":[],"site-pages-parent-category":{"60":"business"},"required-plugins":[{"slug":"elementor","init":"elementor\/elementor.php","name":"Elementor"}]},"id-93051":{"title":"Contact","featured-image-url":"https:\/\/websitedemos.net\/wp-content\/uploads\/2024\/10\/pub-and-lounges-04-contact.jpg","thumbnail-image-url":"https:\/\/websitedemos.net\/wp-content\/uploads\/2024\/10\/pub-and-lounges-04-contact-600x668.jpg","astra-page-api-url":"https:\/\/websitedemos.net\/pub-and-lounge-04\/wp-json\/wp\/v2\/pages\/879","dynamic-page":"no","astra-page-url":"\/\/websitedemos.net\/pub-and-lounge-04\/contact\/","astra-sites-tag":{"415":"contact"},"site-pages-type":"premium","site-pages-page-builder":"elementor","site-pages-category":[],"site-pages-parent-category":{"60":"business"},"required-plugins":[{"slug":"elementor","init":"elementor\/elementor.php","name":"Elementor"}]}},"related-bb-template":"","related-elementor-template":93049,"related-gutenberg-template":74973,"related_ecommerce_template":"","ecommerce_parent_template":""},"id-60280":{"title":"Book Store","id":60280,"publish-date":1704285763,"featured-image-url":"https:\/\/websitedemos.net\/wp-content\/uploads\/2022\/04\/book-store-04-1.jpg","thumbnail-image-url":"https:\/\/websitedemos.net\/wp-content\/uploads\/2022\/04\/book-store-04-1-600x3144.jpg","fullpage-thumbnail-image-url":"https:\/\/websitedemos.net\/wp-content\/uploads\/2022\/04\/book-store-04-1-400x2096.jpg","astra-site-url":"\/\/websitedemos.net\/book-store-04","astra-site-parent-id":2670,"astra-sites-tag":{"724":"author","2355":"author-book-store","2354":"author-portfolio","2353":"book-writer","2352":"books-store","496":"ecommerce","383":"online-store","1024":"woocommerce"},"astra-sites-type":"agency-mini","astra-site-category":{"38":"ecommerce"},"astra-sites-template-category":[],"astra-site-page-builder":"elementor","categories":{"3427":"default","2495":"ecommerce","2478":"local-storefronts","3429":"premium"},"required-plugins":[{"slug":"elementor","init":"elementor\/elementor.php","name":"Elementor"},{"slug":"header-footer-elementor","init":"header-footer-elementor\/header-footer-elementor.php","name":"Ultimate Addons for Elementor Lite"},{"slug":"woocommerce","init":"woocommerce\/woocommerce.php","name":"WooCommerce"},{"slug":"wpforms-lite","init":"wpforms-lite\/wpforms.php","name":"WPForms Lite"},{"slug":"cartflows","init":"cartflows\/cartflows.php","name":"CartFlows"},{"slug":"woo-cart-abandonment-recovery","init":"woo-cart-abandonment-recovery\/woo-cart-abandonment-recovery.php","name":"WooCommerce Cart Abandonment Recovery"}],"post-status":"publish","post-content":"","post-excerpt":"","pages":{"id-60283":{"title":"Home","featured-image-url":"https:\/\/websitedemos.net\/wp-content\/uploads\/2022\/04\/book-store-04.jpg","thumbnail-image-url":"https:\/\/websitedemos.net\/wp-content\/uploads\/2022\/04\/book-store-04-600x3144.jpg","astra-page-api-url":"https:\/\/websitedemos.net\/book-store-04\/wp-json\/wp\/v2\/pages\/12","dynamic-page":"yes","astra-page-url":"\/\/websitedemos.net\/book-store-04\/","astra-sites-tag":{"724":"author","1740":"books","2676":"bookstore","423":"home","814":"homepage","2677":"newbooks-2","2678":"reader-2"},"site-pages-type":"agency-mini","site-pages-page-builder":"elementor","site-pages-category":[],"site-pages-parent-category":{"64":"ecommerce"},"required-plugins":[{"slug":"elementor","init":"elementor\/elementor.php","name":"Elementor"},{"slug":"header-footer-elementor","init":"header-footer-elementor\/header-footer-elementor.php","name":"Ultimate Addons for Elementor Lite"},{"slug":"woocommerce","init":"woocommerce\/woocommerce.php","name":"WooCommerce"},{"slug":"wpforms-lite","init":"wpforms-lite\/wpforms.php","name":"WPForms Lite"}]},"id-60281":{"title":"About","featured-image-url":"https:\/\/websitedemos.net\/wp-content\/uploads\/2022\/04\/book-store-04-about.jpg","thumbnail-image-url":"https:\/\/websitedemos.net\/wp-content\/uploads\/2022\/04\/book-store-04-about-600x1676.jpg","astra-page-api-url":"https:\/\/websitedemos.net\/book-store-04\/wp-json\/wp\/v2\/pages\/283","dynamic-page":"no","astra-page-url":"\/\/websitedemos.net\/book-store-04\/about\/","astra-sites-tag":{"352":"about","455":"about-us","1740":"books","2676":"bookstore"},"site-pages-type":"agency-mini","site-pages-page-builder":"elementor","site-pages-category":[],"site-pages-parent-category":{"64":"ecommerce"},"required-plugins":[{"slug":"elementor","init":"elementor\/elementor.php","name":"Elementor"},{"slug":"header-footer-elementor","init":"header-footer-elementor\/header-footer-elementor.php","name":"Ultimate Addons for Elementor Lite"},{"slug":"wpforms-lite","init":"wpforms-lite\/wpforms.php","name":"WPForms Lite"}]},"id-60282":{"title":"Contact","featured-image-url":"https:\/\/websitedemos.net\/wp-content\/uploads\/2022\/04\/book-store-04-contact.jpg","thumbnail-image-url":"https:\/\/websitedemos.net\/wp-content\/uploads\/2022\/04\/book-store-04-contact-600x1051.jpg","astra-page-api-url":"https:\/\/websitedemos.net\/book-store-04\/wp-json\/wp\/v2\/pages\/288","dynamic-page":"no","astra-page-url":"\/\/websitedemos.net\/book-store-04\/contact\/","astra-sites-tag":{"2676":"bookstore","415":"contact","454":"contact-us","2678":"reader-2"},"site-pages-type":"agency-mini","site-pages-page-builder":"elementor","site-pages-category":[],"site-pages-parent-category":{"64":"ecommerce"},"required-plugins":[{"slug":"elementor","init":"elementor\/elementor.php","name":"Elementor"},{"slug":"header-footer-elementor","init":"header-footer-elementor\/header-footer-elementor.php","name":"Ultimate Addons for Elementor Lite"},{"slug":"wpforms-lite","init":"wpforms-lite\/wpforms.php","name":"WPForms Lite"}]}},"related-bb-template":"","related-elementor-template":"","related-gutenberg-template":"","related_ecommerce_template":"","ecommerce_parent_template":""},"id-60212":{"title":"Charity","id":60212,"publish-date":1704285764,"featured-image-url":"https:\/\/websitedemos.net\/wp-content\/uploads\/2022\/04\/charity.jpg","thumbnail-image-url":"https:\/\/websitedemos.net\/wp-content\/uploads\/2022\/04\/charity-600x1537.jpg","fullpage-thumbnail-image-url":"https:\/\/websitedemos.net\/wp-content\/uploads\/2022\/04\/charity-400x1024.jpg","astra-site-url":"\/\/websitedemos.net\/charity-01","astra-site-parent-id":2664,"astra-sites-tag":{"625":"charity","624":"foundation","626":"giving","977":"non-profit","745":"organization"},"astra-sites-type":"free","astra-site-category":{"39":"free","36":"other"},"astra-sites-template-category":[],"astra-site-page-builder":"beaver-builder","categories":{"2492":"non-profit"},"required-plugins":[{"slug":"beaver-builder-lite-version","init":"beaver-builder-lite-version\/fl-builder.php","name":"Beaver Builder Plugin (Lite Version)"},{"slug":"ultimate-addons-for-beaver-builder-lite","init":"ultimate-addons-for-beaver-builder-lite\/bb-ultimate-addon.php","name":"Ultimate Addons for Beaver Builder - Lite"},{"slug":"give","init":"give\/give.php","name":"Give - Donation Plugin"},{"slug":"wpforms-lite","init":"wpforms-lite\/wpforms.php","name":"WPForms Lite"}],"post-status":"publish","post-content":"","post-excerpt":"","pages":{"id-60215":{"title":"Home","featured-image-url":"https:\/\/websitedemos.net\/wp-content\/uploads\/2022\/04\/charity.jpg","thumbnail-image-url":"https:\/\/websitedemos.net\/wp-content\/uploads\/2022\/04\/charity-600x1537.jpg","astra-page-api-url":"https:\/\/websitedemos.net\/charity-01\/wp-json\/wp\/v2\/pages\/3607","dynamic-page":"no","astra-page-url":"\/\/websitedemos.net\/charity-01\/","astra-sites-tag":[],"site-pages-type":"free","site-pages-page-builder":"beaver-builder","site-pages-category":[],"site-pages-parent-category":{"61":"free","139":"other"},"required-plugins":[{"slug":"beaver-builder-lite-version","init":"beaver-builder-lite-version\/fl-builder.php","name":"Beaver Builder Plugin (Lite Version)"},{"slug":"ultimate-addons-for-beaver-builder-lite","init":"ultimate-addons-for-beaver-builder-lite\/bb-ultimate-addon.php","name":"Ultimate Addons for Beaver Builder - Lite"}]},"id-60218":{"title":"Who We Are","featured-image-url":"https:\/\/websitedemos.net\/wp-content\/uploads\/2022\/04\/charity-who-are-we.jpg","thumbnail-image-url":"https:\/\/websitedemos.net\/wp-content\/uploads\/2022\/04\/charity-who-are-we-600x1100.jpg","astra-page-api-url":"https:\/\/websitedemos.net\/charity-01\/wp-json\/wp\/v2\/pages\/3608","dynamic-page":"no","astra-page-url":"\/\/websitedemos.net\/charity-01\/who-we-are\/","astra-sites-tag":{"352":"about","455":"about-us"},"site-pages-type":"free","site-pages-page-builder":"beaver-builder","site-pages-category":[],"site-pages-parent-category":{"61":"free","139":"other"},"required-plugins":[{"slug":"beaver-builder-lite-version","init":"beaver-builder-lite-version\/fl-builder.php","name":"Beaver Builder Plugin (Lite Version)"},{"slug":"ultimate-addons-for-beaver-builder-lite","init":"ultimate-addons-for-beaver-builder-lite\/bb-ultimate-addon.php","name":"Ultimate Addons for Beaver Builder - Lite"}]},"id-60217":{"title":"What We Do","featured-image-url":"https:\/\/websitedemos.net\/wp-content\/uploads\/2022\/04\/charity-what-we-do.jpg","thumbnail-image-url":"https:\/\/websitedemos.net\/wp-content\/uploads\/2022\/04\/charity-what-we-do-600x1144.jpg","astra-page-api-url":"https:\/\/websitedemos.net\/charity-01\/wp-json\/wp\/v2\/pages\/3609","dynamic-page":"no","astra-page-url":"\/\/websitedemos.net\/charity-01\/what-we-do\/","astra-sites-tag":[],"site-pages-type":"free","site-pages-page-builder":"beaver-builder","site-pages-category":[],"site-pages-parent-category":{"61":"free","139":"other"},"required-plugins":[{"slug":"beaver-builder-lite-version","init":"beaver-builder-lite-version\/fl-builder.php","name":"Beaver Builder Plugin (Lite Version)"},{"slug":"ultimate-addons-for-beaver-builder-lite","init":"ultimate-addons-for-beaver-builder-lite\/bb-ultimate-addon.php","name":"Ultimate Addons for Beaver Builder - Lite"}]},"id-60214":{"title":"Donate","featured-image-url":"https:\/\/websitedemos.net\/wp-content\/uploads\/2022\/04\/charity-donate.jpg","thumbnail-image-url":"https:\/\/websitedemos.net\/wp-content\/uploads\/2022\/04\/charity-donate-600x362.jpg","astra-page-api-url":"https:\/\/websitedemos.net\/charity-01\/wp-json\/wp\/v2\/pages\/3612","dynamic-page":"yes","astra-page-url":"\/\/websitedemos.net\/charity-01\/donate\/","astra-sites-tag":[],"site-pages-type":"free","site-pages-page-builder":"beaver-builder","site-pages-category":[],"site-pages-parent-category":{"61":"free","139":"other"},"required-plugins":[{"slug":"beaver-builder-lite-version","init":"beaver-builder-lite-version\/fl-builder.php","name":"Beaver Builder Plugin (Lite Version)"},{"slug":"give","init":"give\/give.php","name":"Give - Donation Plugin"},{"slug":"ultimate-addons-for-beaver-builder-lite","init":"ultimate-addons-for-beaver-builder-lite\/bb-ultimate-addon.php","name":"Ultimate Addons for Beaver Builder - Lite"}]},"id-60216":{"title":"Our Partners","featured-image-url":"https:\/\/websitedemos.net\/wp-content\/uploads\/2022\/04\/charity-our-partners.jpg","thumbnail-image-url":"https:\/\/websitedemos.net\/wp-content\/uploads\/2022\/04\/charity-our-partners-600x867.jpg","astra-page-api-url":"https:\/\/websitedemos.net\/charity-01\/wp-json\/wp\/v2\/pages\/3610","dynamic-page":"no","astra-page-url":"\/\/websitedemos.net\/charity-01\/our-partners\/","astra-sites-tag":[],"site-pages-type":"free","site-pages-page-builder":"beaver-builder","site-pages-category":[],"site-pages-parent-category":{"61":"free","139":"other"},"required-plugins":[{"slug":"beaver-builder-lite-version","init":"beaver-builder-lite-version\/fl-builder.php","name":"Beaver Builder Plugin (Lite Version)"},{"slug":"ultimate-addons-for-beaver-builder-lite","init":"ultimate-addons-for-beaver-builder-lite\/bb-ultimate-addon.php","name":"Ultimate Addons for Beaver Builder - Lite"}]},"id-60213":{"title":"Contact Us","featured-image-url":"https:\/\/websitedemos.net\/wp-content\/uploads\/2022\/04\/charity-contact.jpg","thumbnail-image-url":"https:\/\/websitedemos.net\/wp-content\/uploads\/2022\/04\/charity-contact-600x677.jpg","astra-page-api-url":"https:\/\/websitedemos.net\/charity-01\/wp-json\/wp\/v2\/pages\/3611","dynamic-page":"no","astra-page-url":"\/\/websitedemos.net\/charity-01\/contact-us\/","astra-sites-tag":{"415":"contact"},"site-pages-type":"free","site-pages-page-builder":"beaver-builder","site-pages-category":[],"site-pages-parent-category":{"61":"free","139":"other"},"required-plugins":[{"slug":"beaver-builder-lite-version","init":"beaver-builder-lite-version\/fl-builder.php","name":"Beaver Builder Plugin (Lite Version)"},{"slug":"ultimate-addons-for-beaver-builder-lite","init":"ultimate-addons-for-beaver-builder-lite\/bb-ultimate-addon.php","name":"Ultimate Addons for Beaver Builder - Lite"}]}},"related-bb-template":"","related-elementor-template":"","related-gutenberg-template":"","related_ecommerce_template":"","ecommerce_parent_template":""},"id-59816":{"title":"Animal Welfare","id":59816,"publish-date":1704285764,"featured-image-url":"https:\/\/websitedemos.net\/wp-content\/uploads\/2022\/03\/animal-welfare-01.jpg","thumbnail-image-url":"https:\/\/websitedemos.net\/wp-content\/uploads\/2022\/03\/animal-welfare-01-600x2367.jpg","fullpage-thumbnail-image-url":"https:\/\/websitedemos.net\/wp-content\/uploads\/2022\/03\/animal-welfare-01-400x1578.jpg","astra-site-url":"\/\/websitedemos.net\/animal-welfare-01","astra-site-parent-id":2659,"astra-sites-tag":{"625":"charity","735":"donate","1013":"donation","624":"foundation","1482":"givewp","745":"organization","1012":"welfare"},"astra-sites-type":"free","astra-site-category":{"39":"free","36":"other"},"astra-sites-template-category":[],"astra-site-page-builder":"beaver-builder","categories":{"2492":"non-profit"},"required-plugins":[{"slug":"beaver-builder-lite-version","init":"beaver-builder-lite-version\/fl-builder.php","name":"Beaver Builder Plugin (Lite Version)"},{"slug":"give","init":"give\/give.php","name":"Give - Donation Plugin"},{"slug":"ultimate-addons-for-beaver-builder-lite","init":"ultimate-addons-for-beaver-builder-lite\/bb-ultimate-addon.php","name":"Ultimate Addons for Beaver Builder - Lite"},{"slug":"wpforms-lite","init":"wpforms-lite\/wpforms.php","name":"WPForms Lite"}],"post-status":"publish","post-content":"","post-excerpt":"","pages":{"id-59819":{"title":"Home","featured-image-url":"https:\/\/websitedemos.net\/wp-content\/uploads\/2022\/03\/animal-welfare-01.jpg","thumbnail-image-url":"https:\/\/websitedemos.net\/wp-content\/uploads\/2022\/03\/animal-welfare-01-600x2367.jpg","astra-page-api-url":"https:\/\/websitedemos.net\/animal-welfare-01\/wp-json\/wp\/v2\/pages\/1584","dynamic-page":"no","astra-page-url":"\/\/websitedemos.net\/animal-welfare-01\/","astra-sites-tag":[],"site-pages-type":"free","site-pages-page-builder":"beaver-builder","site-pages-category":[],"site-pages-parent-category":{"61":"free","139":"other"},"required-plugins":[{"slug":"beaver-builder-lite-version","init":"beaver-builder-lite-version\/fl-builder.php","name":"Beaver Builder Plugin (Lite Version)"},{"slug":"ultimate-addons-for-beaver-builder-lite","init":"ultimate-addons-for-beaver-builder-lite\/bb-ultimate-addon.php","name":"Ultimate Addons for Beaver Builder - Lite"}]},"id-59817":{"title":"About","featured-image-url":"https:\/\/websitedemos.net\/wp-content\/uploads\/2022\/03\/animal-welfare-01-about.jpg","thumbnail-image-url":"https:\/\/websitedemos.net\/wp-content\/uploads\/2022\/03\/animal-welfare-01-about-600x1484.jpg","astra-page-api-url":"https:\/\/websitedemos.net\/animal-welfare-01\/wp-json\/wp\/v2\/pages\/1585","dynamic-page":"no","astra-page-url":"\/\/websitedemos.net\/animal-welfare-01\/about\/","astra-sites-tag":[],"site-pages-type":"free","site-pages-page-builder":"beaver-builder","site-pages-category":[],"site-pages-parent-category":{"61":"free","139":"other"},"required-plugins":[{"slug":"beaver-builder-lite-version","init":"beaver-builder-lite-version\/fl-builder.php","name":"Beaver Builder Plugin (Lite Version)"},{"slug":"ultimate-addons-for-beaver-builder-lite","init":"ultimate-addons-for-beaver-builder-lite\/bb-ultimate-addon.php","name":"Ultimate Addons for Beaver Builder - Lite"}]},"id-59820":{"title":"See All Campaigns","featured-image-url":"https:\/\/websitedemos.net\/wp-content\/uploads\/2022\/03\/animal-welfare-01-campaigns.jpg","thumbnail-image-url":"https:\/\/websitedemos.net\/wp-content\/uploads\/2022\/03\/animal-welfare-01-campaigns-600x1515.jpg","astra-page-api-url":"https:\/\/websitedemos.net\/animal-welfare-01\/wp-json\/wp\/v2\/pages\/1586","dynamic-page":"yes","astra-page-url":"\/\/websitedemos.net\/animal-welfare-01\/see-all-campaigns\/","astra-sites-tag":[],"site-pages-type":"free","site-pages-page-builder":"beaver-builder","site-pages-category":[],"site-pages-parent-category":{"61":"free","139":"other"},"required-plugins":[{"slug":"beaver-builder-lite-version","init":"beaver-builder-lite-version\/fl-builder.php","name":"Beaver Builder Plugin (Lite Version)"},{"slug":"give","init":"give\/give.php","name":"Give - Donation Plugin"},{"slug":"ultimate-addons-for-beaver-builder-lite","init":"ultimate-addons-for-beaver-builder-lite\/bb-ultimate-addon.php","name":"Ultimate Addons for Beaver Builder - Lite"}]},"id-59821":{"title":"Star Contributors","featured-image-url":"https:\/\/websitedemos.net\/wp-content\/uploads\/2022\/03\/animal-welfare-01-contributors.jpg","thumbnail-image-url":"https:\/\/websitedemos.net\/wp-content\/uploads\/2022\/03\/animal-welfare-01-contributors-600x1238.jpg","astra-page-api-url":"https:\/\/websitedemos.net\/animal-welfare-01\/wp-json\/wp\/v2\/pages\/1587","dynamic-page":"yes","astra-page-url":"\/\/websitedemos.net\/animal-welfare-01\/star-contributors\/","astra-sites-tag":[],"site-pages-type":"free","site-pages-page-builder":"beaver-builder","site-pages-category":[],"site-pages-parent-category":{"61":"free","139":"other"},"required-plugins":[{"slug":"beaver-builder-lite-version","init":"beaver-builder-lite-version\/fl-builder.php","name":"Beaver Builder Plugin (Lite Version)"},{"slug":"give","init":"give\/give.php","name":"Give - Donation Plugin"},{"slug":"ultimate-addons-for-beaver-builder-lite","init":"ultimate-addons-for-beaver-builder-lite\/bb-ultimate-addon.php","name":"Ultimate Addons for Beaver Builder - Lite"}]},"id-59818":{"title":"Contact","featured-image-url":"https:\/\/websitedemos.net\/wp-content\/uploads\/2022\/03\/animal-welfare-01-contact.jpg","thumbnail-image-url":"https:\/\/websitedemos.net\/wp-content\/uploads\/2022\/03\/animal-welfare-01-contact-600x1130.jpg","astra-page-api-url":"https:\/\/websitedemos.net\/animal-welfare-01\/wp-json\/wp\/v2\/pages\/1588","dynamic-page":"no","astra-page-url":"\/\/websitedemos.net\/animal-welfare-01\/contact\/","astra-sites-tag":[],"site-pages-type":"free","site-pages-page-builder":"beaver-builder","site-pages-category":[],"site-pages-parent-category":{"61":"free","139":"other"},"required-plugins":[{"slug":"beaver-builder-lite-version","init":"beaver-builder-lite-version\/fl-builder.php","name":"Beaver Builder Plugin (Lite Version)"},{"slug":"ultimate-addons-for-beaver-builder-lite","init":"ultimate-addons-for-beaver-builder-lite\/bb-ultimate-addon.php","name":"Ultimate Addons for Beaver Builder - Lite"},{"slug":"wpforms-lite","init":"wpforms-lite\/wpforms.php","name":"WPForms Lite"}]}},"related-bb-template":"","related-elementor-template":"","related-gutenberg-template":"","related_ecommerce_template":"","ecommerce_parent_template":""},"id-59486":{"title":"Party Planner","id":59486,"publish-date":1699970134,"featured-image-url":"https:\/\/websitedemos.net\/wp-content\/uploads\/2022\/02\/party-planner-02.jpg","thumbnail-image-url":"https:\/\/websitedemos.net\/wp-content\/uploads\/2022\/02\/party-planner-02.jpg","fullpage-thumbnail-image-url":"https:\/\/websitedemos.net\/wp-content\/uploads\/2022\/02\/party-planner-02.jpg","astra-site-url":"\/\/websitedemos.net\/party-planner-02","astra-site-parent-id":2623,"astra-sites-tag":{"2633":"celebration-planner","3416":"elementor","2630":"event-coordinator","2632":"event-facilitator","2631":"event-manager","2635":"party","2634":"party-organizer","902":"party-planner"},"astra-sites-type":"free","astra-site-category":{"27":"business","39":"free"},"astra-sites-template-category":{"2784":"event","2863":"landing-page","2781":"music","2771":"one-page"},"astra-site-page-builder":"elementor","categories":{"2486":"art-music","3427":"default","2489":"event-invitation","3428":"free"},"required-plugins":[{"slug":"elementor","init":"elementor\/elementor.php","name":"Elementor"},{"slug":"header-footer-elementor","init":"header-footer-elementor\/header-footer-elementor.php","name":"Ultimate Addons for Elementor Lite"}],"post-status":"publish","post-content":"<!-- wp:paragraph -->\n<p>Step into the world of seamless celebrations with our Party Planner website template. Crafted with stylish design ideal for the niche, this template sets the stage for unforgettable events, ideal for startups, small events businesses or party planners.<\/p>\n<!-- \/wp:paragraph -->\n\n<!-- wp:paragraph -->\n<p>The professional-quality design adds a touch of elegance to your online presence, making your party planning services stand out. Elevate your business with ease and let the festivities begin with our exquisite template!<\/p>\n<!-- \/wp:paragraph -->\n\n<!-- wp:heading -->\n<h2 class=\"wp-block-heading\">Key Features of the Part Planner Template:<\/h2>\n<!-- \/wp:heading -->\n\n<!-- wp:list -->\n<ul><!-- wp:list-item -->\n<li>Stylish design ideal for events and party planners<\/li>\n<!-- \/wp:list-item -->\n\n<!-- wp:list-item -->\n<li>Infinitely customizable using built-in tools<\/li>\n<!-- \/wp:list-item -->\n\n<!-- wp:list-item -->\n<li>Easy to use and requires no existing skills<\/li>\n<!-- \/wp:list-item -->\n\n<!-- wp:list-item -->\n<li>Fully responsive and SEO friendly<\/li>\n<!-- \/wp:list-item -->\n\n<!-- wp:list-item -->\n<li>Full compatibility with leading page builders<\/li>\n<!-- \/wp:list-item --><\/ul>\n<!-- \/wp:list -->","post-excerpt":"Elevate your party planning with our stylish website template. ","pages":{"id-59487":{"title":"Home","featured-image-url":"https:\/\/websitedemos.net\/wp-content\/uploads\/2022\/02\/party-planner-02.jpg","thumbnail-image-url":"https:\/\/websitedemos.net\/wp-content\/uploads\/2022\/02\/party-planner-02.jpg","astra-page-api-url":"https:\/\/websitedemos.net\/party-planner-02\/wp-json\/wp\/v2\/pages\/10","dynamic-page":"no","astra-page-url":"\/\/websitedemos.net\/party-planner-02\/","astra-sites-tag":{"423":"home"},"site-pages-type":"free","site-pages-page-builder":"elementor","site-pages-category":[],"site-pages-parent-category":{"60":"business","61":"free"},"required-plugins":[{"slug":"elementor","init":"elementor\/elementor.php","name":"Elementor"},{"slug":"header-footer-elementor","init":"header-footer-elementor\/header-footer-elementor.php","name":"Ultimate Addons for Elementor Lite"}]}},"related-bb-template":"","related-elementor-template":59486,"related-gutenberg-template":68320,"related_ecommerce_template":"","ecommerce_parent_template":""},"id-93068":{"title":"Real Estate Company","id":93068,"publish-date":1727810789,"featured-image-url":"https:\/\/websitedemos.net\/wp-content\/uploads\/2024\/10\/real-estate-companys-04.jpg","thumbnail-image-url":"https:\/\/websitedemos.net\/wp-content\/uploads\/2024\/10\/real-estate-companys-04-600x1834.jpg","fullpage-thumbnail-image-url":"https:\/\/websitedemos.net\/wp-content\/uploads\/2024\/10\/real-estate-companys-04-400x1222.jpg","astra-site-url":"\/\/websitedemos.net\/real-estate-company-04","astra-site-parent-id":3627,"astra-sites-tag":{"2311":"construction-agency","2088":"construction-company","2313":"property-rentals","2310":"real-estate-agency","2535":"real-estate-consultant","2314":"real-estate-developers"},"astra-sites-type":"premium","astra-site-category":{"27":"business"},"astra-sites-template-category":{"2777":"business","2794":"consulting","2832":"property","2778":"real-estate"},"astra-site-page-builder":"elementor","categories":{"2483":"expert-services","2484":"real-estate"},"required-plugins":[{"slug":"elementor","init":"elementor\/elementor.php","name":"Elementor"},{"slug":"ultimate-elementor","init":"ultimate-elementor\/ultimate-elementor.php","name":"Ultimate Addons for Elementor"},{"slug":"wpforms-lite","init":"wpforms-lite\/wpforms.php","name":"WPForms Lite"}],"post-status":"publish","post-content":"<!-- wp:paragraph -->\n<p>The Real Estate Company template has been designed to portray the image of a lifestyle, just like the real estate industry. It\u2019s professional, elegant and maximizes space for property listings. It\u2019s everything we look for in a design for an aspirational niche like property.<\/p>\n<!-- \/wp:paragraph -->\n\n<!-- wp:paragraph -->\n<p>The design includes service sections, a property search function, featured property elements, contact form and more. Everything you see on the page evokes a feeling of luxury and can be customized to suit your exact needs using built-in tools.<\/p>\n<!-- \/wp:paragraph -->\n\n<!-- wp:heading -->\n<h2 class=\"wp-block-heading\">Key features of the Real Estate Company template<\/h2>\n<!-- \/wp:heading -->\n\n<!-- wp:list -->\n<ul class=\"wp-block-list\"><!-- wp:list-item -->\n<li>Elegant template with a touch of luxury<\/li>\n<!-- \/wp:list-item -->\n\n<!-- wp:list-item -->\n<li>Includes essential elements for the real estate industry<\/li>\n<!-- \/wp:list-item -->\n\n<!-- wp:list-item -->\n<li>Can be installed in seconds and customized in minutes<\/li>\n<!-- \/wp:list-item -->\n\n<!-- wp:list-item -->\n<li>SEO friendly and fully responsive<\/li>\n<!-- \/wp:list-item -->\n\n<!-- wp:list-item -->\n<li>Full compatibility with leading page builders<\/li>\n<!-- \/wp:list-item --><\/ul>\n<!-- \/wp:list -->","post-excerpt":"The Real Estate Company template is ideal for property agencies, realtors, and real estate firms.","pages":{"id-93073":{"title":"Services","featured-image-url":"https:\/\/websitedemos.net\/wp-content\/uploads\/2024\/10\/real-estate-companys-04-services.jpg","thumbnail-image-url":"https:\/\/websitedemos.net\/wp-content\/uploads\/2024\/10\/real-estate-companys-04-services-600x1815.jpg","astra-page-api-url":"https:\/\/websitedemos.net\/real-estate-company-04\/wp-json\/wp\/v2\/pages\/11","dynamic-page":"no","astra-page-url":"\/\/websitedemos.net\/real-estate-company-04\/services\/","astra-sites-tag":[],"site-pages-type":"premium","site-pages-page-builder":"elementor","site-pages-category":[],"site-pages-parent-category":{"60":"business"},"required-plugins":[{"slug":"elementor","init":"elementor\/elementor.php","name":"Elementor"},{"slug":"ultimate-elementor","init":"ultimate-elementor\/ultimate-elementor.php","name":"Ultimate Addons for Elementor"},{"slug":"wpforms-lite","init":"wpforms-lite\/wpforms.php","name":"WPForms Lite"}]},"id-93069":{"title":"About","featured-image-url":"https:\/\/websitedemos.net\/wp-content\/uploads\/2024\/10\/real-estate-companys-04-about.jpg","thumbnail-image-url":"https:\/\/websitedemos.net\/wp-content\/uploads\/2024\/10\/real-estate-companys-04-about-600x1515.jpg","astra-page-api-url":"https:\/\/websitedemos.net\/real-estate-company-04\/wp-json\/wp\/v2\/pages\/13","dynamic-page":"no","astra-page-url":"\/\/websitedemos.net\/real-estate-company-04\/about\/","astra-sites-tag":{"352":"about"},"site-pages-type":"premium","site-pages-page-builder":"elementor","site-pages-category":[],"site-pages-parent-category":{"60":"business"},"required-plugins":[{"slug":"elementor","init":"elementor\/elementor.php","name":"Elementor"},{"slug":"ultimate-elementor","init":"ultimate-elementor\/ultimate-elementor.php","name":"Ultimate Addons for Elementor"},{"slug":"wpforms-lite","init":"wpforms-lite\/wpforms.php","name":"WPForms Lite"}]},"id-93071":{"title":"Home","featured-image-url":"https:\/\/websitedemos.net\/wp-content\/uploads\/2024\/10\/real-estate-companys-04.jpg","thumbnail-image-url":"https:\/\/websitedemos.net\/wp-content\/uploads\/2024\/10\/real-estate-companys-04-600x1834.jpg","astra-page-api-url":"https:\/\/websitedemos.net\/real-estate-company-04\/wp-json\/wp\/v2\/pages\/15","dynamic-page":"no","astra-page-url":"\/\/websitedemos.net\/real-estate-company-04\/","astra-sites-tag":{"423":"home"},"site-pages-type":"premium","site-pages-page-builder":"elementor","site-pages-category":[],"site-pages-parent-category":{"60":"business"},"required-plugins":[{"slug":"elementor","init":"elementor\/elementor.php","name":"Elementor"},{"slug":"ultimate-elementor","init":"ultimate-elementor\/ultimate-elementor.php","name":"Ultimate Addons for Elementor"},{"slug":"wpforms-lite","init":"wpforms-lite\/wpforms.php","name":"WPForms Lite"}]},"id-93072":{"title":"Properties","featured-image-url":"https:\/\/websitedemos.net\/wp-content\/uploads\/2024\/10\/real-estate-companys-04-properties.jpg","thumbnail-image-url":"https:\/\/websitedemos.net\/wp-content\/uploads\/2024\/10\/real-estate-companys-04-properties-600x1345.jpg","astra-page-api-url":"https:\/\/websitedemos.net\/real-estate-company-04\/wp-json\/wp\/v2\/pages\/9","dynamic-page":"no","astra-page-url":"\/\/websitedemos.net\/real-estate-company-04\/properties\/","astra-sites-tag":{"553":"properties"},"site-pages-type":"premium","site-pages-page-builder":"elementor","site-pages-category":[],"site-pages-parent-category":{"60":"business"},"required-plugins":[{"slug":"elementor","init":"elementor\/elementor.php","name":"Elementor"},{"slug":"ultimate-elementor","init":"ultimate-elementor\/ultimate-elementor.php","name":"Ultimate Addons for Elementor"},{"slug":"wpforms-lite","init":"wpforms-lite\/wpforms.php","name":"WPForms Lite"}]},"id-93070":{"title":"Contact","featured-image-url":"https:\/\/websitedemos.net\/wp-content\/uploads\/2024\/10\/real-estate-companys-04-contact.jpg","thumbnail-image-url":"https:\/\/websitedemos.net\/wp-content\/uploads\/2024\/10\/real-estate-companys-04-contact-600x932.jpg","astra-page-api-url":"https:\/\/websitedemos.net\/real-estate-company-04\/wp-json\/wp\/v2\/pages\/6","dynamic-page":"no","astra-page-url":"\/\/websitedemos.net\/real-estate-company-04\/contact\/","astra-sites-tag":{"415":"contact"},"site-pages-type":"premium","site-pages-page-builder":"elementor","site-pages-category":[],"site-pages-parent-category":{"60":"business"},"required-plugins":[{"slug":"elementor","init":"elementor\/elementor.php","name":"Elementor"},{"slug":"ultimate-elementor","init":"ultimate-elementor\/ultimate-elementor.php","name":"Ultimate Addons for Elementor"},{"slug":"wpforms-lite","init":"wpforms-lite\/wpforms.php","name":"WPForms Lite"}]}},"related-bb-template":"","related-elementor-template":93068,"related-gutenberg-template":75059,"related_ecommerce_template":"","ecommerce_parent_template":""},"id-59354":{"title":"Guitarist","id":59354,"publish-date":1644521472,"featured-image-url":"https:\/\/websitedemos.net\/wp-content\/uploads\/2022\/02\/guitarist-02-home.jpg","thumbnail-image-url":"https:\/\/websitedemos.net\/wp-content\/uploads\/2022\/02\/guitarist-02-home.jpg","fullpage-thumbnail-image-url":"https:\/\/websitedemos.net\/wp-content\/uploads\/2022\/02\/guitarist-02-home.jpg","astra-site-url":"\/\/websitedemos.net\/guitarist-02","astra-site-parent-id":2599,"astra-sites-tag":{"3416":"elementor","2612":"guitar-cello","2611":"guitar-player","2610":"guitarist","1571":"singer","1573":"vocalist"},"astra-sites-type":"free","astra-site-category":{"27":"business","39":"free"},"astra-sites-template-category":{"2802":"artist","2791":"creative","2869":"dj","2868":"musician-singer"},"astra-site-page-builder":"elementor","categories":{"2486":"art-music","3430":"dark","3427":"default","3428":"free","2488":"portfolio"},"required-plugins":[{"slug":"elementor","init":"elementor\/elementor.php","name":"Elementor"},{"slug":"wpforms-lite","init":"wpforms-lite\/wpforms.php","name":"WPForms Lite"}],"post-status":"publish","post-content":"<!-- wp:paragraph -->\n<p>The Guitarist template is an energetic music portfolio design ideal for singers, musicians, performers and other creatives. It helps tell your story with a cool black and white effect with bold contrast color.<\/p>\n<!-- \/wp:paragraph -->\n\n<!-- wp:paragraph -->\n<p>The template uses a fullscreen hero section to set the scene while unfolding to tell your story as you go down the page. There\u2019s space for skills, experience, awards, resume, services and event dates and tickets. It\u2019s one template that can do everything and we cannot recommend it enough.<\/p>\n<!-- \/wp:paragraph -->\n\n<!-- wp:heading -->\n<h2 class=\"wp-block-heading\">Key features of the Guitarist template<\/h2>\n<!-- \/wp:heading -->\n\n<!-- wp:list -->\n<ul class=\"wp-block-list\"><!-- wp:list-item -->\n<li>WordPress portfolio template for performers<\/li>\n<!-- \/wp:list-item -->\n\n<!-- wp:list-item -->\n<li>Bold design with characterful black and white imagery<\/li>\n<!-- \/wp:list-item -->\n\n<!-- wp:list-item -->\n<li>Tells your story as you go down the page<\/li>\n<!-- \/wp:list-item -->\n\n<!-- wp:list-item -->\n<li>SEO friendly and fully responsive<\/li>\n<!-- \/wp:list-item -->\n\n<!-- wp:list-item -->\n<li>Full compatibility with leading page builders<\/li>\n<!-- \/wp:list-item --><\/ul>\n<!-- \/wp:list -->","post-excerpt":"The Guitarist template is an energetic music portfolio design ideal for singers, musicians, performers and other creatives. It helps tell your story with a cool black and white effect with bold contrast color. The template uses a fullscreen hero section to set the scene while unfolding to tell your story as you go down the [&hellip;]","pages":{"id-59357":{"title":"Home","featured-image-url":"https:\/\/websitedemos.net\/wp-content\/uploads\/2022\/02\/guitarist-02-home.jpg","thumbnail-image-url":"https:\/\/websitedemos.net\/wp-content\/uploads\/2022\/02\/guitarist-02-home.jpg","astra-page-api-url":"https:\/\/websitedemos.net\/guitarist-02\/wp-json\/wp\/v2\/pages\/16","dynamic-page":"no","astra-page-url":"\/\/websitedemos.net\/guitarist-02\/","astra-sites-tag":{"423":"home"},"site-pages-type":"free","site-pages-page-builder":"elementor","site-pages-category":[],"site-pages-parent-category":{"60":"business","61":"free"},"required-plugins":[{"slug":"elementor","init":"elementor\/elementor.php","name":"Elementor"}]},"id-59355":{"title":"About","featured-image-url":"https:\/\/websitedemos.net\/wp-content\/uploads\/2022\/02\/guitarist-02-about.jpg","thumbnail-image-url":"https:\/\/websitedemos.net\/wp-content\/uploads\/2022\/02\/guitarist-02-about.jpg","astra-page-api-url":"https:\/\/websitedemos.net\/guitarist-02\/wp-json\/wp\/v2\/pages\/29","dynamic-page":"no","astra-page-url":"\/\/websitedemos.net\/guitarist-02\/about\/","astra-sites-tag":{"352":"about"},"site-pages-type":"free","site-pages-page-builder":"elementor","site-pages-category":[],"site-pages-parent-category":{"60":"business","61":"free"},"required-plugins":[{"slug":"elementor","init":"elementor\/elementor.php","name":"Elementor"}]},"id-59358":{"title":"Lessons","featured-image-url":"https:\/\/websitedemos.net\/wp-content\/uploads\/2022\/02\/guitarist-02-lessons.jpg","thumbnail-image-url":"https:\/\/websitedemos.net\/wp-content\/uploads\/2022\/02\/guitarist-02-lessons.jpg","astra-page-api-url":"https:\/\/websitedemos.net\/guitarist-02\/wp-json\/wp\/v2\/pages\/25","dynamic-page":"no","astra-page-url":"\/\/websitedemos.net\/guitarist-02\/lessons\/","astra-sites-tag":{"747":"lessons"},"site-pages-type":"free","site-pages-page-builder":"elementor","site-pages-category":[],"site-pages-parent-category":{"60":"business","61":"free"},"required-plugins":[{"slug":"elementor","init":"elementor\/elementor.php","name":"Elementor"}]},"id-59359":{"title":"Shows","featured-image-url":"https:\/\/websitedemos.net\/wp-content\/uploads\/2022\/02\/guitarist-02-shows.jpg","thumbnail-image-url":"https:\/\/websitedemos.net\/wp-content\/uploads\/2022\/02\/guitarist-02-shows.jpg","astra-page-api-url":"https:\/\/websitedemos.net\/guitarist-02\/wp-json\/wp\/v2\/pages\/27","dynamic-page":"no","astra-page-url":"\/\/websitedemos.net\/guitarist-02\/shows\/","astra-sites-tag":{"1568":"shows"},"site-pages-type":"free","site-pages-page-builder":"elementor","site-pages-category":[],"site-pages-parent-category":{"60":"business","61":"free"},"required-plugins":[{"slug":"elementor","init":"elementor\/elementor.php","name":"Elementor"}]},"id-59356":{"title":"Contact","featured-image-url":"https:\/\/websitedemos.net\/wp-content\/uploads\/2022\/02\/guitarist-02-contact.jpg","thumbnail-image-url":"https:\/\/websitedemos.net\/wp-content\/uploads\/2022\/02\/guitarist-02-contact.jpg","astra-page-api-url":"https:\/\/websitedemos.net\/guitarist-02\/wp-json\/wp\/v2\/pages\/31","dynamic-page":"no","astra-page-url":"\/\/websitedemos.net\/guitarist-02\/contact\/","astra-sites-tag":{"415":"contact"},"site-pages-type":"free","site-pages-page-builder":"elementor","site-pages-category":[],"site-pages-parent-category":{"60":"business","61":"free"},"required-plugins":[{"slug":"elementor","init":"elementor\/elementor.php","name":"Elementor"},{"slug":"wpforms-lite","init":"wpforms-lite\/wpforms.php","name":"WPForms Lite"}]}},"related-bb-template":"","related-elementor-template":59354,"related-gutenberg-template":59557,"related_ecommerce_template":"","ecommerce_parent_template":""}}