{"id-93472":{"title":"Christmas Store","id":93472,"publish-date":1731515975,"featured-image-url":"https:\/\/websitedemos.net\/wp-content\/uploads\/2024\/11\/christmas-store-07.jpg","thumbnail-image-url":"https:\/\/websitedemos.net\/wp-content\/uploads\/2024\/11\/christmas-store-07-600x1880.jpg","fullpage-thumbnail-image-url":"https:\/\/websitedemos.net\/wp-content\/uploads\/2024\/11\/christmas-store-07-400x1253.jpg","astra-site-url":"\/\/websitedemos.net\/christmas-store-07","astra-site-parent-id":3635,"astra-sites-tag":{"639":"accessories","3021":"christmas","3404":"christmas-shopping","3024":"christmasfun","3025":"christmasmood","3026":"christmasspirit","3023":"christmastime","3030":"christmasvibes","496":"ecommerce","1817":"ecommerce-store","733":"shop","2416":"shopping"},"astra-sites-type":"agency-mini","astra-site-category":{"38":"ecommerce"},"astra-sites-template-category":{"2769":"ecommerce","2784":"event"},"astra-site-page-builder":"gutenberg","categories":{"2495":"ecommerce","3429":"premium"},"required-plugins":[{"slug":"astra-addon","init":"astra-addon\/astra-addon.php","name":"Astra Pro"},{"slug":"ultimate-addons-for-gutenberg","init":"ultimate-addons-for-gutenberg\/ultimate-addons-for-gutenberg.php","name":"Spectra"},{"slug":"woocommerce","init":"woocommerce\/woocommerce.php","name":"WooCommerce"},{"slug":"woocommerce-payments","init":"woocommerce-payments\/woocommerce-payments.php","name":"WooPayments"},{"slug":"sureforms","init":"sureforms\/sureforms.php","name":"SureForms"}],"post-status":"publish","post-content":"","post-excerpt":"The Christmas Store template is perfect for holiday shops, seasonal gift stores, and festive decor retailers.","pages":{"id-93476":{"title":"Contact","featured-image-url":"https:\/\/websitedemos.net\/wp-content\/uploads\/2024\/11\/christmas-store-07-contact.jpg","thumbnail-image-url":"https:\/\/websitedemos.net\/wp-content\/uploads\/2024\/11\/christmas-store-07-contact-600x653.jpg","astra-page-api-url":"https:\/\/websitedemos.net\/christmas-store-07\/wp-json\/wp\/v2\/pages\/144","dynamic-page":"no","astra-page-url":"\/\/websitedemos.net\/christmas-store-07\/contact\/","astra-sites-tag":{"415":"contact"},"site-pages-type":"agency-mini","site-pages-page-builder":"gutenberg","site-pages-category":[],"site-pages-parent-category":{"64":"ecommerce"},"required-plugins":[{"slug":"astra-addon","init":"astra-addon\/astra-addon.php","name":"Astra Pro"},{"slug":"ultimate-addons-for-gutenberg","init":"ultimate-addons-for-gutenberg\/ultimate-addons-for-gutenberg.php","name":"Spectra"},{"slug":"sureforms","init":"sureforms\/sureforms.php","name":"SureForms"}]},"id-93477":{"title":"Home","featured-image-url":"https:\/\/websitedemos.net\/wp-content\/uploads\/2024\/11\/christmas-store-07.jpg","thumbnail-image-url":"https:\/\/websitedemos.net\/wp-content\/uploads\/2024\/11\/christmas-store-07-600x1880.jpg","astra-page-api-url":"https:\/\/websitedemos.net\/christmas-store-07\/wp-json\/wp\/v2\/pages\/139","dynamic-page":"yes","astra-page-url":"\/\/websitedemos.net\/christmas-store-07\/","astra-sites-tag":{"423":"home"},"site-pages-type":"agency-mini","site-pages-page-builder":"gutenberg","site-pages-category":[],"site-pages-parent-category":{"64":"ecommerce"},"required-plugins":[{"slug":"astra-addon","init":"astra-addon\/astra-addon.php","name":"Astra Pro"},{"slug":"ultimate-addons-for-gutenberg","init":"ultimate-addons-for-gutenberg\/ultimate-addons-for-gutenberg.php","name":"Spectra"},{"slug":"woocommerce","init":"woocommerce\/woocommerce.php","name":"WooCommerce"},{"slug":"woocommerce-payments","init":"woocommerce-payments\/woocommerce-payments.php","name":"WooPayments"}]},"id-93473":{"title":"About","featured-image-url":"https:\/\/websitedemos.net\/wp-content\/uploads\/2024\/11\/christmas-store-07-about.jpg","thumbnail-image-url":"https:\/\/websitedemos.net\/wp-content\/uploads\/2024\/11\/christmas-store-07-about-600x1313.jpg","astra-page-api-url":"https:\/\/websitedemos.net\/christmas-store-07\/wp-json\/wp\/v2\/pages\/142","dynamic-page":"no","astra-page-url":"\/\/websitedemos.net\/christmas-store-07\/about\/","astra-sites-tag":{"352":"about"},"site-pages-type":"agency-mini","site-pages-page-builder":"gutenberg","site-pages-category":[],"site-pages-parent-category":{"64":"ecommerce"},"required-plugins":[{"slug":"astra-addon","init":"astra-addon\/astra-addon.php","name":"Astra Pro"},{"slug":"ultimate-addons-for-gutenberg","init":"ultimate-addons-for-gutenberg\/ultimate-addons-for-gutenberg.php","name":"Spectra"}]}},"related-bb-template":"","related-elementor-template":"","related-gutenberg-template":"","related_ecommerce_template":"","ecommerce_parent_template":""},"id-93424":{"title":"Christmas Shop","id":93424,"publish-date":1730389233,"featured-image-url":"https:\/\/websitedemos.net\/wp-content\/uploads\/2024\/10\/christmas-shop-07.jpg","thumbnail-image-url":"https:\/\/websitedemos.net\/wp-content\/uploads\/2024\/10\/christmas-shop-07-600x2425.jpg","fullpage-thumbnail-image-url":"https:\/\/websitedemos.net\/wp-content\/uploads\/2024\/10\/christmas-shop-07-400x1617.jpg","astra-site-url":"\/\/websitedemos.net\/christmas-shop-07","astra-site-parent-id":3634,"astra-sites-tag":{"639":"accessories","3021":"christmas","3404":"christmas-shopping","3024":"christmasfun","3025":"christmasmood","3026":"christmasspirit","3023":"christmastime","3030":"christmasvibes","2697":"clothes","496":"ecommerce","733":"shop","2416":"shopping"},"astra-sites-type":"agency-mini","astra-site-category":{"38":"ecommerce"},"astra-sites-template-category":{"2769":"ecommerce","2784":"event"},"astra-site-page-builder":"gutenberg","categories":{"2495":"ecommerce","3429":"premium"},"required-plugins":[{"slug":"astra-addon","init":"astra-addon\/astra-addon.php","name":"Astra Pro"},{"slug":"ultimate-addons-for-gutenberg","init":"ultimate-addons-for-gutenberg\/ultimate-addons-for-gutenberg.php","name":"Spectra"},{"slug":"woocommerce","init":"woocommerce\/woocommerce.php","name":"WooCommerce"},{"slug":"woocommerce-payments","init":"woocommerce-payments\/woocommerce-payments.php","name":"WooPayments"},{"slug":"sureforms","init":"sureforms\/sureforms.php","name":"SureForms"}],"post-status":"publish","post-content":"","post-excerpt":"","pages":{"id-93425":{"title":"About","featured-image-url":"https:\/\/websitedemos.net\/wp-content\/uploads\/2024\/10\/christmas-shop-07-about.jpg","thumbnail-image-url":"https:\/\/websitedemos.net\/wp-content\/uploads\/2024\/10\/christmas-shop-07-about-600x1405.jpg","astra-page-api-url":"https:\/\/websitedemos.net\/christmas-shop-07\/wp-json\/wp\/v2\/pages\/1699","dynamic-page":"no","astra-page-url":"\/\/websitedemos.net\/christmas-shop-07\/about\/","astra-sites-tag":{"352":"about"},"site-pages-type":"agency-mini","site-pages-page-builder":"gutenberg","site-pages-category":[],"site-pages-parent-category":{"64":"ecommerce"},"required-plugins":[{"slug":"astra-addon","init":"astra-addon\/astra-addon.php","name":"Astra Pro"},{"slug":"ultimate-addons-for-gutenberg","init":"ultimate-addons-for-gutenberg\/ultimate-addons-for-gutenberg.php","name":"Spectra"}]},"id-93426":{"title":"Contact","featured-image-url":"https:\/\/websitedemos.net\/wp-content\/uploads\/2024\/10\/christmas-shop-07-contact.jpg","thumbnail-image-url":"https:\/\/websitedemos.net\/wp-content\/uploads\/2024\/10\/christmas-shop-07-contact-600x772.jpg","astra-page-api-url":"https:\/\/websitedemos.net\/christmas-shop-07\/wp-json\/wp\/v2\/pages\/1701","dynamic-page":"no","astra-page-url":"\/\/websitedemos.net\/christmas-shop-07\/contact\/","astra-sites-tag":{"415":"contact"},"site-pages-type":"agency-mini","site-pages-page-builder":"gutenberg","site-pages-category":[],"site-pages-parent-category":{"64":"ecommerce"},"required-plugins":[{"slug":"astra-addon","init":"astra-addon\/astra-addon.php","name":"Astra Pro"},{"slug":"ultimate-addons-for-gutenberg","init":"ultimate-addons-for-gutenberg\/ultimate-addons-for-gutenberg.php","name":"Spectra"},{"slug":"sureforms","init":"sureforms\/sureforms.php","name":"SureForms"}]},"id-93427":{"title":"Home","featured-image-url":"https:\/\/websitedemos.net\/wp-content\/uploads\/2024\/10\/christmas-shop-07.jpg","thumbnail-image-url":"https:\/\/websitedemos.net\/wp-content\/uploads\/2024\/10\/christmas-shop-07-600x2425.jpg","astra-page-api-url":"https:\/\/websitedemos.net\/christmas-shop-07\/wp-json\/wp\/v2\/pages\/1696","dynamic-page":"yes","astra-page-url":"\/\/websitedemos.net\/christmas-shop-07\/","astra-sites-tag":{"423":"home"},"site-pages-type":"agency-mini","site-pages-page-builder":"gutenberg","site-pages-category":[],"site-pages-parent-category":{"64":"ecommerce"},"required-plugins":[{"slug":"astra-addon","init":"astra-addon\/astra-addon.php","name":"Astra Pro"},{"slug":"ultimate-addons-for-gutenberg","init":"ultimate-addons-for-gutenberg\/ultimate-addons-for-gutenberg.php","name":"Spectra"},{"slug":"woocommerce","init":"woocommerce\/woocommerce.php","name":"WooCommerce"},{"slug":"woocommerce-payments","init":"woocommerce-payments\/woocommerce-payments.php","name":"WooPayments"}]}},"related-bb-template":"","related-elementor-template":"","related-gutenberg-template":"","related_ecommerce_template":85107,"ecommerce_parent_template":""},"id-93616":{"title":"Eggcellent Restaurant","id":93616,"publish-date":1732817639,"featured-image-url":"https:\/\/websitedemos.net\/wp-content\/uploads\/2024\/11\/eggcellent-restaurant-07.jpg","thumbnail-image-url":"https:\/\/websitedemos.net\/wp-content\/uploads\/2024\/11\/eggcellent-restaurant-07-600x1948.jpg","fullpage-thumbnail-image-url":"https:\/\/websitedemos.net\/wp-content\/uploads\/2024\/11\/eggcellent-restaurant-07-400x1299.jpg","astra-site-url":"\/\/websitedemos.net\/eggcellent-restaurant-07","astra-site-parent-id":3640,"astra-sites-tag":{"496":"ecommerce","3142":"egg","3143":"egg-restaurant","2013":"fast-food-restaurant","336":"food","2173":"food-drinks","2067":"food-and-restaurant","1579":"food-menu","2069":"non-vegetarian-restaurant","335":"restaurant"},"astra-sites-type":"agency-mini","astra-site-category":{"27":"business"},"astra-sites-template-category":{"2777":"business","2785":"food","2776":"restaurant"},"astra-site-page-builder":"gutenberg","categories":{"3427":"default","3429":"premium","2496":"restaurant-food"},"required-plugins":[{"slug":"ultimate-addons-for-gutenberg","init":"ultimate-addons-for-gutenberg\/ultimate-addons-for-gutenberg.php","name":"Spectra"},{"slug":"sureforms","init":"sureforms\/sureforms.php","name":"SureForms"}],"post-status":"publish","post-content":"","post-excerpt":"The Eggs Restaurant template is a complete eatery website all ready to serve","pages":{"id-93620":{"title":"Menu","featured-image-url":"https:\/\/websitedemos.net\/wp-content\/uploads\/2024\/11\/eggcellent-restaurant-07-menu.jpg","thumbnail-image-url":"https:\/\/websitedemos.net\/wp-content\/uploads\/2024\/11\/eggcellent-restaurant-07-menu-600x1056.jpg","astra-page-api-url":"https:\/\/websitedemos.net\/eggcellent-restaurant-07\/wp-json\/wp\/v2\/pages\/426","dynamic-page":"no","astra-page-url":"\/\/websitedemos.net\/eggcellent-restaurant-07\/menu\/","astra-sites-tag":{"565":"menu"},"site-pages-type":"agency-mini","site-pages-page-builder":"gutenberg","site-pages-category":[],"site-pages-parent-category":{"60":"business"},"required-plugins":[{"slug":"ultimate-addons-for-gutenberg","init":"ultimate-addons-for-gutenberg\/ultimate-addons-for-gutenberg.php","name":"Spectra"},{"slug":"sureforms","init":"sureforms\/sureforms.php","name":"SureForms"}]},"id-93619":{"title":"Home","featured-image-url":"https:\/\/websitedemos.net\/wp-content\/uploads\/2024\/11\/eggcellent-restaurant-07.jpg","thumbnail-image-url":"https:\/\/websitedemos.net\/wp-content\/uploads\/2024\/11\/eggcellent-restaurant-07-600x1948.jpg","astra-page-api-url":"https:\/\/websitedemos.net\/eggcellent-restaurant-07\/wp-json\/wp\/v2\/pages\/423","dynamic-page":"no","astra-page-url":"\/\/websitedemos.net\/eggcellent-restaurant-07\/","astra-sites-tag":{"423":"home"},"site-pages-type":"agency-mini","site-pages-page-builder":"gutenberg","site-pages-category":[],"site-pages-parent-category":{"60":"business"},"required-plugins":[{"slug":"ultimate-addons-for-gutenberg","init":"ultimate-addons-for-gutenberg\/ultimate-addons-for-gutenberg.php","name":"Spectra"},{"slug":"sureforms","init":"sureforms\/sureforms.php","name":"SureForms"}]},"id-93618":{"title":"Contact","featured-image-url":"https:\/\/websitedemos.net\/wp-content\/uploads\/2024\/11\/eggcellent-restaurant-07-contact.jpg","thumbnail-image-url":"https:\/\/websitedemos.net\/wp-content\/uploads\/2024\/11\/eggcellent-restaurant-07-contact-600x901.jpg","astra-page-api-url":"https:\/\/websitedemos.net\/eggcellent-restaurant-07\/wp-json\/wp\/v2\/pages\/430","dynamic-page":"no","astra-page-url":"\/\/websitedemos.net\/eggcellent-restaurant-07\/contact\/","astra-sites-tag":{"415":"contact"},"site-pages-type":"agency-mini","site-pages-page-builder":"gutenberg","site-pages-category":[],"site-pages-parent-category":{"60":"business"},"required-plugins":[{"slug":"ultimate-addons-for-gutenberg","init":"ultimate-addons-for-gutenberg\/ultimate-addons-for-gutenberg.php","name":"Spectra"},{"slug":"sureforms","init":"sureforms\/sureforms.php","name":"SureForms"}]},"id-93617":{"title":"About","featured-image-url":"https:\/\/websitedemos.net\/wp-content\/uploads\/2024\/11\/eggcellent-restaurant-07-about.jpg","thumbnail-image-url":"https:\/\/websitedemos.net\/wp-content\/uploads\/2024\/11\/eggcellent-restaurant-07-about-600x1743.jpg","astra-page-api-url":"https:\/\/websitedemos.net\/eggcellent-restaurant-07\/wp-json\/wp\/v2\/pages\/428","dynamic-page":"no","astra-page-url":"\/\/websitedemos.net\/eggcellent-restaurant-07\/about\/","astra-sites-tag":{"352":"about"},"site-pages-type":"agency-mini","site-pages-page-builder":"gutenberg","site-pages-category":[],"site-pages-parent-category":{"60":"business"},"required-plugins":[{"slug":"ultimate-addons-for-gutenberg","init":"ultimate-addons-for-gutenberg\/ultimate-addons-for-gutenberg.php","name":"Spectra"}]}},"related-bb-template":"","related-elementor-template":"","related-gutenberg-template":"","related_ecommerce_template":"","ecommerce_parent_template":""},"id-95504":{"title":"Digital Download Store","id":95504,"publish-date":1748884198,"featured-image-url":"https:\/\/websitedemos.net\/wp-content\/uploads\/2025\/06\/digital-download-store-08.jpg","thumbnail-image-url":"https:\/\/websitedemos.net\/wp-content\/uploads\/2025\/06\/digital-download-store-08-600x4132.jpg","fullpage-thumbnail-image-url":"https:\/\/websitedemos.net\/wp-content\/uploads\/2025\/06\/digital-download-store-08-400x2754.jpg","astra-site-url":"\/\/websitedemos.net\/digital-download-store-08","astra-site-parent-id":3698,"astra-sites-tag":{"2720":"digital","2724":"digital-download","496":"ecommerce","1817":"ecommerce-store","3416":"elementor","383":"online-store","2722":"plugin","967":"product-store","749":"store","2721":"theme","1024":"woocommerce","2723":"wordpress"},"astra-sites-type":"free","astra-site-category":{"38":"ecommerce","39":"free"},"astra-sites-template-category":{"2769":"ecommerce","2835":"elearning","2857":"online-shopping"},"astra-site-page-builder":"gutenberg","categories":{"3427":"default","2495":"ecommerce","3428":"free","2499":"technology"},"required-plugins":[{"slug":"easy-digital-downloads","init":"easy-digital-downloads\/easy-digital-downloads.php","name":"Easy Digital Downloads"},{"slug":"ultimate-addons-for-gutenberg","init":"ultimate-addons-for-gutenberg\/ultimate-addons-for-gutenberg.php","name":"Spectra"},{"slug":"woocommerce","init":"woocommerce\/woocommerce.php","name":"WooCommerce"},{"slug":"woocommerce-payments","init":"woocommerce-payments\/woocommerce-payments.php","name":"WooPayments"}],"post-status":"publish","post-content":"","post-excerpt":"","pages":{"id-95505":{"title":"About","featured-image-url":"","thumbnail-image-url":"","astra-page-api-url":"https:\/\/websitedemos.net\/digital-download-store-08\/wp-json\/wp\/v2\/pages\/1351","dynamic-page":"no","astra-page-url":"\/\/websitedemos.net\/digital-download-store-08\/about\/","astra-sites-tag":[],"site-pages-type":"free","site-pages-page-builder":"gutenberg","site-pages-category":[],"site-pages-parent-category":{"64":"ecommerce","61":"free"},"required-plugins":[{"slug":"easy-digital-downloads","init":"easy-digital-downloads\/easy-digital-downloads.php","name":"Easy Digital Downloads"},{"slug":"ultimate-addons-for-gutenberg","init":"ultimate-addons-for-gutenberg\/ultimate-addons-for-gutenberg.php","name":"Spectra"}]},"id-95506":{"title":"Contact","featured-image-url":"","thumbnail-image-url":"","astra-page-api-url":"https:\/\/websitedemos.net\/digital-download-store-08\/wp-json\/wp\/v2\/pages\/1353","dynamic-page":"no","astra-page-url":"\/\/websitedemos.net\/digital-download-store-08\/contact\/","astra-sites-tag":[],"site-pages-type":"free","site-pages-page-builder":"gutenberg","site-pages-category":[],"site-pages-parent-category":{"64":"ecommerce","61":"free"},"required-plugins":[{"slug":"ultimate-addons-for-gutenberg","init":"ultimate-addons-for-gutenberg\/ultimate-addons-for-gutenberg.php","name":"Spectra"}]},"id-95507":{"title":"Home","featured-image-url":"","thumbnail-image-url":"","astra-page-api-url":"https:\/\/websitedemos.net\/digital-download-store-08\/wp-json\/wp\/v2\/pages\/1348","dynamic-page":"yes","astra-page-url":"\/\/websitedemos.net\/digital-download-store-08\/","astra-sites-tag":[],"site-pages-type":"free","site-pages-page-builder":"gutenberg","site-pages-category":[],"site-pages-parent-category":{"64":"ecommerce","61":"free"},"required-plugins":[{"slug":"easy-digital-downloads","init":"easy-digital-downloads\/easy-digital-downloads.php","name":"Easy Digital Downloads"},{"slug":"ultimate-addons-for-gutenberg","init":"ultimate-addons-for-gutenberg\/ultimate-addons-for-gutenberg.php","name":"Spectra"},{"slug":"woocommerce","init":"woocommerce\/woocommerce.php","name":"WooCommerce"},{"slug":"woocommerce-payments","init":"woocommerce-payments\/woocommerce-payments.php","name":"WooPayments"}]}},"related-bb-template":"","related-elementor-template":"","related-gutenberg-template":"","related_ecommerce_template":"","ecommerce_parent_template":""},"id-55315":{"title":"Local Business","id":55315,"publish-date":1621624705,"featured-image-url":"https:\/\/websitedemos.net\/wp-content\/uploads\/2021\/05\/local-business-08-1.jpg","thumbnail-image-url":"https:\/\/websitedemos.net\/wp-content\/uploads\/2021\/05\/local-business-08-1-600x2413.jpg","fullpage-thumbnail-image-url":"https:\/\/websitedemos.net\/wp-content\/uploads\/2021\/05\/local-business-08-1-400x1609.jpg","astra-site-url":"\/\/websitedemos.net\/local-business-08","astra-site-parent-id":2066,"astra-sites-tag":{"586":"car-wash","2085":"carpentry","2089":"cleaning-company","2088":"construction-company","341":"electrician","2090":"flooring-company","1021":"local-business","2086":"local-worker","2094":"mechanic","2093":"painting-company","508":"plumbing","2092":"plumbing-company","2091":"roofing-company","2087":"services-maintenance","441":"technician"},"astra-sites-type":"free","astra-site-category":{"27":"business","39":"free"},"astra-sites-template-category":[],"astra-site-page-builder":"gutenberg","categories":{"2471":"local-technician"},"required-plugins":[{"slug":"ultimate-addons-for-gutenberg","init":"ultimate-addons-for-gutenberg\/ultimate-addons-for-gutenberg.php","name":"Spectra"},{"slug":"sureforms","init":"sureforms\/sureforms.php","name":"SureForms"}],"post-status":"publish","post-content":"","post-excerpt":"","pages":{"id-55318":{"title":"Home","featured-image-url":"https:\/\/websitedemos.net\/wp-content\/uploads\/2021\/05\/local-business-08-1.jpg","thumbnail-image-url":"https:\/\/websitedemos.net\/wp-content\/uploads\/2021\/05\/local-business-08-1-600x2413.jpg","astra-page-api-url":"https:\/\/websitedemos.net\/local-business-08\/wp-json\/wp\/v2\/pages\/10","dynamic-page":"no","astra-page-url":"\/\/websitedemos.net\/local-business-08\/","astra-sites-tag":{"423":"home"},"site-pages-type":"free","site-pages-page-builder":"gutenberg","site-pages-category":[],"site-pages-parent-category":{"60":"business","61":"free"},"required-plugins":[{"slug":"ultimate-addons-for-gutenberg","init":"ultimate-addons-for-gutenberg\/ultimate-addons-for-gutenberg.php","name":"Spectra"}]},"id-55316":{"title":"About","featured-image-url":"https:\/\/websitedemos.net\/wp-content\/uploads\/2021\/05\/local-business-08-about-2.jpg","thumbnail-image-url":"https:\/\/websitedemos.net\/wp-content\/uploads\/2021\/05\/local-business-08-about-2-600x1662.jpg","astra-page-api-url":"https:\/\/websitedemos.net\/local-business-08\/wp-json\/wp\/v2\/pages\/11","dynamic-page":"no","astra-page-url":"\/\/websitedemos.net\/local-business-08\/about\/","astra-sites-tag":{"352":"about"},"site-pages-type":"free","site-pages-page-builder":"gutenberg","site-pages-category":[],"site-pages-parent-category":{"60":"business","61":"free"},"required-plugins":[{"slug":"ultimate-addons-for-gutenberg","init":"ultimate-addons-for-gutenberg\/ultimate-addons-for-gutenberg.php","name":"Spectra"}]},"id-55319":{"title":"Services","featured-image-url":"https:\/\/websitedemos.net\/wp-content\/uploads\/2021\/05\/local-business-08-services-1.jpg","thumbnail-image-url":"https:\/\/websitedemos.net\/wp-content\/uploads\/2021\/05\/local-business-08-services-1-600x1283.jpg","astra-page-api-url":"https:\/\/websitedemos.net\/local-business-08\/wp-json\/wp\/v2\/pages\/12","dynamic-page":"no","astra-page-url":"\/\/websitedemos.net\/local-business-08\/services\/","astra-sites-tag":{"425":"services"},"site-pages-type":"free","site-pages-page-builder":"gutenberg","site-pages-category":[],"site-pages-parent-category":{"60":"business","61":"free"},"required-plugins":[{"slug":"ultimate-addons-for-gutenberg","init":"ultimate-addons-for-gutenberg\/ultimate-addons-for-gutenberg.php","name":"Spectra"}]},"id-55317":{"title":"Contact","featured-image-url":"https:\/\/websitedemos.net\/wp-content\/uploads\/2021\/05\/local-business-08-contact-1.jpg","thumbnail-image-url":"https:\/\/websitedemos.net\/wp-content\/uploads\/2021\/05\/local-business-08-contact-1-600x939.jpg","astra-page-api-url":"https:\/\/websitedemos.net\/local-business-08\/wp-json\/wp\/v2\/pages\/13","dynamic-page":"no","astra-page-url":"\/\/websitedemos.net\/local-business-08\/contact\/","astra-sites-tag":{"415":"contact"},"site-pages-type":"free","site-pages-page-builder":"gutenberg","site-pages-category":[],"site-pages-parent-category":{"60":"business","61":"free"},"required-plugins":[{"slug":"ultimate-addons-for-gutenberg","init":"ultimate-addons-for-gutenberg\/ultimate-addons-for-gutenberg.php","name":"Spectra"},{"slug":"sureforms","init":"sureforms\/sureforms.php","name":"SureForms"}]}},"related-bb-template":"","related-elementor-template":"","related-gutenberg-template":"","related_ecommerce_template":"","ecommerce_parent_template":""},"id-87646":{"title":"Aquarium","id":87646,"publish-date":1709154346,"featured-image-url":"https:\/\/websitedemos.net\/wp-content\/uploads\/2024\/02\/aquarium-07.jpg","thumbnail-image-url":"https:\/\/websitedemos.net\/wp-content\/uploads\/2024\/02\/aquarium-07-600x2838.jpg","fullpage-thumbnail-image-url":"https:\/\/websitedemos.net\/wp-content\/uploads\/2024\/02\/aquarium-07-400x1892.jpg","astra-site-url":"\/\/websitedemos.net\/aquarium-07","astra-site-parent-id":3549,"astra-sites-tag":{"1932":"aquarium","1935":"fish","1933":"marine-museum","1934":"tank","1936":"water-species"},"astra-sites-type":"agency-mini","astra-site-category":{"27":"business"},"astra-sites-template-category":{"2777":"business","2784":"event"},"astra-site-page-builder":"gutenberg","categories":{"2498":"hotel-travel"},"required-plugins":[{"slug":"ultimate-addons-for-gutenberg","init":"ultimate-addons-for-gutenberg\/ultimate-addons-for-gutenberg.php","name":"Spectra"},{"slug":"sureforms","init":"sureforms\/sureforms.php","name":"SureForms"}],"post-status":"publish","post-content":"","post-excerpt":"","pages":{"id-87651":{"title":"Home","featured-image-url":"https:\/\/websitedemos.net\/wp-content\/uploads\/2024\/02\/aquarium-07.jpg","thumbnail-image-url":"https:\/\/websitedemos.net\/wp-content\/uploads\/2024\/02\/aquarium-07-600x2838.jpg","astra-page-api-url":"https:\/\/websitedemos.net\/aquarium-07\/wp-json\/wp\/v2\/pages\/1236","dynamic-page":"no","astra-page-url":"\/\/websitedemos.net\/aquarium-07\/","astra-sites-tag":{"423":"home"},"site-pages-type":"agency-mini","site-pages-page-builder":"gutenberg","site-pages-category":[],"site-pages-parent-category":{"60":"business"},"required-plugins":[{"slug":"ultimate-addons-for-gutenberg","init":"ultimate-addons-for-gutenberg\/ultimate-addons-for-gutenberg.php","name":"Spectra"}]},"id-87648":{"title":"Animals","featured-image-url":"https:\/\/websitedemos.net\/wp-content\/uploads\/2024\/02\/aquarium-07-animals.jpg","thumbnail-image-url":"https:\/\/websitedemos.net\/wp-content\/uploads\/2024\/02\/aquarium-07-animals-600x2062.jpg","astra-page-api-url":"https:\/\/websitedemos.net\/aquarium-07\/wp-json\/wp\/v2\/pages\/1238","dynamic-page":"no","astra-page-url":"\/\/websitedemos.net\/aquarium-07\/animals\/","astra-sites-tag":{"1931":"animals"},"site-pages-type":"agency-mini","site-pages-page-builder":"gutenberg","site-pages-category":[],"site-pages-parent-category":{"60":"business"},"required-plugins":[{"slug":"ultimate-addons-for-gutenberg","init":"ultimate-addons-for-gutenberg\/ultimate-addons-for-gutenberg.php","name":"Spectra"}]},"id-87647":{"title":"About","featured-image-url":"https:\/\/websitedemos.net\/wp-content\/uploads\/2024\/02\/aquarium-07-about.jpg","thumbnail-image-url":"https:\/\/websitedemos.net\/wp-content\/uploads\/2024\/02\/aquarium-07-about-600x2338.jpg","astra-page-api-url":"https:\/\/websitedemos.net\/aquarium-07\/wp-json\/wp\/v2\/pages\/1240","dynamic-page":"no","astra-page-url":"\/\/websitedemos.net\/aquarium-07\/about\/","astra-sites-tag":{"352":"about"},"site-pages-type":"agency-mini","site-pages-page-builder":"gutenberg","site-pages-category":[],"site-pages-parent-category":{"60":"business"},"required-plugins":[{"slug":"ultimate-addons-for-gutenberg","init":"ultimate-addons-for-gutenberg\/ultimate-addons-for-gutenberg.php","name":"Spectra"}]},"id-87650":{"title":"Gallery","featured-image-url":"https:\/\/websitedemos.net\/wp-content\/uploads\/2024\/02\/aquarium-07-gallery.jpg","thumbnail-image-url":"https:\/\/websitedemos.net\/wp-content\/uploads\/2024\/02\/aquarium-07-gallery-600x1774.jpg","astra-page-api-url":"https:\/\/websitedemos.net\/aquarium-07\/wp-json\/wp\/v2\/pages\/1242","dynamic-page":"no","astra-page-url":"\/\/websitedemos.net\/aquarium-07\/gallery\/","astra-sites-tag":{"461":"gallery"},"site-pages-type":"agency-mini","site-pages-page-builder":"gutenberg","site-pages-category":[],"site-pages-parent-category":{"60":"business"},"required-plugins":[{"slug":"ultimate-addons-for-gutenberg","init":"ultimate-addons-for-gutenberg\/ultimate-addons-for-gutenberg.php","name":"Spectra"}]},"id-87649":{"title":"Contact","featured-image-url":"https:\/\/websitedemos.net\/wp-content\/uploads\/2024\/02\/aquarium-07-contact.jpg","thumbnail-image-url":"https:\/\/websitedemos.net\/wp-content\/uploads\/2024\/02\/aquarium-07-contact-600x1293.jpg","astra-page-api-url":"https:\/\/websitedemos.net\/aquarium-07\/wp-json\/wp\/v2\/pages\/1244","dynamic-page":"no","astra-page-url":"\/\/websitedemos.net\/aquarium-07\/contact\/","astra-sites-tag":{"415":"contact"},"site-pages-type":"agency-mini","site-pages-page-builder":"gutenberg","site-pages-category":[],"site-pages-parent-category":{"60":"business"},"required-plugins":[{"slug":"ultimate-addons-for-gutenberg","init":"ultimate-addons-for-gutenberg\/ultimate-addons-for-gutenberg.php","name":"Spectra"},{"slug":"sureforms","init":"sureforms\/sureforms.php","name":"SureForms"}]}},"related-bb-template":"","related-elementor-template":"","related-gutenberg-template":"","related_ecommerce_template":"","ecommerce_parent_template":""},"id-93592":{"title":"Artist Multipurpose","id":93592,"publish-date":1732637629,"featured-image-url":"https:\/\/websitedemos.net\/wp-content\/uploads\/2024\/11\/artist-multipurpose-08.jpg","thumbnail-image-url":"https:\/\/websitedemos.net\/wp-content\/uploads\/2024\/11\/artist-multipurpose-08-600x1537.jpg","fullpage-thumbnail-image-url":"https:\/\/websitedemos.net\/wp-content\/uploads\/2024\/11\/artist-multipurpose-08-400x1025.jpg","astra-site-url":"\/\/websitedemos.net\/artist-multipurpose-08","astra-site-parent-id":3639,"astra-sites-tag":{"1511":"artisan","339":"artist","2299":"artist-portfolio","2456":"generic","2667":"generic-template","1526":"multi-purpose","2493":"multipurpose","614":"painter","2284":"painter-artist","1512":"painting","861":"paintings","739":"templates","2726":"visual-artist"},"astra-sites-type":"free","astra-site-category":{"39":"free","36":"other"},"astra-sites-template-category":{"2802":"artist","2791":"creative","2860":"multipurpose","2770":"personal","2797":"simple-minimal"},"astra-site-page-builder":"gutenberg","categories":{"2486":"art-music","3427":"default","3428":"free","2500":"multipurpose","2488":"portfolio"},"required-plugins":[{"slug":"ultimate-addons-for-gutenberg","init":"ultimate-addons-for-gutenberg\/ultimate-addons-for-gutenberg.php","name":"Spectra"},{"slug":"sureforms","init":"sureforms\/sureforms.php","name":"SureForms"}],"post-status":"publish","post-content":"","post-excerpt":"The Artist Generic Multipurpose template is all the portfolio you need to share your work","pages":{"id-93596":{"title":"Home","featured-image-url":"https:\/\/websitedemos.net\/wp-content\/uploads\/2024\/11\/artist-multipurpose-08.jpg","thumbnail-image-url":"https:\/\/websitedemos.net\/wp-content\/uploads\/2024\/11\/artist-multipurpose-08-600x1537.jpg","astra-page-api-url":"https:\/\/websitedemos.net\/artist-multipurpose-08\/wp-json\/wp\/v2\/pages\/544","dynamic-page":"no","astra-page-url":"\/\/websitedemos.net\/artist-multipurpose-08\/","astra-sites-tag":{"423":"home"},"site-pages-type":"free","site-pages-page-builder":"gutenberg","site-pages-category":[],"site-pages-parent-category":{"61":"free","139":"other"},"required-plugins":[{"slug":"ultimate-addons-for-gutenberg","init":"ultimate-addons-for-gutenberg\/ultimate-addons-for-gutenberg.php","name":"Spectra"}]},"id-93595":{"title":"Gallary","featured-image-url":"https:\/\/websitedemos.net\/wp-content\/uploads\/2024\/11\/artist-multipurpose-08-gallery.jpg","thumbnail-image-url":"https:\/\/websitedemos.net\/wp-content\/uploads\/2024\/11\/artist-multipurpose-08-gallery-600x748.jpg","astra-page-api-url":"https:\/\/websitedemos.net\/artist-multipurpose-08\/wp-json\/wp\/v2\/pages\/549","dynamic-page":"no","astra-page-url":"\/\/websitedemos.net\/artist-multipurpose-08\/gallary\/","astra-sites-tag":{"461":"gallery"},"site-pages-type":"free","site-pages-page-builder":"gutenberg","site-pages-category":[],"site-pages-parent-category":{"61":"free","139":"other"},"required-plugins":[{"slug":"ultimate-addons-for-gutenberg","init":"ultimate-addons-for-gutenberg\/ultimate-addons-for-gutenberg.php","name":"Spectra"}]},"id-93594":{"title":"Contact","featured-image-url":"https:\/\/websitedemos.net\/wp-content\/uploads\/2024\/11\/artist-multipurpose-08-contact.jpg","thumbnail-image-url":"https:\/\/websitedemos.net\/wp-content\/uploads\/2024\/11\/artist-multipurpose-08-contact-600x557.jpg","astra-page-api-url":"https:\/\/websitedemos.net\/artist-multipurpose-08\/wp-json\/wp\/v2\/pages\/551","dynamic-page":"no","astra-page-url":"\/\/websitedemos.net\/artist-multipurpose-08\/contact\/","astra-sites-tag":{"415":"contact"},"site-pages-type":"free","site-pages-page-builder":"gutenberg","site-pages-category":[],"site-pages-parent-category":{"61":"free","139":"other"},"required-plugins":[{"slug":"ultimate-addons-for-gutenberg","init":"ultimate-addons-for-gutenberg\/ultimate-addons-for-gutenberg.php","name":"Spectra"},{"slug":"sureforms","init":"sureforms\/sureforms.php","name":"SureForms"}]},"id-93593":{"title":"About","featured-image-url":"https:\/\/websitedemos.net\/wp-content\/uploads\/2024\/11\/artist-multipurpose-08-about.jpg","thumbnail-image-url":"https:\/\/websitedemos.net\/wp-content\/uploads\/2024\/11\/artist-multipurpose-08-about-600x1185.jpg","astra-page-api-url":"https:\/\/websitedemos.net\/artist-multipurpose-08\/wp-json\/wp\/v2\/pages\/547","dynamic-page":"no","astra-page-url":"\/\/websitedemos.net\/artist-multipurpose-08\/about\/","astra-sites-tag":{"352":"about"},"site-pages-type":"free","site-pages-page-builder":"gutenberg","site-pages-category":[],"site-pages-parent-category":{"61":"free","139":"other"},"required-plugins":[{"slug":"ultimate-addons-for-gutenberg","init":"ultimate-addons-for-gutenberg\/ultimate-addons-for-gutenberg.php","name":"Spectra"}]}},"related-bb-template":"","related-elementor-template":"","related-gutenberg-template":"","related_ecommerce_template":"","ecommerce_parent_template":""},"id-93279":{"title":"Planet Earth Store","id":93279,"publish-date":1729631972,"featured-image-url":"https:\/\/websitedemos.net\/wp-content\/uploads\/2024\/10\/earth-store-08.jpg","thumbnail-image-url":"https:\/\/websitedemos.net\/wp-content\/uploads\/2024\/10\/earth-store-08-600x868.jpg","fullpage-thumbnail-image-url":"https:\/\/websitedemos.net\/wp-content\/uploads\/2024\/10\/earth-store-08-400x578.jpg","astra-site-url":"\/\/websitedemos.net\/earth-store-08","astra-site-parent-id":3632,"astra-sites-tag":{"3119":"earth","496":"ecommerce","535":"nature","383":"online-store","3120":"simple"},"astra-sites-type":"free","astra-site-category":{"27":"business","38":"ecommerce"},"astra-sites-template-category":{"2777":"business","2812":"digital-agency","2769":"ecommerce","2860":"multipurpose","2830":"nature","2797":"simple-minimal"},"astra-site-page-builder":"gutenberg","categories":{"2495":"ecommerce","3428":"free","2500":"multipurpose"},"required-plugins":[{"slug":"ultimate-addons-for-gutenberg","init":"ultimate-addons-for-gutenberg\/ultimate-addons-for-gutenberg.php","name":"Spectra"},{"slug":"woocommerce","init":"woocommerce\/woocommerce.php","name":"WooCommerce"},{"slug":"sureforms","init":"sureforms\/sureforms.php","name":"SureForms"},{"slug":"woocommerce-payments","init":"woocommerce-payments\/woocommerce-payments.php","name":"WooPayments"}],"post-status":"publish","post-content":"","post-excerpt":"The Planet Earth Store template is a light store design that\u2019s very easy to use","pages":{"id-93280":{"title":"About","featured-image-url":"https:\/\/websitedemos.net\/wp-content\/uploads\/2024\/10\/earth-store-08-about.jpg","thumbnail-image-url":"https:\/\/websitedemos.net\/wp-content\/uploads\/2024\/10\/earth-store-08-about-600x584.jpg","astra-page-api-url":"https:\/\/websitedemos.net\/earth-store-08\/wp-json\/wp\/v2\/pages\/1437","dynamic-page":"no","astra-page-url":"\/\/websitedemos.net\/earth-store-08\/about\/","astra-sites-tag":{"352":"about"},"site-pages-type":"free","site-pages-page-builder":"gutenberg","site-pages-category":[],"site-pages-parent-category":{"60":"business","64":"ecommerce"},"required-plugins":[{"slug":"ultimate-addons-for-gutenberg","init":"ultimate-addons-for-gutenberg\/ultimate-addons-for-gutenberg.php","name":"Spectra"}]},"id-93281":{"title":"Contact","featured-image-url":"https:\/\/websitedemos.net\/wp-content\/uploads\/2024\/10\/earth-store-08-contact.jpg","thumbnail-image-url":"https:\/\/websitedemos.net\/wp-content\/uploads\/2024\/10\/earth-store-08-contact-600x528.jpg","astra-page-api-url":"https:\/\/websitedemos.net\/earth-store-08\/wp-json\/wp\/v2\/pages\/1441","dynamic-page":"no","astra-page-url":"\/\/websitedemos.net\/earth-store-08\/contact\/","astra-sites-tag":{"415":"contact"},"site-pages-type":"free","site-pages-page-builder":"gutenberg","site-pages-category":[],"site-pages-parent-category":{"60":"business","64":"ecommerce"},"required-plugins":[{"slug":"ultimate-addons-for-gutenberg","init":"ultimate-addons-for-gutenberg\/ultimate-addons-for-gutenberg.php","name":"Spectra"},{"slug":"sureforms","init":"sureforms\/sureforms.php","name":"SureForms"}]},"id-93282":{"title":"Home","featured-image-url":"https:\/\/websitedemos.net\/wp-content\/uploads\/2024\/10\/earth-store-08.jpg","thumbnail-image-url":"https:\/\/websitedemos.net\/wp-content\/uploads\/2024\/10\/earth-store-08-600x868.jpg","astra-page-api-url":"https:\/\/websitedemos.net\/earth-store-08\/wp-json\/wp\/v2\/pages\/1434","dynamic-page":"yes","astra-page-url":"\/\/websitedemos.net\/earth-store-08\/","astra-sites-tag":{"423":"home"},"site-pages-type":"free","site-pages-page-builder":"gutenberg","site-pages-category":[],"site-pages-parent-category":{"60":"business","64":"ecommerce"},"required-plugins":[{"slug":"ultimate-addons-for-gutenberg","init":"ultimate-addons-for-gutenberg\/ultimate-addons-for-gutenberg.php","name":"Spectra"},{"slug":"woocommerce","init":"woocommerce\/woocommerce.php","name":"WooCommerce"},{"slug":"woocommerce-payments","init":"woocommerce-payments\/woocommerce-payments.php","name":"WooPayments"}]}},"related-bb-template":"","related-elementor-template":"","related-gutenberg-template":"","related_ecommerce_template":"","ecommerce_parent_template":""},"id-87621":{"title":"Wedding Organizer","id":87621,"publish-date":1709145134,"featured-image-url":"https:\/\/websitedemos.net\/wp-content\/uploads\/2024\/02\/wedding-organizers-07.jpg","thumbnail-image-url":"https:\/\/websitedemos.net\/wp-content\/uploads\/2024\/02\/wedding-organizers-07-600x2179.jpg","fullpage-thumbnail-image-url":"https:\/\/websitedemos.net\/wp-content\/uploads\/2024\/02\/wedding-organizers-07-400x1453.jpg","astra-site-url":"\/\/websitedemos.net\/wedding-organizer-07","astra-site-parent-id":3548,"astra-sites-tag":{"698":"engagement","717":"event-planner","699":"invitation","697":"wedding","716":"wedding-planner","512":"wedding-shoot"},"astra-sites-type":"agency-mini","astra-site-category":{"27":"business"},"astra-sites-template-category":{"2777":"business","2784":"event","2768":"portfolio","2792":"wedding"},"astra-site-page-builder":"gutenberg","categories":{"2489":"event-invitation"},"required-plugins":[{"slug":"ultimate-addons-for-gutenberg","init":"ultimate-addons-for-gutenberg\/ultimate-addons-for-gutenberg.php","name":"Spectra"}],"post-status":"publish","post-content":"","post-excerpt":"","pages":{"id-87625":{"title":"Home","featured-image-url":"https:\/\/websitedemos.net\/wp-content\/uploads\/2024\/02\/wedding-organizers-07.jpg","thumbnail-image-url":"https:\/\/websitedemos.net\/wp-content\/uploads\/2024\/02\/wedding-organizers-07-600x2179.jpg","astra-page-api-url":"https:\/\/websitedemos.net\/wedding-organizer-07\/wp-json\/wp\/v2\/pages\/487","dynamic-page":"no","astra-page-url":"\/\/websitedemos.net\/wedding-organizer-07\/","astra-sites-tag":{"423":"home"},"site-pages-type":"agency-mini","site-pages-page-builder":"gutenberg","site-pages-category":[],"site-pages-parent-category":{"60":"business"},"required-plugins":[{"slug":"ultimate-addons-for-gutenberg","init":"ultimate-addons-for-gutenberg\/ultimate-addons-for-gutenberg.php","name":"Spectra"}]},"id-87622":{"title":"About","featured-image-url":"https:\/\/websitedemos.net\/wp-content\/uploads\/2024\/02\/wedding-organizers-07-about.jpg","thumbnail-image-url":"https:\/\/websitedemos.net\/wp-content\/uploads\/2024\/02\/wedding-organizers-07-about-600x1406.jpg","astra-page-api-url":"https:\/\/websitedemos.net\/wedding-organizer-07\/wp-json\/wp\/v2\/pages\/490","dynamic-page":"no","astra-page-url":"\/\/websitedemos.net\/wedding-organizer-07\/about\/","astra-sites-tag":{"352":"about"},"site-pages-type":"agency-mini","site-pages-page-builder":"gutenberg","site-pages-category":[],"site-pages-parent-category":{"60":"business"},"required-plugins":[{"slug":"ultimate-addons-for-gutenberg","init":"ultimate-addons-for-gutenberg\/ultimate-addons-for-gutenberg.php","name":"Spectra"}]},"id-87626":{"title":"Services","featured-image-url":"https:\/\/websitedemos.net\/wp-content\/uploads\/2024\/02\/wedding-organizers-07-services.jpg","thumbnail-image-url":"https:\/\/websitedemos.net\/wp-content\/uploads\/2024\/02\/wedding-organizers-07-services-600x1723.jpg","astra-page-api-url":"https:\/\/websitedemos.net\/wedding-organizer-07\/wp-json\/wp\/v2\/pages\/492","dynamic-page":"no","astra-page-url":"\/\/websitedemos.net\/wedding-organizer-07\/services\/","astra-sites-tag":{"425":"services"},"site-pages-type":"agency-mini","site-pages-page-builder":"gutenberg","site-pages-category":[],"site-pages-parent-category":{"60":"business"},"required-plugins":[{"slug":"ultimate-addons-for-gutenberg","init":"ultimate-addons-for-gutenberg\/ultimate-addons-for-gutenberg.php","name":"Spectra"}]},"id-87624":{"title":"Gallery","featured-image-url":"https:\/\/websitedemos.net\/wp-content\/uploads\/2024\/02\/wedding-organizers-07-gallery.jpg","thumbnail-image-url":"https:\/\/websitedemos.net\/wp-content\/uploads\/2024\/02\/wedding-organizers-07-gallery-600x1065.jpg","astra-page-api-url":"https:\/\/websitedemos.net\/wedding-organizer-07\/wp-json\/wp\/v2\/pages\/494","dynamic-page":"no","astra-page-url":"\/\/websitedemos.net\/wedding-organizer-07\/gallery\/","astra-sites-tag":{"461":"gallery"},"site-pages-type":"agency-mini","site-pages-page-builder":"gutenberg","site-pages-category":[],"site-pages-parent-category":{"60":"business"},"required-plugins":[{"slug":"ultimate-addons-for-gutenberg","init":"ultimate-addons-for-gutenberg\/ultimate-addons-for-gutenberg.php","name":"Spectra"}]},"id-87627":{"title":"Testimonials","featured-image-url":"https:\/\/websitedemos.net\/wp-content\/uploads\/2024\/02\/wedding-organizers-07-testimonials.jpg","thumbnail-image-url":"https:\/\/websitedemos.net\/wp-content\/uploads\/2024\/02\/wedding-organizers-07-testimonials-600x1312.jpg","astra-page-api-url":"https:\/\/websitedemos.net\/wedding-organizer-07\/wp-json\/wp\/v2\/pages\/496","dynamic-page":"no","astra-page-url":"\/\/websitedemos.net\/wedding-organizer-07\/testimonials\/","astra-sites-tag":{"433":"testimonials"},"site-pages-type":"agency-mini","site-pages-page-builder":"gutenberg","site-pages-category":[],"site-pages-parent-category":{"60":"business"},"required-plugins":[{"slug":"ultimate-addons-for-gutenberg","init":"ultimate-addons-for-gutenberg\/ultimate-addons-for-gutenberg.php","name":"Spectra"}]},"id-87623":{"title":"Contact","featured-image-url":"https:\/\/websitedemos.net\/wp-content\/uploads\/2024\/02\/wedding-organizers-07-contact.jpg","thumbnail-image-url":"https:\/\/websitedemos.net\/wp-content\/uploads\/2024\/02\/wedding-organizers-07-contact-600x1274.jpg","astra-page-api-url":"https:\/\/websitedemos.net\/wedding-organizer-07\/wp-json\/wp\/v2\/pages\/498","dynamic-page":"no","astra-page-url":"\/\/websitedemos.net\/wedding-organizer-07\/contact\/","astra-sites-tag":{"415":"contact"},"site-pages-type":"agency-mini","site-pages-page-builder":"gutenberg","site-pages-category":[],"site-pages-parent-category":{"60":"business"},"required-plugins":[{"slug":"ultimate-addons-for-gutenberg","init":"ultimate-addons-for-gutenberg\/ultimate-addons-for-gutenberg.php","name":"Spectra"}]}},"related-bb-template":"","related-elementor-template":"","related-gutenberg-template":"","related_ecommerce_template":"","ecommerce_parent_template":""},"id-71474":{"title":"Day Care Services","id":71474,"publish-date":1676368033,"featured-image-url":"https:\/\/websitedemos.net\/wp-content\/uploads\/2023\/02\/daycare-08.jpg","thumbnail-image-url":"https:\/\/websitedemos.net\/wp-content\/uploads\/2023\/02\/daycare-08-600x4246.jpg","fullpage-thumbnail-image-url":"https:\/\/websitedemos.net\/wp-content\/uploads\/2023\/02\/daycare-08-400x2830.jpg","astra-site-url":"\/\/websitedemos.net\/daycare-08","astra-site-parent-id":3086,"astra-sites-tag":{"2156":"daycare","459":"education","1490":"kids","617":"kindergarten","460":"learning","456":"school","425":"services"},"astra-sites-type":"free","astra-site-category":{"27":"business","39":"free"},"astra-sites-template-category":{"2772":"education","2782":"school"},"astra-site-page-builder":"gutenberg","categories":{"2491":"educational-institutes"},"required-plugins":[{"slug":"ultimate-addons-for-gutenberg","init":"ultimate-addons-for-gutenberg\/ultimate-addons-for-gutenberg.php","name":"Spectra"},{"slug":"sureforms","init":"sureforms\/sureforms.php","name":"SureForms"}],"post-status":"publish","post-content":"","post-excerpt":"","pages":{"id-71478":{"title":"Home","featured-image-url":"https:\/\/websitedemos.net\/wp-content\/uploads\/2023\/02\/daycare-08.jpg","thumbnail-image-url":"https:\/\/websitedemos.net\/wp-content\/uploads\/2023\/02\/daycare-08-600x4246.jpg","astra-page-api-url":"https:\/\/websitedemos.net\/daycare-08\/wp-json\/wp\/v2\/pages\/1390","dynamic-page":"no","astra-page-url":"\/\/websitedemos.net\/daycare-08\/","astra-sites-tag":{"423":"home"},"site-pages-type":"free","site-pages-page-builder":"gutenberg","site-pages-category":[],"site-pages-parent-category":{"60":"business","61":"free"},"required-plugins":[{"slug":"ultimate-addons-for-gutenberg","init":"ultimate-addons-for-gutenberg\/ultimate-addons-for-gutenberg.php","name":"Spectra"}]},"id-71475":{"title":"About","featured-image-url":"https:\/\/websitedemos.net\/wp-content\/uploads\/2023\/02\/daycare-08-about.jpg","thumbnail-image-url":"https:\/\/websitedemos.net\/wp-content\/uploads\/2023\/02\/daycare-08-about-600x2222.jpg","astra-page-api-url":"https:\/\/websitedemos.net\/daycare-08\/wp-json\/wp\/v2\/pages\/1393","dynamic-page":"no","astra-page-url":"\/\/websitedemos.net\/daycare-08\/about\/","astra-sites-tag":{"352":"about"},"site-pages-type":"free","site-pages-page-builder":"gutenberg","site-pages-category":[],"site-pages-parent-category":{"60":"business","61":"free"},"required-plugins":[{"slug":"ultimate-addons-for-gutenberg","init":"ultimate-addons-for-gutenberg\/ultimate-addons-for-gutenberg.php","name":"Spectra"}]},"id-71479":{"title":"Program","featured-image-url":"https:\/\/websitedemos.net\/wp-content\/uploads\/2023\/02\/daycare-08-program.jpg","thumbnail-image-url":"https:\/\/websitedemos.net\/wp-content\/uploads\/2023\/02\/daycare-08-program-600x3047.jpg","astra-page-api-url":"https:\/\/websitedemos.net\/daycare-08\/wp-json\/wp\/v2\/pages\/1395","dynamic-page":"no","astra-page-url":"\/\/websitedemos.net\/daycare-08\/program\/","astra-sites-tag":{"2684":"program"},"site-pages-type":"free","site-pages-page-builder":"gutenberg","site-pages-category":[],"site-pages-parent-category":{"60":"business","61":"free"},"required-plugins":[{"slug":"ultimate-addons-for-gutenberg","init":"ultimate-addons-for-gutenberg\/ultimate-addons-for-gutenberg.php","name":"Spectra"}]},"id-71476":{"title":"Admission","featured-image-url":"https:\/\/websitedemos.net\/wp-content\/uploads\/2023\/02\/daycare-08-admission.jpg","thumbnail-image-url":"https:\/\/websitedemos.net\/wp-content\/uploads\/2023\/02\/daycare-08-admission-600x1137.jpg","astra-page-api-url":"https:\/\/websitedemos.net\/daycare-08\/wp-json\/wp\/v2\/pages\/1397","dynamic-page":"no","astra-page-url":"\/\/websitedemos.net\/daycare-08\/admission\/","astra-sites-tag":{"2680":"admission"},"site-pages-type":"free","site-pages-page-builder":"gutenberg","site-pages-category":[],"site-pages-parent-category":{"60":"business","61":"free"},"required-plugins":[{"slug":"ultimate-addons-for-gutenberg","init":"ultimate-addons-for-gutenberg\/ultimate-addons-for-gutenberg.php","name":"Spectra"}]},"id-71477":{"title":"Contact","featured-image-url":"https:\/\/websitedemos.net\/wp-content\/uploads\/2023\/02\/daycare-08-contact.jpg","thumbnail-image-url":"https:\/\/websitedemos.net\/wp-content\/uploads\/2023\/02\/daycare-08-contact-600x1091.jpg","astra-page-api-url":"https:\/\/websitedemos.net\/daycare-08\/wp-json\/wp\/v2\/pages\/1399","dynamic-page":"no","astra-page-url":"\/\/websitedemos.net\/daycare-08\/contact\/","astra-sites-tag":{"415":"contact"},"site-pages-type":"free","site-pages-page-builder":"gutenberg","site-pages-category":[],"site-pages-parent-category":{"60":"business","61":"free"},"required-plugins":[{"slug":"ultimate-addons-for-gutenberg","init":"ultimate-addons-for-gutenberg\/ultimate-addons-for-gutenberg.php","name":"Spectra"},{"slug":"sureforms","init":"sureforms\/sureforms.php","name":"SureForms"}]}},"related-bb-template":"","related-elementor-template":"","related-gutenberg-template":"","related_ecommerce_template":"","ecommerce_parent_template":""},"id-87581":{"title":"Photographer Portfolio","id":87581,"publish-date":1709137103,"featured-image-url":"https:\/\/websitedemos.net\/wp-content\/uploads\/2024\/02\/portfolio-photographer-07.jpg","thumbnail-image-url":"https:\/\/websitedemos.net\/wp-content\/uploads\/2024\/02\/portfolio-photographer-07-600x2416.jpg","fullpage-thumbnail-image-url":"https:\/\/websitedemos.net\/wp-content\/uploads\/2024\/02\/portfolio-photographer-07-400x1611.jpg","astra-site-url":"\/\/websitedemos.net\/portfolio-photographer-07","astra-site-parent-id":3546,"astra-sites-tag":{"3114":"photo","2409":"photoblog","1008":"photographer-homepage","3126":"photographer-portfolio","509":"photography","1580":"photos","444":"portfolio"},"astra-sites-type":"agency-mini","astra-site-category":{"27":"business"},"astra-sites-template-category":{"2791":"creative","2810":"freelance","2770":"personal","2773":"photography","2768":"portfolio","2783":"resume"},"astra-site-page-builder":"gutenberg","categories":{"2488":"portfolio"},"required-plugins":[{"slug":"ultimate-addons-for-gutenberg","init":"ultimate-addons-for-gutenberg\/ultimate-addons-for-gutenberg.php","name":"Spectra"},{"slug":"sureforms","init":"sureforms\/sureforms.php","name":"SureForms"}],"post-status":"publish","post-content":"","post-excerpt":"","pages":{"id-87585":{"title":"Home","featured-image-url":"https:\/\/websitedemos.net\/wp-content\/uploads\/2024\/02\/portfolio-photographer-07.jpg","thumbnail-image-url":"https:\/\/websitedemos.net\/wp-content\/uploads\/2024\/02\/portfolio-photographer-07-600x2416.jpg","astra-page-api-url":"https:\/\/websitedemos.net\/portfolio-photographer-07\/wp-json\/wp\/v2\/pages\/335","dynamic-page":"no","astra-page-url":"\/\/websitedemos.net\/portfolio-photographer-07\/","astra-sites-tag":{"423":"home"},"site-pages-type":"agency-mini","site-pages-page-builder":"gutenberg","site-pages-category":[],"site-pages-parent-category":{"60":"business"},"required-plugins":[{"slug":"ultimate-addons-for-gutenberg","init":"ultimate-addons-for-gutenberg\/ultimate-addons-for-gutenberg.php","name":"Spectra"},{"slug":"sureforms","init":"sureforms\/sureforms.php","name":"SureForms"}]},"id-87584":{"title":"Gallery","featured-image-url":"https:\/\/websitedemos.net\/wp-content\/uploads\/2024\/02\/portfolio-photographer-07-gallery.jpg","thumbnail-image-url":"https:\/\/websitedemos.net\/wp-content\/uploads\/2024\/02\/portfolio-photographer-07-gallery-600x3600.jpg","astra-page-api-url":"https:\/\/websitedemos.net\/portfolio-photographer-07\/wp-json\/wp\/v2\/pages\/336","dynamic-page":"no","astra-page-url":"\/\/websitedemos.net\/portfolio-photographer-07\/gallery\/","astra-sites-tag":{"461":"gallery"},"site-pages-type":"agency-mini","site-pages-page-builder":"gutenberg","site-pages-category":[],"site-pages-parent-category":{"60":"business"},"required-plugins":[{"slug":"ultimate-addons-for-gutenberg","init":"ultimate-addons-for-gutenberg\/ultimate-addons-for-gutenberg.php","name":"Spectra"},{"slug":"sureforms","init":"sureforms\/sureforms.php","name":"SureForms"}]},"id-87586":{"title":"Services","featured-image-url":"https:\/\/websitedemos.net\/wp-content\/uploads\/2024\/02\/portfolio-photographer-07-services.jpg","thumbnail-image-url":"https:\/\/websitedemos.net\/wp-content\/uploads\/2024\/02\/portfolio-photographer-07-services-600x1726.jpg","astra-page-api-url":"https:\/\/websitedemos.net\/portfolio-photographer-07\/wp-json\/wp\/v2\/pages\/337","dynamic-page":"no","astra-page-url":"\/\/websitedemos.net\/portfolio-photographer-07\/services\/","astra-sites-tag":{"425":"services"},"site-pages-type":"agency-mini","site-pages-page-builder":"gutenberg","site-pages-category":[],"site-pages-parent-category":{"60":"business"},"required-plugins":[{"slug":"ultimate-addons-for-gutenberg","init":"ultimate-addons-for-gutenberg\/ultimate-addons-for-gutenberg.php","name":"Spectra"},{"slug":"sureforms","init":"sureforms\/sureforms.php","name":"SureForms"}]},"id-87582":{"title":"About","featured-image-url":"https:\/\/websitedemos.net\/wp-content\/uploads\/2024\/02\/portfolio-photographer-07-about.jpg","thumbnail-image-url":"https:\/\/websitedemos.net\/wp-content\/uploads\/2024\/02\/portfolio-photographer-07-about-600x1836.jpg","astra-page-api-url":"https:\/\/websitedemos.net\/portfolio-photographer-07\/wp-json\/wp\/v2\/pages\/338","dynamic-page":"no","astra-page-url":"\/\/websitedemos.net\/portfolio-photographer-07\/about\/","astra-sites-tag":{"352":"about"},"site-pages-type":"agency-mini","site-pages-page-builder":"gutenberg","site-pages-category":[],"site-pages-parent-category":{"60":"business"},"required-plugins":[{"slug":"ultimate-addons-for-gutenberg","init":"ultimate-addons-for-gutenberg\/ultimate-addons-for-gutenberg.php","name":"Spectra"},{"slug":"sureforms","init":"sureforms\/sureforms.php","name":"SureForms"}]},"id-87583":{"title":"Contact","featured-image-url":"https:\/\/websitedemos.net\/wp-content\/uploads\/2024\/02\/portfolio-photographer-07-contact.jpg","thumbnail-image-url":"https:\/\/websitedemos.net\/wp-content\/uploads\/2024\/02\/portfolio-photographer-07-contact-600x743.jpg","astra-page-api-url":"https:\/\/websitedemos.net\/portfolio-photographer-07\/wp-json\/wp\/v2\/pages\/339","dynamic-page":"no","astra-page-url":"\/\/websitedemos.net\/portfolio-photographer-07\/contact\/","astra-sites-tag":{"415":"contact"},"site-pages-type":"agency-mini","site-pages-page-builder":"gutenberg","site-pages-category":[],"site-pages-parent-category":{"60":"business"},"required-plugins":[{"slug":"ultimate-addons-for-gutenberg","init":"ultimate-addons-for-gutenberg\/ultimate-addons-for-gutenberg.php","name":"Spectra"},{"slug":"sureforms","init":"sureforms\/sureforms.php","name":"SureForms"}]}},"related-bb-template":"","related-elementor-template":"","related-gutenberg-template":"","related_ecommerce_template":"","ecommerce_parent_template":""},"id-71491":{"title":"Electrician","id":71491,"publish-date":1676039584,"featured-image-url":"https:\/\/websitedemos.net\/wp-content\/uploads\/2023\/02\/electrician-08.jpg","thumbnail-image-url":"https:\/\/websitedemos.net\/wp-content\/uploads\/2023\/02\/electrician-08-600x2117.jpg","fullpage-thumbnail-image-url":"https:\/\/websitedemos.net\/wp-content\/uploads\/2023\/02\/electrician-08-400x1411.jpg","astra-site-url":"\/\/websitedemos.net\/electrician-08","astra-site-parent-id":3087,"astra-sites-tag":{"341":"electrician","1021":"local-business","439":"local-services","671":"service-provider"},"astra-sites-type":"free","astra-site-category":{"27":"business","39":"free"},"astra-sites-template-category":{"2815":"electrician","2831":"service"},"astra-site-page-builder":"gutenberg","categories":{"2471":"local-technician"},"required-plugins":[{"slug":"ultimate-addons-for-gutenberg","init":"ultimate-addons-for-gutenberg\/ultimate-addons-for-gutenberg.php","name":"Spectra"}],"post-status":"publish","post-content":"","post-excerpt":"","pages":{"id-71495":{"title":"Home","featured-image-url":"https:\/\/websitedemos.net\/wp-content\/uploads\/2023\/02\/electrician-08.jpg","thumbnail-image-url":"https:\/\/websitedemos.net\/wp-content\/uploads\/2023\/02\/electrician-08-600x2117.jpg","astra-page-api-url":"https:\/\/websitedemos.net\/electrician-08\/wp-json\/wp\/v2\/pages\/1373","dynamic-page":"no","astra-page-url":"\/\/websitedemos.net\/electrician-08\/","astra-sites-tag":{"423":"home"},"site-pages-type":"free","site-pages-page-builder":"gutenberg","site-pages-category":[],"site-pages-parent-category":{"60":"business","61":"free"},"required-plugins":[{"slug":"ultimate-addons-for-gutenberg","init":"ultimate-addons-for-gutenberg\/ultimate-addons-for-gutenberg.php","name":"Spectra"}]},"id-71492":{"title":"About Us","featured-image-url":"https:\/\/websitedemos.net\/wp-content\/uploads\/2023\/02\/electrician-08-about.jpg","thumbnail-image-url":"https:\/\/websitedemos.net\/wp-content\/uploads\/2023\/02\/electrician-08-about-600x1430.jpg","astra-page-api-url":"https:\/\/websitedemos.net\/electrician-08\/wp-json\/wp\/v2\/pages\/1399","dynamic-page":"no","astra-page-url":"\/\/websitedemos.net\/electrician-08\/about-us\/","astra-sites-tag":{"352":"about"},"site-pages-type":"free","site-pages-page-builder":"gutenberg","site-pages-category":[],"site-pages-parent-category":{"60":"business","61":"free"},"required-plugins":[{"slug":"ultimate-addons-for-gutenberg","init":"ultimate-addons-for-gutenberg\/ultimate-addons-for-gutenberg.php","name":"Spectra"}]},"id-71496":{"title":"Services","featured-image-url":"https:\/\/websitedemos.net\/wp-content\/uploads\/2023\/02\/electrician-08-services.jpg","thumbnail-image-url":"https:\/\/websitedemos.net\/wp-content\/uploads\/2023\/02\/electrician-08-services-600x1935.jpg","astra-page-api-url":"https:\/\/websitedemos.net\/electrician-08\/wp-json\/wp\/v2\/pages\/1400","dynamic-page":"no","astra-page-url":"\/\/websitedemos.net\/electrician-08\/services\/","astra-sites-tag":{"425":"services"},"site-pages-type":"free","site-pages-page-builder":"gutenberg","site-pages-category":[],"site-pages-parent-category":{"60":"business","61":"free"},"required-plugins":[{"slug":"ultimate-addons-for-gutenberg","init":"ultimate-addons-for-gutenberg\/ultimate-addons-for-gutenberg.php","name":"Spectra"}]},"id-71494":{"title":"FAQ","featured-image-url":"https:\/\/websitedemos.net\/wp-content\/uploads\/2023\/02\/electrician-08-faq.jpg","thumbnail-image-url":"https:\/\/websitedemos.net\/wp-content\/uploads\/2023\/02\/electrician-08-faq-600x1139.jpg","astra-page-api-url":"https:\/\/websitedemos.net\/electrician-08\/wp-json\/wp\/v2\/pages\/1401","dynamic-page":"no","astra-page-url":"\/\/websitedemos.net\/electrician-08\/faq\/","astra-sites-tag":{"426":"faq"},"site-pages-type":"free","site-pages-page-builder":"gutenberg","site-pages-category":[],"site-pages-parent-category":{"60":"business","61":"free"},"required-plugins":[{"slug":"ultimate-addons-for-gutenberg","init":"ultimate-addons-for-gutenberg\/ultimate-addons-for-gutenberg.php","name":"Spectra"}]},"id-71493":{"title":"Contact","featured-image-url":"https:\/\/websitedemos.net\/wp-content\/uploads\/2023\/02\/electrician-08-contact.jpg","thumbnail-image-url":"https:\/\/websitedemos.net\/wp-content\/uploads\/2023\/02\/electrician-08-contact-600x1159.jpg","astra-page-api-url":"https:\/\/websitedemos.net\/electrician-08\/wp-json\/wp\/v2\/pages\/1402","dynamic-page":"no","astra-page-url":"\/\/websitedemos.net\/electrician-08\/contact\/","astra-sites-tag":{"415":"contact"},"site-pages-type":"free","site-pages-page-builder":"gutenberg","site-pages-category":[],"site-pages-parent-category":{"60":"business","61":"free"},"required-plugins":[{"slug":"ultimate-addons-for-gutenberg","init":"ultimate-addons-for-gutenberg\/ultimate-addons-for-gutenberg.php","name":"Spectra"}]}},"related-bb-template":"","related-elementor-template":"","related-gutenberg-template":"","related_ecommerce_template":"","ecommerce_parent_template":""},"id-71341":{"title":"Language Tutors","id":71341,"publish-date":1676036408,"featured-image-url":"https:\/\/websitedemos.net\/wp-content\/uploads\/2023\/02\/language-tutors-08.jpg","thumbnail-image-url":"https:\/\/websitedemos.net\/wp-content\/uploads\/2023\/02\/language-tutors-08-600x2736.jpg","fullpage-thumbnail-image-url":"https:\/\/websitedemos.net\/wp-content\/uploads\/2023\/02\/language-tutors-08-400x1824.jpg","astra-site-url":"\/\/websitedemos.net\/language-tutors-08","astra-site-parent-id":3081,"astra-sites-tag":{"2747":"language","2749":"language-tutor","719":"online-coaching","466":"online-courses","975":"online-learning","2748":"tutor","720":"tutorials"},"astra-sites-type":"free","astra-site-category":{"27":"business","39":"free"},"astra-sites-template-category":{"2772":"education","2835":"elearning","2873":"tutor"},"astra-site-page-builder":"gutenberg","categories":{"2494":"elearning"},"required-plugins":[{"slug":"ultimate-addons-for-gutenberg","init":"ultimate-addons-for-gutenberg\/ultimate-addons-for-gutenberg.php","name":"Spectra"},{"slug":"sureforms","init":"sureforms\/sureforms.php","name":"SureForms"}],"post-status":"publish","post-content":"","post-excerpt":"","pages":{"id-71345":{"title":"Home","featured-image-url":"https:\/\/websitedemos.net\/wp-content\/uploads\/2023\/02\/language-tutors-08.jpg","thumbnail-image-url":"https:\/\/websitedemos.net\/wp-content\/uploads\/2023\/02\/language-tutors-08-600x2736.jpg","astra-page-api-url":"https:\/\/websitedemos.net\/language-tutors-08\/wp-json\/wp\/v2\/pages\/320","dynamic-page":"no","astra-page-url":"\/\/websitedemos.net\/language-tutors-08\/","astra-sites-tag":{"423":"home"},"site-pages-type":"free","site-pages-page-builder":"gutenberg","site-pages-category":[],"site-pages-parent-category":{"60":"business","61":"free"},"required-plugins":[{"slug":"ultimate-addons-for-gutenberg","init":"ultimate-addons-for-gutenberg\/ultimate-addons-for-gutenberg.php","name":"Spectra"}]},"id-71342":{"title":"About","featured-image-url":"https:\/\/websitedemos.net\/wp-content\/uploads\/2023\/02\/language-tutors-08-about.jpg","thumbnail-image-url":"https:\/\/websitedemos.net\/wp-content\/uploads\/2023\/02\/language-tutors-08-about-600x1809.jpg","astra-page-api-url":"https:\/\/websitedemos.net\/language-tutors-08\/wp-json\/wp\/v2\/pages\/327","dynamic-page":"no","astra-page-url":"\/\/websitedemos.net\/language-tutors-08\/about\/","astra-sites-tag":{"352":"about"},"site-pages-type":"free","site-pages-page-builder":"gutenberg","site-pages-category":[],"site-pages-parent-category":{"60":"business","61":"free"},"required-plugins":[{"slug":"ultimate-addons-for-gutenberg","init":"ultimate-addons-for-gutenberg\/ultimate-addons-for-gutenberg.php","name":"Spectra"}]},"id-71344":{"title":"Courses","featured-image-url":"https:\/\/websitedemos.net\/wp-content\/uploads\/2023\/02\/language-tutors-08-courses.jpg","thumbnail-image-url":"https:\/\/websitedemos.net\/wp-content\/uploads\/2023\/02\/language-tutors-08-courses-600x1477.jpg","astra-page-api-url":"https:\/\/websitedemos.net\/language-tutors-08\/wp-json\/wp\/v2\/pages\/323","dynamic-page":"no","astra-page-url":"\/\/websitedemos.net\/language-tutors-08\/courses\/","astra-sites-tag":{"462":"courses"},"site-pages-type":"free","site-pages-page-builder":"gutenberg","site-pages-category":[],"site-pages-parent-category":{"60":"business","61":"free"},"required-plugins":[{"slug":"ultimate-addons-for-gutenberg","init":"ultimate-addons-for-gutenberg\/ultimate-addons-for-gutenberg.php","name":"Spectra"}]},"id-71346":{"title":"Our Teachers","featured-image-url":"https:\/\/websitedemos.net\/wp-content\/uploads\/2023\/12\/language-tutors-08-our-teacher.jpg","thumbnail-image-url":"https:\/\/websitedemos.net\/wp-content\/uploads\/2023\/12\/language-tutors-08-our-teacher-600x1812.jpg","astra-page-api-url":"https:\/\/websitedemos.net\/language-tutors-08\/wp-json\/wp\/v2\/pages\/325","dynamic-page":"no","astra-page-url":"\/\/websitedemos.net\/language-tutors-08\/our-teachers\/","astra-sites-tag":{"2751":"our-teachers"},"site-pages-type":"free","site-pages-page-builder":"gutenberg","site-pages-category":[],"site-pages-parent-category":{"60":"business","61":"free"},"required-plugins":[{"slug":"ultimate-addons-for-gutenberg","init":"ultimate-addons-for-gutenberg\/ultimate-addons-for-gutenberg.php","name":"Spectra"}]},"id-71343":{"title":"Contact","featured-image-url":"https:\/\/websitedemos.net\/wp-content\/uploads\/2023\/02\/language-tutors-08-contact.jpg","thumbnail-image-url":"https:\/\/websitedemos.net\/wp-content\/uploads\/2023\/02\/language-tutors-08-contact-600x1246.jpg","astra-page-api-url":"https:\/\/websitedemos.net\/language-tutors-08\/wp-json\/wp\/v2\/pages\/329","dynamic-page":"no","astra-page-url":"\/\/websitedemos.net\/language-tutors-08\/contact\/","astra-sites-tag":{"415":"contact"},"site-pages-type":"free","site-pages-page-builder":"gutenberg","site-pages-category":[],"site-pages-parent-category":{"60":"business","61":"free"},"required-plugins":[{"slug":"ultimate-addons-for-gutenberg","init":"ultimate-addons-for-gutenberg\/ultimate-addons-for-gutenberg.php","name":"Spectra"},{"slug":"sureforms","init":"sureforms\/sureforms.php","name":"SureForms"}]}},"related-bb-template":"","related-elementor-template":"","related-gutenberg-template":"","related_ecommerce_template":"","ecommerce_parent_template":""},"id-87556":{"title":"Fashion Influencer","id":87556,"publish-date":1709126846,"featured-image-url":"https:\/\/websitedemos.net\/wp-content\/uploads\/2024\/02\/fashion-influencer-07.jpg","thumbnail-image-url":"https:\/\/websitedemos.net\/wp-content\/uploads\/2024\/02\/fashion-influencer-07-600x3944.jpg","fullpage-thumbnail-image-url":"https:\/\/websitedemos.net\/wp-content\/uploads\/2024\/02\/fashion-influencer-07-400x2629.jpg","astra-site-url":"\/\/websitedemos.net\/fashion-influencer-07","astra-site-parent-id":3545,"astra-sites-tag":{"1652":"blogger","1654":"content-creator","2164":"fashion-blogger","2161":"fashion-influencer","1547":"influencer","2162":"lifestyle-blogger","2166":"luxury-influencer","2163":"social-media-influencer","2165":"style-influencer"},"astra-sites-type":"agency-mini","astra-site-category":{"37":"blog"},"astra-sites-template-category":{"2790":"beauty-fashion","2828":"blog","2890":"makeup-cosmetic","2770":"personal","2768":"portfolio"},"astra-site-page-builder":"gutenberg","categories":{"2479":"beauty","2497":"blog"},"required-plugins":[{"slug":"astra-addon","init":"astra-addon\/astra-addon.php","name":"Astra Pro"},{"slug":"ultimate-addons-for-gutenberg","init":"ultimate-addons-for-gutenberg\/ultimate-addons-for-gutenberg.php","name":"Spectra"},{"slug":"sureforms","init":"sureforms\/sureforms.php","name":"SureForms"}],"post-status":"publish","post-content":"","post-excerpt":"","pages":{"id-87560":{"title":"Home","featured-image-url":"https:\/\/websitedemos.net\/wp-content\/uploads\/2024\/02\/fashion-influencer-07.jpg","thumbnail-image-url":"https:\/\/websitedemos.net\/wp-content\/uploads\/2024\/02\/fashion-influencer-07-600x3944.jpg","astra-page-api-url":"https:\/\/websitedemos.net\/fashion-influencer-07\/wp-json\/wp\/v2\/pages\/1011","dynamic-page":"no","astra-page-url":"\/\/websitedemos.net\/fashion-influencer-07\/","astra-sites-tag":{"423":"home"},"site-pages-type":"agency-mini","site-pages-page-builder":"gutenberg","site-pages-category":[],"site-pages-parent-category":{"74":"blog"},"required-plugins":[{"slug":"astra-addon","init":"astra-addon\/astra-addon.php","name":"Astra Pro"},{"slug":"ultimate-addons-for-gutenberg","init":"ultimate-addons-for-gutenberg\/ultimate-addons-for-gutenberg.php","name":"Spectra"},{"slug":"sureforms","init":"sureforms\/sureforms.php","name":"SureForms"}]},"id-87562":{"title":"Shoots","featured-image-url":"https:\/\/websitedemos.net\/wp-content\/uploads\/2024\/02\/fashion-influencer-07-shoots.jpg","thumbnail-image-url":"https:\/\/websitedemos.net\/wp-content\/uploads\/2024\/02\/fashion-influencer-07-shoots-600x2037.jpg","astra-page-api-url":"https:\/\/websitedemos.net\/fashion-influencer-07\/wp-json\/wp\/v2\/pages\/1014","dynamic-page":"no","astra-page-url":"\/\/websitedemos.net\/fashion-influencer-07\/shoots\/","astra-sites-tag":{"2023":"shoots"},"site-pages-type":"agency-mini","site-pages-page-builder":"gutenberg","site-pages-category":[],"site-pages-parent-category":{"74":"blog"},"required-plugins":[{"slug":"astra-addon","init":"astra-addon\/astra-addon.php","name":"Astra Pro"},{"slug":"ultimate-addons-for-gutenberg","init":"ultimate-addons-for-gutenberg\/ultimate-addons-for-gutenberg.php","name":"Spectra"}]},"id-87561":{"title":"Lookbook","featured-image-url":"https:\/\/websitedemos.net\/wp-content\/uploads\/2024\/02\/fashion-influencer-07-lookbook.jpg","thumbnail-image-url":"https:\/\/websitedemos.net\/wp-content\/uploads\/2024\/02\/fashion-influencer-07-lookbook-600x1814.jpg","astra-page-api-url":"https:\/\/websitedemos.net\/fashion-influencer-07\/wp-json\/wp\/v2\/pages\/1016","dynamic-page":"no","astra-page-url":"\/\/websitedemos.net\/fashion-influencer-07\/lookbook\/","astra-sites-tag":{"752":"lookbook"},"site-pages-type":"agency-mini","site-pages-page-builder":"gutenberg","site-pages-category":[],"site-pages-parent-category":{"74":"blog"},"required-plugins":[{"slug":"astra-addon","init":"astra-addon\/astra-addon.php","name":"Astra Pro"},{"slug":"ultimate-addons-for-gutenberg","init":"ultimate-addons-for-gutenberg\/ultimate-addons-for-gutenberg.php","name":"Spectra"}]},"id-87557":{"title":"About Me","featured-image-url":"https:\/\/websitedemos.net\/wp-content\/uploads\/2024\/02\/fashion-influencer-07-about-me.jpg","thumbnail-image-url":"https:\/\/websitedemos.net\/wp-content\/uploads\/2024\/02\/fashion-influencer-07-about-me-600x1798.jpg","astra-page-api-url":"https:\/\/websitedemos.net\/fashion-influencer-07\/wp-json\/wp\/v2\/pages\/1018","dynamic-page":"no","astra-page-url":"\/\/websitedemos.net\/fashion-influencer-07\/about-me\/","astra-sites-tag":{"352":"about"},"site-pages-type":"agency-mini","site-pages-page-builder":"gutenberg","site-pages-category":[],"site-pages-parent-category":{"74":"blog"},"required-plugins":[{"slug":"astra-addon","init":"astra-addon\/astra-addon.php","name":"Astra Pro"},{"slug":"ultimate-addons-for-gutenberg","init":"ultimate-addons-for-gutenberg\/ultimate-addons-for-gutenberg.php","name":"Spectra"}]},"id-87558":{"title":"Contact","featured-image-url":"https:\/\/websitedemos.net\/wp-content\/uploads\/2024\/02\/fashion-influencer-07-contact.jpg","thumbnail-image-url":"https:\/\/websitedemos.net\/wp-content\/uploads\/2024\/02\/fashion-influencer-07-contact-600x821.jpg","astra-page-api-url":"https:\/\/websitedemos.net\/fashion-influencer-07\/wp-json\/wp\/v2\/pages\/1022","dynamic-page":"no","astra-page-url":"\/\/websitedemos.net\/fashion-influencer-07\/contact\/","astra-sites-tag":{"415":"contact"},"site-pages-type":"agency-mini","site-pages-page-builder":"gutenberg","site-pages-category":[],"site-pages-parent-category":{"74":"blog"},"required-plugins":[{"slug":"astra-addon","init":"astra-addon\/astra-addon.php","name":"Astra Pro"},{"slug":"ultimate-addons-for-gutenberg","init":"ultimate-addons-for-gutenberg\/ultimate-addons-for-gutenberg.php","name":"Spectra"},{"slug":"sureforms","init":"sureforms\/sureforms.php","name":"SureForms"}]}},"related-bb-template":"","related-elementor-template":"","related-gutenberg-template":"","related_ecommerce_template":"","ecommerce_parent_template":""},"id-71334":{"title":"Real Estate Consultant","id":71334,"publish-date":1675775296,"featured-image-url":"https:\/\/websitedemos.net\/wp-content\/uploads\/2023\/02\/real-estate-consultant-08.jpg","thumbnail-image-url":"https:\/\/websitedemos.net\/wp-content\/uploads\/2023\/02\/real-estate-consultant-08-600x2702.jpg","fullpage-thumbnail-image-url":"https:\/\/websitedemos.net\/wp-content\/uploads\/2023\/02\/real-estate-consultant-08-400x1801.jpg","astra-site-url":"\/\/websitedemos.net\/real-estate-consultant-08","astra-site-parent-id":3080,"astra-sites-tag":{"2311":"construction-agency","2088":"construction-company","2313":"property-rentals","485":"real-estate","2310":"real-estate-agency","2535":"real-estate-consultant","2314":"real-estate-developers","2312":"sales-property"},"astra-sites-type":"free","astra-site-category":{"27":"business","39":"free"},"astra-sites-template-category":{"2794":"consulting","2778":"real-estate","2831":"service"},"astra-site-page-builder":"gutenberg","categories":{"2483":"expert-services","2484":"real-estate"},"required-plugins":[{"slug":"ultimate-addons-for-gutenberg","init":"ultimate-addons-for-gutenberg\/ultimate-addons-for-gutenberg.php","name":"Spectra"},{"slug":"sureforms","init":"sureforms\/sureforms.php","name":"SureForms"}],"post-status":"publish","post-content":"","post-excerpt":"","pages":{"id-71337":{"title":"Home","featured-image-url":"https:\/\/websitedemos.net\/wp-content\/uploads\/2023\/02\/real-estate-consultant-08.jpg","thumbnail-image-url":"https:\/\/websitedemos.net\/wp-content\/uploads\/2023\/02\/real-estate-consultant-08-600x2702.jpg","astra-page-api-url":"https:\/\/websitedemos.net\/real-estate-consultant-08\/wp-json\/wp\/v2\/pages\/701","dynamic-page":"no","astra-page-url":"\/\/websitedemos.net\/real-estate-consultant-08\/","astra-sites-tag":{"423":"home"},"site-pages-type":"free","site-pages-page-builder":"gutenberg","site-pages-category":[],"site-pages-parent-category":{"60":"business","61":"free"},"required-plugins":[{"slug":"ultimate-addons-for-gutenberg","init":"ultimate-addons-for-gutenberg\/ultimate-addons-for-gutenberg.php","name":"Spectra"},{"slug":"sureforms","init":"sureforms\/sureforms.php","name":"SureForms"}]},"id-71335":{"title":"About Me","featured-image-url":"https:\/\/websitedemos.net\/wp-content\/uploads\/2023\/02\/real-estate-consultant-08-about-me.jpg","thumbnail-image-url":"https:\/\/websitedemos.net\/wp-content\/uploads\/2023\/02\/real-estate-consultant-08-about-me-600x1324.jpg","astra-page-api-url":"https:\/\/websitedemos.net\/real-estate-consultant-08\/wp-json\/wp\/v2\/pages\/705","dynamic-page":"no","astra-page-url":"\/\/websitedemos.net\/real-estate-consultant-08\/about-me\/","astra-sites-tag":{"1007":"about-me"},"site-pages-type":"free","site-pages-page-builder":"gutenberg","site-pages-category":[],"site-pages-parent-category":{"60":"business","61":"free"},"required-plugins":[{"slug":"ultimate-addons-for-gutenberg","init":"ultimate-addons-for-gutenberg\/ultimate-addons-for-gutenberg.php","name":"Spectra"}]},"id-71339":{"title":"Services","featured-image-url":"https:\/\/websitedemos.net\/wp-content\/uploads\/2023\/02\/real-estate-consultant-08-service.jpg","thumbnail-image-url":"https:\/\/websitedemos.net\/wp-content\/uploads\/2023\/02\/real-estate-consultant-08-service-600x1228.jpg","astra-page-api-url":"https:\/\/websitedemos.net\/real-estate-consultant-08\/wp-json\/wp\/v2\/pages\/703","dynamic-page":"no","astra-page-url":"\/\/websitedemos.net\/real-estate-consultant-08\/services\/","astra-sites-tag":{"425":"services"},"site-pages-type":"free","site-pages-page-builder":"gutenberg","site-pages-category":[],"site-pages-parent-category":{"60":"business","61":"free"},"required-plugins":[{"slug":"ultimate-addons-for-gutenberg","init":"ultimate-addons-for-gutenberg\/ultimate-addons-for-gutenberg.php","name":"Spectra"}]},"id-71338":{"title":"Reviews","featured-image-url":"https:\/\/websitedemos.net\/wp-content\/uploads\/2023\/02\/real-estate-consultant-08-reviews.jpg","thumbnail-image-url":"https:\/\/websitedemos.net\/wp-content\/uploads\/2023\/02\/real-estate-consultant-08-reviews-600x1107.jpg","astra-page-api-url":"https:\/\/websitedemos.net\/real-estate-consultant-08\/wp-json\/wp\/v2\/pages\/707","dynamic-page":"no","astra-page-url":"\/\/websitedemos.net\/real-estate-consultant-08\/reviews\/","astra-sites-tag":{"1615":"reviews"},"site-pages-type":"free","site-pages-page-builder":"gutenberg","site-pages-category":[],"site-pages-parent-category":{"60":"business","61":"free"},"required-plugins":[{"slug":"ultimate-addons-for-gutenberg","init":"ultimate-addons-for-gutenberg\/ultimate-addons-for-gutenberg.php","name":"Spectra"}]},"id-71336":{"title":"Contact","featured-image-url":"https:\/\/websitedemos.net\/wp-content\/uploads\/2023\/02\/real-estate-consultant-08-contact.jpg","thumbnail-image-url":"https:\/\/websitedemos.net\/wp-content\/uploads\/2023\/02\/real-estate-consultant-08-contact-600x1112.jpg","astra-page-api-url":"https:\/\/websitedemos.net\/real-estate-consultant-08\/wp-json\/wp\/v2\/pages\/709","dynamic-page":"no","astra-page-url":"\/\/websitedemos.net\/real-estate-consultant-08\/contact\/","astra-sites-tag":{"415":"contact"},"site-pages-type":"free","site-pages-page-builder":"gutenberg","site-pages-category":[],"site-pages-parent-category":{"60":"business","61":"free"},"required-plugins":[{"slug":"ultimate-addons-for-gutenberg","init":"ultimate-addons-for-gutenberg\/ultimate-addons-for-gutenberg.php","name":"Spectra"},{"slug":"sureforms","init":"sureforms\/sureforms.php","name":"SureForms"}]}},"related-bb-template":"","related-elementor-template":"","related-gutenberg-template":"","related_ecommerce_template":"","ecommerce_parent_template":""}}